id,z_phot,z_phot16,z_phot84,lbol,r_eff_50_phys,z_dist_proxy,log_Sigma,log_Reff,log_lbol,z_asym_norm,density_group,size_group
1072,8.90596,8.568745,9.051126,46.376475179281314,78.83757820174078,0.48238100000000017,-2.624318685058791,1.8967332747934187,1.6662977372221803,0.3981272065027452,Q3 (high Σ),Q2 (small)
1381,5.6625967,3.9988518,5.6900406,45.02834459052886,120.01283584270938,1.6911887999999995,-3.0021192877728673,2.07922769802712,1.6534859809755065,0.9675448418296057,Q2 (low Σ),Q4 (largest)
1470,5.3967586,5.306068,5.457796,44.399084466096475,146.5718278440177,0.1517280000000003,-3.1818768655092193,2.1660505038137066,1.6473740148123281,0.19543657070547432,Q1 (lowest Σ),Q4 (largest)
1544,5.463462,5.448576,5.482042,44.45207669675999,120.55093383660046,0.033465999999999774,-3.0115989755910615,2.0811705789483272,1.6478920549997274,-0.11038068487421064,Q1 (lowest Σ),Q4 (largest)
1939,4.3620567,4.0643554,4.535704,44.59130957002923,99.5346059965892,0.4713485999999998,-2.8438478489840993,1.9979741016542318,1.6492502270184979,0.26318949499372685,Q2 (low Σ),Q3 (large)
3992,5.6593285,5.641146,5.680824,45.24770545530177,79.56723036871635,0.039678000000000324,-2.6430217941916534,1.9007342411009474,1.6555965607043752,-0.08349715207420526,Q3 (high Σ),Q2 (small)
7991,5.655741,5.6563582,7.038401,45.93179992781693,127.5731514212076,1.3820428000000007,-3.0465549762074993,2.1057592839736166,1.6621134644338678,-1.0008931706022415,Q1 (lowest Σ),Q4 (largest)
8559,7.9365425,7.8029203,8.026242,46.69579380897957,85.23854166436611,0.22332169999999962,-2.689144131699127,1.930636010815317,1.669277762625641,0.19667905089384333,Q3 (high Σ),Q2 (small)
10404,5.6559963,5.6338143,5.683741,45.59588092944524,83.28728747516016,0.049926700000000324,-2.6793816980067855,1.920578718084892,1.6589256108571322,-0.11141733781724887,Q3 (high Σ),Q2 (small)
11219,5.4287095,5.3946824,5.4617147,45.8993461076991,69.45012848458238,0.06703230000000016,-2.5186894812300653,1.8416730535307044,1.6618064985254777,0.015244889404070303,Q4 (highest Σ),Q1 (smallest)
14419,4.8167844,4.742775,5.0839877,44.527445141435194,101.3688073269726,0.3412126999999998,-2.860330768942951,2.0059043367543827,1.6486277772599482,-0.5661978584032746,Q2 (low Σ),Q3 (large)
15257,6.9201365,5.4584985,6.984527,45.176160720308175,96.35690251750648,1.5260284999999998,-2.8100062144002447,1.9838828307495502,1.6549093197929898,0.9156103572115462,Q2 (low Σ),Q3 (large)
16999,4.2059326,4.036469,4.3561344,45.218479343601494,123.57814740257558,0.3196653999999999,-3.0257172799428522,2.0919416802872877,1.6553159533258568,0.060256130316258476,Q1 (lowest Σ),Q4 (largest)
18804,4.3172913,4.0484204,4.3846164,45.080679388561705,104.11764122760248,0.3361959999999993,-2.8782080615547967,2.017524320660401,1.6539904524601403,0.5994889885661945,Q2 (low Σ),Q3 (large)
18892,4.729469,4.5304947,4.7732325,44.431549491761906,90.50174813927704,0.24273779999999956,-2.7627723500501284,1.9566569681544752,1.647691458952956,0.6394175114053112,Q3 (high Σ),Q2 (small)
19416,5.433182,5.3762856,5.471845,44.78734231080007,167.72615035565858,0.09555939999999996,-3.2951961389639335,2.2246007791819897,1.6511552920941794,0.19080697451010187,Q1 (lowest Σ),Q4 (largest)
21108,7.1364045,7.1396646,8.938638,45.80187686424168,81.31058340571161,1.7989733999999995,-2.6565607521559125,1.9101470771507543,1.6608832748397302,-1.0036244004497226,Q3 (high Σ),Q2 (small)
22773,4.401274,4.3050737,4.6128063,44.71586032302294,101.92125161603352,0.3077325999999996,-2.8632177783150623,2.008264748258536,1.6504615908961433,-0.3747799225691415,Q2 (low Σ),Q3 (large)
23575,5.6605954,5.6489077,5.6829195,45.11678358123938,95.52958794710352,0.034011800000000036,-2.8030875508535136,1.9801379044841074,1.6543381308088354,-0.31272675953637274,Q2 (low Σ),Q3 (large)
24081,5.6564054,5.6350102,5.679735,45.12505477427064,77.0447797884074,0.04472480000000001,-2.6162185669969644,1.8867432181888715,1.6544177420749122,-0.04325117160949982,Q3 (high Σ),Q2 (small)
24100,4.991886,4.966451,5.3239007,45.01194926187989,86.23758336823218,0.3574497000000001,-2.7152152076369633,1.9356965777992163,1.6533278206556032,-0.8576862702640407,Q3 (high Σ),Q2 (small)
29106,5.2048426,5.137303,5.2251773,44.92430182089689,114.10112156484168,0.08787430000000018,-2.9592483630665005,2.05728991336675,1.6524813363611335,0.5371866404625648,Q2 (low Σ),Q3 (large)
29110,7.1287746,6.862134,7.7414513,45.52570184121864,100.54216119836272,0.8793172999999994,-2.8435896556196,2.0023482163449646,1.6582566497644626,-0.39352813824998134,Q2 (low Σ),Q3 (large)
31581,4.1634083,4.042562,4.6560383,43.284262627548024,84.0964646424577,0.6134762999999994,-2.710375326716132,1.924777738740302,1.636330023458606,-0.6060278123213552,Q3 (high Σ),Q2 (small)
31645,4.7559195,4.652053,5.4521637,44.477834858454386,113.68773652076456,0.8001106999999994,-2.9604334745418424,2.0557136199330657,1.6481436380184225,-0.7403696763460363,Q2 (low Σ),Q3 (large)
32025,4.0433307,3.85347,4.2463555,44.25912070760635,84.81280966663823,0.3928854999999998,-2.7080699924968115,1.928461450693029,1.6460027815833804,-0.033506199643406474,Q3 (high Σ),Q2 (small)
32237,4.6121683,4.489664,4.719535,45.10744179033904,75.56104237564186,0.22987099999999927,-2.5994975562366185,1.8782979404470803,1.6542481973516756,0.0658525868856925,Q3 (high Σ),Q2 (small)
32986,4.152747,3.967366,4.1813374,43.34474066830301,88.70998326951835,0.21397140000000014,-2.756158458461775,1.9479724973389314,1.6369364089102216,0.7327642853203694,Q3 (high Σ),Q2 (small)
33332,4.5419765,4.3566737,4.600732,44.41585063544875,151.4941816207269,0.24405829999999984,-3.210403795479137,2.18039595337604,1.6475379839670772,0.5185125849028677,Q1 (lowest Σ),Q4 (largest)
33774,7.137637,7.1048284,7.169101,45.88339944965295,130.27219633898406,0.06427260000000068,-3.0651977563697597,2.1148517352442044,1.6616555868127834,0.020920267734609456,Q1 (lowest Σ),Q4 (largest)
35111,5.6563144,5.6359606,5.6770415,45.33600475701811,110.39002628754632,0.041080899999999865,-2.9265663010173633,2.0429298367631703,1.6564432452031106,-0.00908694794901769,Q2 (low Σ),Q3 (large)
36327,7.861698,6.1573277,8.024014,44.50352217986337,99.20324935216414,1.8666862999999996,-2.8418072835834756,1.9965258974828402,1.6483943840763386,0.8260918291412974,Q2 (low Σ),Q3 (large)
42014,4.551596,4.3562975,4.77851,43.842032938844355,191.7669702235892,0.42221249999999966,-3.420806802219418,2.2827738067714654,1.641890684017647,-0.0748805400124346,Q1 (lowest Σ),Q4 (largest)
42859,6.580927,6.420751,6.610401,45.11499437382575,79.06514917711044,0.18965000000000032,-2.638799154513573,1.89798509468169,1.6543209075439407,0.6891747956762415,Q3 (high Σ),Q2 (small)
43738,5.090068,5.0624433,5.212001,45.41512111110986,93.7992621780625,0.1495576999999999,-2.784348240502705,1.9721994222462678,1.6572004766839645,-0.6305813742789621,Q3 (high Σ),Q3 (large)
43932,4.235388,4.013985,4.4050517,44.25183242633032,124.4399173826422,0.39106669999999966,-3.0411380417715965,2.0949597141027336,1.6459312591280046,0.13230300611123705,Q1 (lowest Σ),Q4 (largest)
44053,5.438139,5.410855,7.1439586,45.215562939052894,126.5139810188023,1.7331036000000006,-3.046138974277201,2.1021385219055455,1.655287942228024,-0.9685142884706952,Q1 (lowest Σ),Q4 (largest)
44681,4.5811663,4.4078593,4.7221723,44.406467952690285,82.07716409557993,0.3143130000000003,-2.6781483263484334,1.9142223424203015,1.6474462311863036,0.10276698704793805,Q3 (high Σ),Q2 (small)
46085,4.78585,4.7541795,4.8134418,45.13042996617439,75.19261660062519,0.059262299999999435,-2.5950307974381617,1.8761751979449321,1.6544694711458365,0.06882453094125658,Q3 (high Σ),Q2 (small)
48927,7.907303,7.6139226,8.168864,45.63492865238562,88.70323407788338,0.5549413999999988,-2.7337314054049746,1.9479394542914108,1.6592973758719811,0.057338306350904616,Q3 (high Σ),Q2 (small)
52141,7.130078,7.0394573,7.857835,45.99454201600438,83.40011570308987,0.8183777000000001,-2.676776880194903,1.9211666531458755,1.662706298790982,-0.7785357543344582,Q3 (high Σ),Q2 (small)
52856,6.320852,6.1302104,6.4413333,43.99930545748256,130.3689840091876,0.3111229,-3.084052613621682,2.1151742809981924,1.6434458210688359,0.2255067049066475,Q1 (lowest Σ),Q4 (largest)
53667,4.5639205,4.5418167,4.7304063,44.56890366374977,139.53292252148583,0.18858960000000025,-3.1374713028243155,2.1446766906381334,1.6490319511460854,-0.765588346335111,Q1 (lowest Σ),Q4 (largest)
54143,4.7315016,4.356505,4.7665987,44.374799891127545,135.45754054007486,0.4100937,-3.1136198370719534,2.131803185993724,1.6471364076096284,0.8288337518962098,Q1 (lowest Σ),Q4 (largest)
54603,5.651867,5.620311,5.6765356,45.14115252011275,120.81149651493617,0.05622460000000018,-3.0067937577302115,2.082108264048586,1.6545726430610945,0.12249798131067322,Q2 (low Σ),Q4 (largest)
55902,8.670386,8.46465,8.837678,46.27189689771328,76.45530737967627,0.3730279999999997,-2.59864784645929,1.883407638678382,1.6653173035916078,0.10305928777464474,Q3 (high Σ),Q2 (small)
56783,5.3133664,5.2600517,5.4098573,44.859632574166895,87.9203147264202,0.14980559999999965,-2.733472628656012,1.944089234052638,1.6518557121433977,-0.2882148597916269,Q3 (high Σ),Q2 (small)
57469,5.667973,5.648212,5.67938,45.901350994196925,105.37355869003378,0.031168000000000085,-2.880787699272053,2.022731647350512,1.6618254681231055,0.2680313141683691,Q2 (low Σ),Q3 (large)
57944,5.28979,5.2574644,5.3149576,44.906090933977296,79.15001961700119,0.05749319999999969,-2.641746674904703,1.8984510268364583,1.652305251462347,0.12450168019871012,Q3 (high Σ),Q2 (small)
61010,7.1341963,7.076422,7.9323378,44.742772534750166,145.64056178251772,0.8559158,-3.1729916715253967,2.163282345478721,1.6507228921261794,-0.8650000385551939,Q1 (lowest Σ),Q4 (largest)
61298,5.242596,5.220534,5.278592,44.922184457757055,85.42160650122935,0.05805799999999994,-2.707824475550149,1.9315677348273816,1.6524608667987482,-0.24000137793241078,Q3 (high Σ),Q2 (small)
61378,7.4582853,7.18051,7.4909124,45.35312963768855,117.58698040520518,0.3104024000000001,-2.9812610872853984,2.0703592379714344,1.6566072613516043,0.789775465653616,Q2 (low Σ),Q3 (large)
62716,5.386735,5.3428035,5.445907,44.973112464074845,88.86082499488971,0.10310350000000046,-2.741617609706971,1.9487103409672535,1.65295294492167,-0.14781748437249873,Q3 (high Σ),Q2 (small)
64273,7.13156,6.912109,7.648001,45.16994551421614,95.45100089901749,0.7358919999999998,-2.8018612795250717,1.97978048676469,1.6548495666984422,-0.40357824245949037,Q2 (low Σ),Q3 (large)
66007,4.5963383,4.322565,5.1510777,44.31240586508389,90.98577110551594,0.8285127000000001,-2.768571502927121,1.9589734800845153,1.6465253299360434,-0.3391210539078033,Q3 (high Σ),Q2 (small)
67270,5.6651006,5.6468515,5.6827793,45.15250506733122,82.00542927635038,0.03592779999999962,-2.670153235393083,1.9138426063679106,1.654681850036872,0.015876285216436543,Q3 (high Σ),Q2 (small)
68006,5.1602645,5.0913987,5.2148714,45.324322307396734,74.1397249355095,0.12347269999999977,-2.5809204943375197,1.8700509704282091,1.6563313192130322,0.11548220780788511,Q3 (high Σ),Q2 (small)
69921,5.6548767,3.7398355,5.641272,45.63454758004988,112.60075282301597,1.9014365,-2.940938711631308,2.051541294119135,1.6592937493010955,1.0143099177911017,Q2 (low Σ),Q3 (large)
69936,7.0339665,6.995873,7.1495824,45.63378113520249,78.70314772328626,0.15370940000000033,-2.629847622078167,1.895992102263971,1.6592864551439088,-0.5043439113027522,Q3 (high Σ),Q2 (small)
70423,5.4776564,2.205993,5.6787376,44.44768833039357,95.35114842972806,3.4727446,-2.807952550221686,1.9793259281496194,1.6478491787716862,0.8841946511125524,Q2 (low Σ),Q3 (large)
70813,4.7062697,4.6112947,4.75521,44.59105803194531,100.70344797393987,0.14391529999999975,-2.8539907766586174,2.003044340567722,1.6492477771709604,0.3198735645202418,Q2 (low Σ),Q3 (large)
71037,6.849483,6.072962,6.891432,45.7036248700976,68.42158433044855,0.8184699999999996,-2.507585478736604,1.8351931262361385,1.6599506464298073,0.8974941048541796,Q4 (highest Σ),Q1 (smallest)
71893,6.429184,5.7084055,6.6415253,44.937835358635304,134.07548138606464,0.9331198,-3.0992364538025514,2.1273493649335298,1.6526121487586423,0.5448788033433662,Q1 (lowest Σ),Q4 (largest)
4278,5.6582265,5.633438,5.680078,44.95604445568988,166.72576349784188,0.046640000000000015,-3.288367210464971,2.2220027148874544,1.652788092004072,0.06297169811319255,Q1 (lowest Σ),Q4 (largest)
6282,5.673777,5.6488457,5.687664,45.358567732265605,74.25574260142744,0.03881829999999997,-2.5819506314167278,1.8707300456481413,1.656659332573689,0.2845127169402293,Q3 (high Σ),Q2 (small)
9227,5.713857,5.677495,5.766107,44.630865890131304,165.23975068084368,0.08861199999999947,-3.2837436220139713,2.218114531027282,1.6496353127347267,-0.17929851487383697,Q1 (lowest Σ),Q4 (largest)
10696,5.6677623,5.647373,5.6844573,44.54897787202853,88.3758712353823,0.03708430000000007,-2.740979545080795,1.9463337082290453,1.6488377440714295,0.0996189762244229,Q3 (high Σ),Q2 (small)
11967,5.482298,5.350056,6.710068,45.011070952798974,133.1464167047015,1.3600119999999993,-3.092489492435603,2.1243294830069117,1.6533193462723546,-0.8055281865160016,Q1 (lowest Σ),Q4 (largest)
14086,7.127323,5.441244,7.147128,45.30666451987038,78.36029237983924,1.7058840000000002,-2.6291798776831024,1.8940960477759134,1.6561620905628585,0.9767803672465412,Q3 (high Σ),Q2 (small)
14487,7.1692533,7.0069613,7.4625435,45.02603779455422,141.4839957719728,0.4555821999999994,-3.1451007743403245,2.1507073166022406,1.653463731558291,-0.28754020679473385,Q1 (lowest Σ),Q4 (largest)
15393,5.68946,5.659401,5.9460554,44.07797773646327,123.6962826516061,0.28665439999999975,-3.0376415081087296,2.0923566483101794,1.6442216612057625,-0.7902770723212306,Q1 (lowest Σ),Q4 (largest)
15850,7.0456376,6.8909955,7.1198378,46.39097637244016,76.68805100667778,0.22884230000000017,-2.6001717606664663,1.884727700505309,1.666433513038285,0.35151674318952497,Q3 (high Σ),Q2 (small)
16083,4.57788,4.5403266,4.6972613,44.54384430841221,90.46193984352976,0.15693469999999987,-2.761293969889099,1.9564658964135244,1.6487876956320835,-0.5214136835256931,Q3 (high Σ),Q2 (small)
16408,4.574863,4.5220294,4.740056,44.60082383946506,91.36930141555192,0.21802659999999996,-2.7694076007402426,1.96080030442878,1.6493428808114512,-0.5153472099275996,Q3 (high Σ),Q3 (large)
16563,5.0219927,4.9464006,5.348527,45.19648364960499,70.93498214271098,0.4021264000000002,-2.543766152775997,1.8508604637411143,1.6551046474003654,-0.6240381133892201,Q4 (highest Σ),Q1 (smallest)
17813,5.226693,5.164284,5.269545,44.476127034495434,109.40921548419055,0.1052609999999996,-2.92713071858005,2.039053903947816,1.6481269620097154,0.1857953088038295,Q2 (low Σ),Q3 (large)
18893,4.8477397,4.7977743,4.873869,43.82570538272963,166.86677167428374,0.07609469999999963,-3.300160685522812,2.2223698638498712,1.6417289148710639,0.31324257799820093,Q1 (lowest Σ),Q4 (largest)
19462,4.365069,4.230365,6.2596855,43.784074278711806,94.0519368287005,2.0293205,-2.802569187756126,1.9733677434840153,1.6413161719060387,-0.8672422616338817,Q2 (low Σ),Q3 (large)
19946,5.974449,5.6627064,6.112001,44.67299303497486,87.65106225812531,0.4492946,-2.732619189558084,1.9427571837503692,1.650045050636788,0.3876979603137881,Q3 (high Σ),Q2 (small)
20187,6.6081676,6.536915,6.7627773,45.863721409238245,72.95404931448154,0.22586230000000018,-2.561779386788757,1.8630494024135487,1.6614692907324744,-0.3690615919522633,Q4 (highest Σ),Q1 (smallest)
21943,4.7154994,4.5712404,4.7767925,44.16644971617496,118.53507125803986,0.20555210000000024,-2.9997511126725684,2.073846865117126,1.6450924902558177,0.4036246771499756,Q2 (low Σ),Q4 (largest)
23571,4.760719,4.5230947,4.811995,43.69029471827781,102.9091919716332,0.2889002999999999,-2.8816732347787104,2.0124541681955397,1.6403849743065029,0.6450263291523084,Q2 (low Σ),Q3 (large)
26971,6.4066525,6.3416157,6.465545,44.79830651459673,133.57555911087675,0.12392929999999946,-3.0973422771719563,2.1257270006970574,1.6512615969162923,0.04957907452071388,Q1 (lowest Σ),Q4 (largest)
27072,4.957128,4.943915,4.964197,46.59575706911795,63.849597371654575,0.0202820000000008,-2.4391198263175045,1.8051581629961453,1.6683463723689196,0.3029287052558764,Q4 (highest Σ),Q1 (smallest)
27765,5.1726418,5.1333156,5.212574,45.10875502552641,83.07954313529999,0.07925839999999962,-2.681877230958121,1.9194940996304695,1.654260840996952,-0.007645877282412103,Q3 (high Σ),Q2 (small)
31668,5.6076913,5.4341836,5.7174525,45.495762608354575,65.8799880032613,0.2832689000000004,-2.4766859463681516,1.8187535114127458,1.6579709491514736,0.22503882353480958,Q4 (highest Σ),Q1 (smallest)
31770,5.77907,5.622505,5.8317294,45.84868051222367,65.86514684958436,0.2092244000000001,-2.4731343600347144,1.818655664442056,1.6613268415435312,0.4966227648400431,Q4 (highest Σ),Q1 (smallest)
32928,4.4581003,4.4134326,4.483596,45.31800454200084,88.29622998359365,0.07016340000000021,-2.7327634155725,1.9459421607431902,1.6562707786080146,0.2732478756730609,Q3 (high Σ),Q2 (small)
40209,5.4609075,2.0875363,5.47835,44.62796065179776,96.23145359555866,3.3908137,-2.814176923101376,1.9833170459495988,1.6496070414919555,0.9897119089733537,Q2 (low Σ),Q3 (large)
40642,4.63434,4.335391,4.726117,44.22669922925248,99.40246644881638,0.3907259999999999,-2.846259665955418,1.9973971605725795,1.645684527883875,0.5302232254828168,Q2 (low Σ),Q3 (large)
40799,7.681151,7.313635,7.8383183,45.89769968590529,72.90880432892983,0.5246833000000004,-2.5609189048324703,1.8627799760627228,1.661790919987109,0.4009060322674645,Q4 (highest Σ),Q1 (smallest)
42464,5.3674827,5.3295207,5.391062,45.91706188463195,104.96168627510784,0.06154130000000002,-2.877237380408436,2.0210307992999876,1.661974090885673,0.2337080952141167,Q2 (low Σ),Q3 (large)
43445,5.696871,5.6990414,6.3429327,43.58499888292897,150.07226935186785,0.6438913000000008,-3.210413733245208,2.1763004498709577,1.639337039190841,-1.006741510562419,Q1 (lowest Σ),Q4 (largest)
45179,7.1054926,7.054539,7.1398506,45.64953762247929,59.43450155455832,0.08531159999999982,-2.385790739429904,1.7740386248613926,1.659436382987015,0.19452923166368505,Q4 (highest Σ),Q1 (smallest)
47824,5.655495,5.622941,5.681624,45.59278502119888,104.23361021977952,0.05868300000000026,-2.874269311309221,2.0180077801858483,1.6588961217566092,0.10948656339996415,Q2 (low Σ),Q3 (large)
48498,4.453304,4.148948,4.711691,43.91211622383651,183.0793189388025,0.5627430000000002,-3.3798440817921445,2.26263928816825,1.6425843672384899,0.08168737771949247,Q1 (lowest Σ),Q4 (largest)
48540,5.656249,5.6599965,8.583762,43.89404614049595,129.66140636657602,2.9237655,-3.0803657125597637,2.1128107278478745,1.6424056158301192,-1.0025634750803374,Q1 (lowest Σ),Q4 (largest)
50325,6.427699,6.3556566,6.4906993,44.31072436232306,136.02620503510835,0.13504270000000052,-3.1178861869316776,2.1336225819426176,1.646508849647691,0.06695734015981132,Q1 (lowest Σ),Q4 (largest)
50988,4.526494,4.401496,4.6140428,45.45869859412608,112.92731964664192,0.21254680000000015,-2.94513091463233,2.052799020193271,1.657616998448346,0.17619272555502727,Q2 (low Σ),Q3 (large)
51514,4.43674,4.365272,4.6293116,45.390968712621714,100.43890060929056,0.26403960000000026,-2.843984322020335,2.0019019503378614,1.6569694513495217,-0.458656959031901,Q2 (low Σ),Q3 (large)
51855,4.651201,4.4488316,4.7215395,44.89487579758355,94.25044203453028,0.27270789999999945,-2.7935198897265257,1.9742833957235295,1.6521967744146673,0.4841476906242955,Q2 (low Σ),Q3 (large)
52084,7.07561,7.0225306,7.1263623,46.03041525911908,55.488546720226125,0.10383170000000064,-2.3225116808726662,1.7442033505187702,1.6630448928590078,0.02241223056157663,Q4 (highest Σ),Q1 (smallest)
52124,4.833804,4.7612166,5.261095,44.96137677023151,147.2682086334743,0.49987840000000006,-3.180528279532294,2.1681090041052737,1.6528396013723867,-0.7095797698000164,Q1 (lowest Σ),Q4 (largest)
54661,5.667634,5.655972,8.047465,45.842531661535126,121.9266954000634,2.3914930000000005,-3.008078885494006,2.0860988032037144,1.6612685936075562,-0.9902470966881364,Q1 (lowest Σ),Q4 (largest)
55423,5.408047,5.0477443,5.4920244,45.28190599566655,88.75092882326122,0.4442801000000003,-2.7375709876285352,1.9481729068618494,1.6559246987892975,0.6219619109656267,Q3 (high Σ),Q2 (small)
344,7.1353946,7.104387,8.371936,45.86760931211554,95.11385632924762,1.2675489999999998,-2.7921313484811425,1.9782437902179042,1.6615061046487998,-0.951074711904629,Q2 (low Σ),Q3 (large)
2480,4.684057,4.4026318,5.792029,44.04413933140996,168.19655201304698,1.3893972000000003,-3.304895922109102,2.225817088625652,1.643888127836335,-0.5948959735920007,Q1 (lowest Σ),Q4 (largest)
4620,5.7462945,4.8081326,5.8085933,45.30451539533148,81.08071303865651,1.0004606999999996,-2.6588435020126413,1.908917559303066,1.6561414892876247,0.875459775681344,Q3 (high Σ),Q2 (small)
7830,5.5453625,4.522011,5.721972,44.574569776414066,130.2652787861676,1.199961,-3.077720059066305,2.1148286732642285,1.6490871601562864,0.7056412666745009,Q1 (lowest Σ),Q4 (largest)
9104,6.0930605,5.7204733,6.298701,44.66242354706938,106.35932378958098,0.5782277000000002,-2.900758721935258,2.026775567514483,1.6499422857878416,0.2887213808677784,Q2 (low Σ),Q3 (large)
9791,5.0277753,5.0122695,5.381057,44.52712784949339,111.88804446545645,0.3687874999999998,-2.9460925571025482,2.0487836834892796,1.6486246825701452,-0.9159092973595923,Q2 (low Σ),Q3 (large)
11501,4.6799717,4.5810666,4.8929634,45.56318157708323,86.79155573125136,0.3118968000000004,-2.7154907766547436,1.93847747312905,1.6586140422974904,-0.3657831693047162,Q3 (high Σ),Q2 (small)
14258,5.4718714,5.443565,5.4969354,44.815712616158166,164.2733944448308,0.053370399999999485,-3.276854028607201,2.215567231229116,1.6514303065451643,0.06075277682011853,Q1 (lowest Σ),Q4 (largest)
17986,4.940114,4.906421,5.428306,45.359298301960415,70.42326572571035,0.5218850000000002,-2.5359158665197574,1.847716160662736,1.6566663274998479,-0.8708795999118564,Q4 (highest Σ),Q1 (smallest)
21488,5.413992,5.3823853,5.4623175,45.861489667357695,69.83585733604345,0.07993220000000001,-2.5238586535849654,1.844078469107335,1.6614481573238384,-0.20916226501959895,Q4 (highest Σ),Q1 (smallest)
22358,4.6764946,4.5681295,4.753891,43.671183064180056,105.99213398821126,0.1857614999999999,-2.907502187643019,2.0252736360923786,1.640194957235872,0.16671215510210122,Q2 (low Σ),Q3 (large)
23107,4.9525127,4.931435,5.068656,43.85085613759044,169.02787965091744,0.13722100000000026,-3.3110884829049647,2.2279583435482535,1.6419780768856767,-0.6927919196041399,Q1 (lowest Σ),Q4 (largest)
25430,7.1282,7.077977,7.1594224,45.81265614941842,73.30048856467192,0.08144540000000067,-2.5663781390897347,1.8651068693237194,1.6609854722518378,0.2332924879735257,Q4 (highest Σ),Q2 (small)
28931,7.9047303,6.3406844,7.998672,46.54689344293954,64.03652116954194,1.6579876000000002,-2.4421146324363363,1.8064277305253802,1.6678907013085578,0.8866798521291712,Q4 (highest Σ),Q1 (smallest)
29392,7.4709635,7.3058276,7.7810206,45.97135115744949,99.15001900293842,0.475193,-2.82724820783496,1.9962928017775343,1.6624872684142427,-0.3049733476713667,Q2 (low Σ),Q3 (large)
30157,4.726915,4.5406237,4.762221,43.619686184213826,140.7088541482793,0.2215973,-3.1541101887307454,2.14832142640954,1.6396825367824677,0.6813499081441852,Q1 (lowest Σ),Q4 (largest)
30191,4.036579,3.9649258,4.2770863,43.63315840314544,143.98042061934908,0.3121604999999996,-3.173940097919535,2.1583034379625374,1.6398166506996736,-0.5409207763314082,Q1 (lowest Σ),Q4 (largest)
30520,5.349781,5.0285106,5.394231,44.49896215695743,125.41466121274044,0.3657204000000007,-3.045496609213266,2.0983483093144972,1.6483498821098623,0.7569181265250708,Q1 (lowest Σ),Q4 (largest)
32880,4.7559557,4.4507537,4.833678,44.36809137714993,103.41219140791682,0.3829243,-2.879222608739904,2.014571741360198,1.6470707466746248,0.5940591913336418,Q2 (low Σ),Q3 (large)
33445,4.34576,4.1539474,4.5050545,43.84535013000579,148.13361631268566,0.3511071000000001,-3.1965335805429294,2.1706536251818442,1.6419235425148926,0.09261589982088303,Q1 (lowest Σ),Q4 (largest)
33898,4.545273,4.2995605,4.69123,44.14028855491225,109.44208787273796,0.3916694999999999,-2.9306834441264216,2.039184369673553,1.6448351679148183,0.2546930511566504,Q2 (low Σ),Q3 (large)
36872,7.135115,7.1244817,7.1666317,45.80524062331789,79.31382445272976,0.042150000000000354,-2.6349324872514135,1.8993488917345647,1.6609151689118498,-0.49545432977460496,Q3 (high Σ),Q2 (small)
37557,5.655718,5.6390715,5.671591,45.84695929949107,144.48232119913436,0.03251950000000026,-3.1554687558536387,2.1598147102387943,1.6613105373180834,0.023785728562868386,Q1 (lowest Σ),Q4 (largest)
37751,5.3592114,5.320074,5.398369,45.48732537350818,69.87817287995404,0.07829499999999978,-2.5279425530902584,1.8443415408654489,1.6578904013347728,-0.00025799859504330527,Q4 (highest Σ),Q1 (smallest)
37878,4.7731967,4.5939593,4.815888,44.26907788764392,141.10773680466824,0.2219287000000003,-3.150151049583506,2.149550826365681,1.6461004758419893,0.6152701295506136,Q1 (lowest Σ),Q4 (largest)
39711,5.461955,5.4250064,5.4843006,44.43538632199932,118.3386882015886,0.059294200000000075,-2.995674413933413,2.0731267507617717,1.6477289602842642,0.24628041191211344,Q2 (low Σ),Q4 (largest)
44435,5.1732736,5.1461225,5.1951075,44.325101728481634,98.62308043066938,0.048985000000000056,-2.83845725834175,1.9939785633254017,1.6466497410031873,0.10854751454527609,Q2 (low Σ),Q3 (large)
45383,4.8551655,4.265687,5.2944984,44.132558222199755,118.60664697163948,1.0288114000000004,-3.0006088268800517,2.074109028507276,1.6447591028286346,0.1459408400801158,Q2 (low Σ),Q4 (largest)
45637,4.5362873,4.3728466,4.569045,44.96644713110943,109.9240731348419,0.1961984000000001,-2.9264469228405967,2.0410928123938983,1.6528885746413338,0.6660757682019801,Q2 (low Σ),Q3 (large)
47509,5.659403,5.6376305,5.6756616,45.30803553078818,196.7753709572188,0.03803109999999954,-3.4289161198651548,2.293970739792804,1.6561752324145878,0.14498397364263646,Q1 (lowest Σ),Q4 (largest)
48686,4.843895,4.24566,5.2866354,43.79679120245192,188.83439301175304,1.0409753999999998,-3.407869773081523,2.2760810966087863,1.6414422928301833,0.14937394293851705,Q1 (lowest Σ),Q4 (largest)
48982,5.38785,5.351149,5.435551,45.079966135096285,86.64903684941646,0.08440199999999987,-2.7186937708906647,1.9377637396603407,1.6539835811241501,-0.1303286651975088,Q3 (high Σ),Q2 (small)
50716,7.8636265,7.0689373,8.02955,45.9216824163476,69.90504346274642,0.9606127000000004,-2.5241491020532436,1.844508510066492,1.6620177907738745,0.6545465201532299,Q4 (highest Σ),Q1 (smallest)
51593,4.457851,4.307861,4.6122627,44.5756439747154,98.23092206583677,0.30440169999999966,-2.832548687973042,1.9922482206651713,1.6490976260514343,-0.014525871570362378,Q2 (low Σ),Q3 (large)
52581,6.166954,5.9635644,6.3501344,45.46867675202326,77.02489447674957,0.38656999999999986,-2.612699781341803,1.8866311120107664,1.6577123153738638,0.052278241974284496,Q3 (high Σ),Q2 (small)
55634,6.879805,6.8439074,6.9133205,44.65229192609113,74.47756139010417,0.06941310000000023,-2.591357013608888,1.872025448153742,1.6498437553927292,0.03431772965045729,Q3 (high Σ),Q2 (small)
55783,4.6260314,4.5411806,4.71215,45.17508989809598,109.96452826156413,0.1709694000000006,-2.9247560781765314,2.0412526154795225,1.6548990254766478,-0.007415362047248302,Q2 (low Σ),Q3 (large)
57494,4.0239935,3.964375,4.162249,45.48754545616913,122.47714623353806,0.1978740000000001,-3.0153674872508622,2.088055058573076,1.6578925025894236,-0.39740946258730764,Q1 (lowest Σ),Q4 (largest)
59568,8.901577,8.57096,9.0467205,46.37644879811365,78.93528551401158,0.4757604999999998,-2.625394750874912,1.8972711841776586,1.666297490174539,0.3898463617723636,Q3 (high Σ),Q2 (small)
59880,5.663111,4.0713696,5.6959248,45.075477511127126,120.00611277187473,1.6245552000000005,-3.0016162732242444,2.079203368343297,1.6539403361564828,0.9596027269495054,Q2 (low Σ),Q4 (largest)
59971,5.3915443,5.058841,5.4519916,44.300690984416704,146.7388901779425,0.39315060000000024,-3.1838298326189514,2.166545230075963,1.6464105002271079,0.6924979893201194,Q1 (lowest Σ),Q4 (largest)
60046,5.462843,5.445072,5.482674,44.45040520273225,120.8085278514652,0.03760200000000058,-3.0134693326787847,2.082097592133727,1.6478757242828033,-0.05478431998295976,Q1 (lowest Σ),Q4 (largest)
60446,4.36605,4.098276,4.549941,44.55113809793497,100.02763199041787,0.4516649999999993,-2.8485310450115193,2.0001199876329028,1.6488588029484197,0.1857195045000192,Q2 (low Σ),Q3 (large)
62395,5.6591854,5.64075,5.6806526,45.24261786414534,79.42886599802144,0.039902600000000454,-2.6415588706085513,1.8999783621928836,1.65554772647135,-0.0759800113275714,Q3 (high Σ),Q2 (small)
66511,7.1307554,7.1025968,7.167341,46.888965102697576,111.28508555443562,0.0647442000000007,-2.9189531532971986,2.0464369640163644,1.671070647429664,-0.13015837712104086,Q2 (low Σ),Q3 (large)
67076,7.9367976,5.677146,8.016331,46.691284195010034,85.7376135588745,2.3391849999999996,-2.6942568359567947,1.9331713910869532,1.6692358189112457,0.9319990509515075,Q3 (high Σ),Q2 (small)
68947,5.6559973,5.6337605,5.6838627,45.596867065612415,82.59408137195713,0.05010219999999954,-2.672112723584362,1.916948927228437,1.6589350035666457,-0.11234237219123516,Q3 (high Σ),Q2 (small)
69772,5.4293756,5.3952494,5.462143,45.900065719599525,69.60870252850678,0.06689360000000022,-2.520663642942115,1.8426635388037214,1.6618133073594614,0.020312855041442094,Q4 (highest Σ),Q1 (smallest)
6756,7.136083,7.025532,7.178669,45.8251550425391,54.396483832198435,0.15313700000000008,-2.307187585641355,1.735570827977102,1.6611039430069827,0.4438182803633349,Q4 (highest Σ),Q1 (smallest)
9246,4.6044097,4.450684,4.826842,44.56754124857708,69.26564929034056,0.3761580000000002,-2.529167016816545,1.8405179096155098,1.6490186751086084,-0.18265356578884528,Q4 (highest Σ),Q1 (smallest)
12234,6.142212,5.97622,6.401966,45.423219681188336,57.94758580918855,0.4257460000000002,-2.3659426526513094,1.7630353472609979,1.6572779145648202,-0.22022990233613438,Q4 (highest Σ),Q1 (smallest)
12544,4.549665,4.4753647,4.6973696,43.74086607688362,83.87673704464756,0.22200489999999995,-2.703545549376736,1.9236415272884486,1.6408873778942952,-0.33064270203045065,Q3 (high Σ),Q2 (small)
13736,5.356953,4.9958086,5.399486,45.06049215488367,64.48052529472373,0.4036773999999994,-2.462211075514162,1.8094285668192216,1.653795930818415,0.7892723248812058,Q4 (highest Σ),Q1 (smallest)
14076,5.661391,5.6369333,5.682649,44.58161097780016,73.16689272624528,0.04571569999999969,-2.5766233381788073,1.8643146116754605,1.6491557578662475,0.06999127214503123,Q4 (highest Σ),Q1 (smallest)
19354,5.4279175,4.9884915,5.460921,44.85664388655694,63.349080495239264,0.4724294999999996,-2.4488037266171423,1.8017403155297709,1.6518267771365334,0.8602817986599078,Q4 (highest Σ),Q1 (smallest)
20010,8.934445,8.700926,9.021528,46.31687067254751,64.42038348903961,0.32060199999999917,-2.4494572750345527,1.8090233058093175,1.6657392092782164,0.45675323298045534,Q4 (highest Σ),Q1 (smallest)
20632,5.653135,5.213796,5.6540146,45.206166510521385,62.625804274768534,0.4402185999999997,-2.4354588250493867,1.7967533163579528,1.655197680360653,0.9960038035648644,Q4 (highest Σ),Q1 (smallest)
20897,4.533114,4.4341817,4.64145,44.950003835346465,66.4479321401957,0.20726829999999996,-2.489383080056323,1.8224814702437466,1.652729733125304,-0.045369697150983185,Q4 (highest Σ),Q1 (smallest)
22049,7.1350226,7.1239777,7.165127,45.85823895245412,55.6208414369509,0.04114929999999983,-2.3262076089969517,1.74523755462272,1.661417372942622,-0.4631792035344486,Q4 (highest Σ),Q1 (smallest)
22239,7.131442,7.081858,7.1808834,45.508658247970416,63.88495294759667,0.09902539999999949,-2.449853000024409,1.8053985792639429,1.6580940311976107,0.0014400345769805256,Q4 (highest Σ),Q1 (smallest)
23054,6.8682966,6.832023,7.3080564,45.27174315522322,64.28460296438449,0.4760333999999995,-2.4575365875901314,1.8081069659516409,1.6558272170072839,-0.847600609537064,Q4 (highest Σ),Q1 (smallest)
24464,5.655386,5.6330924,5.6806917,45.38797862456787,61.57873392283105,0.0475992999999999,-2.419070541903306,1.7894307554346582,1.6569408416601443,-0.06328034235796352,Q4 (highest Σ),Q1 (smallest)
28748,4.7529554,4.641189,4.787233,45.052664802125385,65.65756697521525,0.14604399999999984,-2.4779989594204412,1.8172847853562233,1.6537204839861392,0.5305853030593604,Q4 (highest Σ),Q1 (smallest)
29421,4.785098,4.748391,5.695939,44.50431842537272,70.82442982441934,0.9475480000000003,-2.5491138921973704,1.8501830868973086,1.6484021542913807,-0.9225221308049834,Q4 (highest Σ),Q1 (smallest)
30600,4.025932,3.7714133,4.244261,43.717072921930146,87.27410747781781,0.4728477,-2.7382696289027475,1.9408854161291187,1.6406510760496238,0.07653563716181856,Q3 (high Σ),Q2 (small)
36886,4.4499197,4.3347387,6.53624,44.612570492325354,71.03828593380159,2.2015013000000003,-2.5506775733149643,1.8514924739069134,1.6494572471929962,-0.8953614063275822,Q4 (highest Σ),Q1 (smallest)
36985,5.6537137,5.4715405,5.68237,45.14674366269438,61.34467743649027,0.2108295,-2.4180772160188386,1.7877768871895094,1.654626431054314,0.7281566384210962,Q4 (highest Σ),Q1 (smallest)
39094,4.73153,4.58901,4.7666674,44.52583014354708,68.47869120959936,0.1776574000000002,-2.5196487501574842,1.8355554513495778,1.648612025235805,0.6044364040000592,Q4 (highest Σ),Q1 (smallest)
40589,8.006711,7.782886,8.24799,46.19585284328074,59.37592096716466,0.4651039999999993,-2.3797676013282776,1.7736103589336503,1.6646029892331564,-0.037527090715198455,Q4 (highest Σ),Q1 (smallest)
41179,7.24225,6.946541,7.348452,45.66095629776442,57.4217396408689,0.40191100000000013,-2.3557575611891983,1.759076345683741,1.6595450028724172,0.4715148378621155,Q4 (highest Σ),Q1 (smallest)
41913,5.2459974,5.230355,5.2715006,45.98620337645674,61.63378721184913,0.041145600000000115,-2.4141600263116514,1.7898188546473375,1.6626275556771577,-0.23965624513921774,Q4 (highest Σ),Q1 (smallest)
42093,6.445882,6.1138897,6.5670567,45.65235383989167,56.23605433097119,0.45316700000000054,-2.3377163816621067,1.7500148418410717,1.6594631747141704,0.4652095143732887,Q4 (highest Σ),Q1 (smallest)
47021,8.0230665,7.6650276,8.377019,44.327213274364425,65.36525512787183,0.7119914000000005,-2.4811733646311707,1.815346960618771,1.6466704293005052,0.005739395166852106,Q4 (highest Σ),Q1 (smallest)
48983,7.136761,7.055029,7.1732492,46.551223114205406,51.93081889094175,0.11822019999999966,-2.2600691182930603,1.7154251709873776,1.667931096375829,0.3827078621081664,Q4 (highest Σ),Q1 (smallest)
49360,4.737312,4.5598674,4.7856417,44.23643349090222,68.91183834860217,0.22577430000000032,-2.5279574387834436,1.8382938356642817,1.6457801052392536,0.5718759841133383,Q4 (highest Σ),Q1 (smallest)
55490,7.1493306,7.170905,7.8895087,46.63980570648944,52.387914284993016,0.7186037000000001,-2.26685535667162,1.7192311082675746,1.668756732557663,-1.060045335140914,Q4 (highest Σ),Q1 (smallest)
57051,5.668079,5.649877,5.6832986,45.15516781768882,64.39483006557025,0.03342159999999961,-2.4601444149509213,1.80885100145728,1.6547074606577725,0.08923570385617811,Q4 (highest Σ),Q1 (smallest)
58630,4.546808,4.4057093,4.651667,44.422771071552766,68.52601108185242,0.24595769999999995,-2.5212551308526483,1.8358554521506791,1.647605646142844,0.1473411891557012,Q4 (highest Σ),Q1 (smallest)
59162,7.84113,7.775762,7.913577,46.70968952272917,53.05169831149987,0.1378149999999998,-2.2771414746591385,1.7246992912629424,1.6694069805608804,-0.051365961615215734,Q4 (highest Σ),Q1 (smallest)
59626,6.367115,5.838818,6.3929543,44.80456009383078,57.40807305352339,0.5541363000000006,-2.3637735944245963,1.7589729696813012,1.65132221763214,0.9067402731060921,Q4 (highest Σ),Q1 (smallest)
60774,5.2847676,5.2587385,5.3022547,45.28616927373197,62.041777733201435,0.043516200000000005,-2.4265527541537537,1.7926842335106574,1.6559655855616948,0.1962947132332593,Q4 (highest Σ),Q1 (smallest)
61323,7.1270275,7.0248647,7.154603,45.2046221571001,61.552384141078534,0.12973829999999964,-2.420456787852999,1.789244879351194,1.6551828435435225,0.5749057911195032,Q4 (highest Σ),Q1 (smallest)
63106,5.655657,5.6351795,5.676353,45.457963521872294,59.95507577844757,0.041173500000000196,-2.395191809352676,1.7778259562298189,1.6576099758010954,-0.005306811419964256,Q4 (highest Σ),Q1 (smallest)
67137,7.4964614,7.389149,7.6374583,46.64423522365417,62.40130278603175,0.24830929999999984,-2.4187392094523372,1.7951936567798352,1.6687979768014674,-0.13565541040951268,Q4 (highest Σ),Q1 (smallest)
68816,4.532283,4.331484,4.6150756,44.23968215893924,70.80639597093622,0.2835916000000003,-2.5514828535080047,1.850072489461284,1.6458119981086972,0.4161138764335739,Q4 (highest Σ),Q1 (smallest)
70681,7.9008055,5.6878214,7.9919286,46.47864504357207,56.09205306411676,2.3041072,-2.3276990862101656,1.7489013362138142,1.6672534589115966,0.9209037669775088,Q4 (highest Σ),Q1 (smallest)
71267,7.5175495,7.1580553,7.6121683,45.796405402471734,59.90658516540552,0.45411300000000043,-2.3912676101956936,1.7774745643560317,1.6608313912105037,0.5832808133658361,Q4 (highest Σ),Q1 (smallest)
71321,7.12932,7.001512,8.267947,45.23573342379128,63.36040081081617,1.2664349999999995,-2.4453040683831624,1.8018179158884948,1.6554816360879607,-0.7981609794422928,Q4 (highest Σ),Q1 (smallest)
71380,7.1262627,6.840471,7.1316357,46.33877245542458,54.160871476723834,0.2911647000000004,-2.298576635351334,1.7336856437584636,1.6659445248597267,0.9630930535191903,Q4 (highest Σ),Q1 (smallest)
72633,5.4433956,5.4115205,5.4731054,46.12442192696729,67.06142219180622,0.06158489999999972,-2.48616445527377,1.8264727594045258,1.663930936229416,0.03515959269235987,Q4 (highest Σ),Q1 (smallest)
72956,8.90418,8.647671,9.1510105,45.65800555923522,58.17583598902204,0.5033394999999992,-2.367118201715364,1.7647426328321765,1.6595169366431226,0.019228572365172447,Q4 (highest Σ),Q1 (smallest)
73890,5.6603184,5.6652412,7.9919577,45.21064685137754,76.25109483703007,2.3267165000000007,-2.606401319545383,1.8822460837993764,1.655240720747504,-1.0042315426052115,Q3 (high Σ),Q2 (small)
7242,5.6587553,5.63392,5.6802125,44.904442146034825,166.7174549082523,0.04629249999999985,-3.2888227107836685,2.221981071774548,1.6522893054595618,0.07297294378140819,Q1 (lowest Σ),Q4 (largest)
8118,5.642418,5.6415772,6.564757,45.86877088254659,124.26756861408884,0.9231797999999998,-3.0243483721902216,2.094357801129933,1.661517102763779,-0.9981784696762218,Q1 (lowest Σ),Q4 (largest)
13074,5.214783,5.190713,5.2351785,45.89264614167283,79.73062908385373,0.04446550000000027,-2.6386571546063315,1.9016251907403974,1.6617430995685967,0.08263710067355097,Q3 (high Σ),Q2 (small)
13666,5.2880526,5.2007127,5.321977,44.92499404868008,115.84346480281005,0.12126429999999999,-2.9724049214716852,2.0638715385132764,1.6524880282490009,0.44048825581807544,Q2 (low Σ),Q3 (large)
15233,4.9860177,4.8592367,5.116281,44.57811011339857,92.76965482447171,0.25704429999999956,-2.782840101423071,1.9674059406860132,1.649121652643089,-0.013547470222062237,Q3 (high Σ),Q3 (large)
16152,5.7143655,5.6783257,5.7690067,44.632015296764145,165.23186775265145,0.09068100000000001,-3.283690999603355,2.2180938120788167,1.6496464972484124,-0.20513007134901087,Q1 (lowest Σ),Q4 (largest)
18540,8.933716,8.737921,9.696712,45.647219283664235,105.95344761289827,0.9587909999999997,-2.887965731687609,2.0251150927589157,1.6594143265243564,-0.5915793953009563,Q2 (low Σ),Q3 (large)
21037,4.4761047,4.402279,4.7394853,44.30389823765816,99.04435864493556,0.33720630000000007,-2.8423674200158624,1.9958297440931698,1.6464419408646114,-0.5621333290629532,Q2 (low Σ),Q3 (large)
21620,8.087144,7.838976,8.4188595,46.67028967182568,88.58474492387647,0.5798835000000002,-2.7228272541885055,1.9473589389772616,1.6690404964601513,-0.14407635326750798,Q3 (high Σ),Q2 (small)
22379,5.734882,4.6806774,5.712509,44.6734537338996,115.64072090795396,1.0318315999999994,-2.97332192415968,2.0631107904127544,1.6500495293599624,1.0433656034569982,Q2 (low Σ),Q3 (large)
22483,7.1354685,7.1039543,7.1671324,46.02055555285152,62.23396554893685,0.06317810000000001,-2.422252965825953,1.794027475115115,1.6629518570984114,-0.002369491960025662,Q4 (highest Σ),Q1 (smallest)
22702,5.4311905,5.3790793,5.478324,46.060762945281866,102.77250209722588,0.09924469999999985,-2.8575726053634822,2.0118769299809744,1.6633311272926008,0.050155826961032046,Q2 (low Σ),Q3 (large)
25633,7.051051,6.892839,7.1214204,46.34215799026494,76.65286982916518,0.2285813999999995,-2.6002304575577724,1.8845284191726366,1.665976253481635,0.3842946101476336,Q3 (high Σ),Q2 (small)
26495,5.019624,4.9326096,5.3448973,45.19626955507923,70.6762484733498,0.41228770000000026,-2.540594260345089,1.8492734889025924,1.6551025901542291,-0.5778947565013455,Q4 (highest Σ),Q1 (smallest)
28491,5.5851088,5.5770946,6.7469363,45.3842027117874,79.56627634394629,1.1698417,-2.641703229934259,1.900729033804234,1.6569047103683432,-0.9862986590407903,Q3 (high Σ),Q2 (small)
28500,5.42897,5.4275904,8.876109,45.4485849337121,75.64182650308877,3.4485186,-2.597153521105552,1.8787620070930904,1.6575203657747624,-0.9991998883230614,Q3 (high Σ),Q2 (small)
29372,5.3858166,5.341225,5.447109,44.786274419203366,93.85081376475873,0.10588400000000053,-2.7908810212059665,1.9724380426687351,1.6511449368256377,-0.15772732424161964,Q2 (low Σ),Q3 (large)
29568,4.3603206,4.087856,6.1488247,43.789493448833255,94.09757458873746,2.060968699999999,-2.8029368101703773,1.9735784294176633,1.6413699213590829,-0.7355955963814498,Q2 (low Σ),Q3 (large)
30073,6.004138,5.7039375,6.137577,44.683014487718935,87.42338542566257,0.43363949999999996,-2.730262648708657,1.9416276203098455,1.6501424646051674,0.3845625225561781,Q3 (high Σ),Q2 (small)
30145,5.6646295,5.6467953,5.681533,44.970855688800285,149.96190821601851,0.03473769999999998,-3.196180637531458,2.1759809580392866,1.6529311512412492,0.026792217101319505,Q1 (lowest Σ),Q4 (largest)
31319,6.3338737,6.2657013,6.4166484,46.08403300701785,130.8597623509306,0.15094709999999978,-3.067211648201324,2.1168061272585903,1.6635504790099904,-0.09673786379466699,Q1 (lowest Σ),Q4 (largest)
31661,4.4626226,4.215018,5.136214,44.443539385589816,122.35028415048204,0.9211960000000001,-3.024551199410696,2.087604982309329,1.6478086379020953,-0.46242797406849206,Q1 (lowest Σ),Q4 (largest)
32535,5.7491784,5.621197,5.821501,44.85069335495111,81.89057825756488,0.20030399999999915,-2.671848587079939,1.9132339378272358,1.6517691612686665,0.27787163511462587,Q3 (high Σ),Q2 (small)
33230,4.7521863,4.4626517,4.79407,43.693428344647614,102.99714741537544,0.3314182999999993,-2.8823841438385767,2.012825196754521,1.6404161223645997,0.7472457012784163,Q2 (low Σ),Q3 (large)
36162,6.410995,6.3461018,6.469876,44.8032159489097,133.52391874334594,0.12377420000000061,-3.0969588237783428,2.125559069803881,1.6513091885235531,0.04857393544050191,Q1 (lowest Σ),Q4 (largest)
42656,5.6853933,5.6423965,5.694129,46.260879845907674,137.01309082108364,0.05173249999999996,-3.1054601112481075,2.1367620635049756,1.6652138884559768,0.6622741990044978,Q1 (lowest Σ),Q4 (largest)
43505,4.6754527,4.4929667,4.7346244,44.40569348772632,109.58652388039856,0.2416577000000002,-2.9292255182079927,2.039757151190138,1.647438656866417,0.5102850022987041,Q2 (low Σ),Q3 (large)
44446,7.1314645,7.051945,7.176915,46.04366739900886,108.95758931533,0.12497000000000025,-2.9084949364411385,2.0372574859175394,1.663169908088074,0.2726174281827608,Q2 (low Σ),Q3 (large)
46914,5.654763,4.8327403,5.6759367,44.823224277439394,113.61711005427549,0.8431964000000001,-2.9565342560651087,2.0554437384402444,1.6515030935095139,0.9497775370008689,Q2 (low Σ),Q3 (large)
47165,5.2337646,5.2158976,5.2572618,45.58907930902709,103.36663149948336,0.041364200000000295,-2.8670497786924103,2.0143803637629114,1.6588608215275462,-0.13611287054990898,Q2 (low Σ),Q3 (large)
50300,5.6961317,5.699774,6.350695,43.58742661508635,150.08269342514518,0.6509210000000003,-3.2104498736442837,2.1763306150727137,1.6393612291952775,-1.0111912198254476,Q1 (lowest Σ),Q4 (largest)
50560,5.145899,4.8318086,5.180961,44.02199696159596,90.27714609838806,0.34915240000000036,-2.764635776040112,1.955577821414667,1.6436697394833562,0.7991593355795356,Q3 (high Σ),Q2 (small)
51657,4.7941256,4.773656,5.686648,45.05871301605328,80.07213167615052,0.912992,-2.6503338704645194,1.9034813904263195,1.6537787830822535,-0.9551593004100798,Q3 (high Σ),Q2 (small)
53626,5.6552424,5.620447,5.681405,45.57896579001651,104.23609330794172,0.0609579999999994,-2.8744216580453257,2.0180181259720102,1.6587644665928285,0.14161881951506272,Q2 (low Σ),Q3 (large)
54067,5.6564326,5.670108,8.4854145,43.93581869286534,129.6591627943341,2.8153064999999993,-3.079937575405761,2.1128032130483536,1.6428187233850802,-1.0097150345797166,Q1 (lowest Σ),Q4 (largest)
55716,4.438319,4.3670125,4.6310577,45.390466503432926,100.42275056217166,0.2640452,-2.8438494513463777,2.0018321124537217,1.6569646462551997,-0.4598917155093181,Q2 (low Σ),Q3 (large)
1498,4.6633844,4.5675335,4.7987337,44.65977117659234,72.06188418034793,0.23120019999999997,-2.5626446057526273,1.8577056133018168,1.64991649354514,-0.17084068266376665,Q4 (highest Σ),Q1 (smallest)
2981,4.812245,4.763963,4.8522563,44.37364990645199,114.38734607843122,0.08829329999999924,-2.9667806880170167,2.0583779839651553,1.6471251526074278,0.09367301935707255,Q2 (low Σ),Q3 (large)
3099,5.458368,5.4159284,5.483899,45.20457772118289,72.9155545516948,0.06797059999999977,-2.5676078223090526,1.8628201831244653,1.6551824166340119,0.24876343595613232,Q4 (highest Σ),Q1 (smallest)
5434,4.1072683,4.044707,4.247403,44.94851852130473,136.0695016042382,0.20269600000000043,-3.1119560786090057,2.1337607940551817,1.6527153821954919,-0.3827080948810006,Q1 (lowest Σ),Q4 (largest)
14381,5.44441,5.397123,5.474499,44.89864386032916,88.22444685490777,0.07737600000000011,-2.7360945373734187,1.9455889441233718,1.6522332235674586,0.22226530190241617,Q3 (high Σ),Q2 (small)
14605,6.9280586,6.897498,6.949677,45.84859830829467,128.9742241066029,0.05217900000000064,-3.0568296575950344,2.110502923889913,1.6613260628789248,0.17137545755955058,Q1 (lowest Σ),Q4 (largest)
16053,6.9018006,6.8568225,6.9816723,44.70670447360516,86.51278858910993,0.12484979999999979,-2.7209378373278055,1.9370803109695052,1.6503726573053386,-0.27948462872988383,Q3 (high Σ),Q2 (small)
18537,4.277338,4.2619643,4.5953007,44.77376444193816,154.45247659225817,0.3333364000000003,-3.223716015527874,2.1887948764557175,1.6510236100776945,-0.9077586486204299,Q1 (lowest Σ),Q4 (largest)
22388,7.18187,7.1591425,7.1912646,45.50598900738535,51.617490766362046,0.032122100000000486,-2.2646750926456236,1.7127968887624847,1.6580685575734797,0.41506937591252685,Q4 (highest Σ),Q1 (smallest)
23636,7.1328406,7.090907,7.168345,46.33178161457944,89.84060419451028,0.07743800000000078,-2.7382162000162382,1.9534726639731195,1.6658790006241344,0.08302383842557147,Q3 (high Σ),Q2 (small)
23868,8.927632,8.723346,8.958314,45.62526719999491,90.87535500375512,0.2349680000000003,-2.7548366926940107,1.9584461204378867,1.6592054208758966,0.7388410336726661,Q3 (high Σ),Q2 (small)
29303,5.9859753,5.967434,6.005669,44.98574256798618,130.32232675744794,0.03823500000000024,-3.07411262944428,2.1150188252054534,1.6530748936607607,-0.030139924153275537,Q1 (lowest Σ),Q4 (largest)
32147,4.603241,4.4917574,4.650243,45.7729189121379,104.21841686410552,0.15848559999999967,-2.8724302080906488,2.017944471705381,1.660608608014247,0.4068609387856047,Q2 (low Σ),Q3 (large)
32402,4.9424376,4.8953443,4.990842,44.92718725893017,111.45010928298252,0.09549770000000013,-2.938801640308672,2.0470804986661713,1.6525092297178043,-0.013729126460633866,Q2 (low Σ),Q3 (large)
35367,5.489472,5.421949,5.5734887,45.59199988609956,63.37424282665511,0.15153970000000072,-2.4420867969601883,1.801912783573425,1.6588886428807958,-0.1088407856159129,Q4 (highest Σ),Q1 (smallest)
37563,5.7131443,5.6811614,5.806875,43.904283928329654,144.5669394743945,0.1257136000000001,-3.174780948365351,2.16006898697334,1.6425068982754627,-0.4911783609728778,Q1 (lowest Σ),Q4 (largest)
39509,4.2876787,4.1041393,4.3100886,43.72145460030377,107.79712363249556,0.20594930000000033,-2.9216696156382884,2.0326071726577597,1.6406946023713644,0.7823745941355431,Q2 (low Σ),Q3 (large)
41129,7.1333513,7.139558,7.1738515,46.08495781623427,68.40762320978455,0.03429349999999953,-2.5037996810629526,1.8351045013322076,1.6635591942955963,-1.3619753014419633,Q4 (highest Σ),Q1 (smallest)
44531,7.1240745,4.0131583,7.711565,44.98624702423059,98.9594943584412,3.6984067000000005,-2.834985044144029,1.9954574675638712,1.6530797636778471,0.6823007594053946,Q2 (low Σ),Q3 (large)
45202,7.1312556,7.1098948,7.168356,45.942718721023134,89.27772862245315,0.05846119999999999,-2.736419446210246,1.9507431325423918,1.662216691568672,-0.26923155870902166,Q3 (high Σ),Q2 (small)
46221,4.0452294,4.010197,4.0778832,-99.0,93.70175862178228,0.06768619999999981,-10.0,1.9717477419290645,-10.0,0.03514157981983055,Q1 (lowest Σ),Q3 (large)
46281,4.789628,4.702317,4.8665514,-99.0,98.6429472163686,0.16423439999999978,-10.0,1.9940660394664729,-10.0,0.06324862513579006,Q1 (lowest Σ),Q3 (large)
51983,7.1353054,7.1343927,7.173372,-99.0,69.60012298027199,0.038979299999999384,-10.0,1.8426100069899634,-10.0,-0.9531700158802349,Q1 (lowest Σ),Q1 (smallest)
52017,6.3311334,6.2940373,6.3261757,-99.0,146.5323076361852,0.03213840000000001,-10.0,2.1659333890670234,-10.0,1.3085218928135438,Q1 (lowest Σ),Q4 (largest)
64049,5.2713456,5.2597294,5.296145,-99.0,81.54651482482295,0.03641559999999977,-10.0,1.911405404681117,-10.0,-0.3620206724590661,Q1 (lowest Σ),Q2 (small)
65646,5.658066,5.663359,6.578229,-99.0,89.56483600565815,0.9148700000000005,-10.0,1.9521375350395274,-10.0,-1.0115710428804092,Q1 (lowest Σ),Q2 (small)
66116,6.846422,6.8038225,6.886577,-99.0,102.6202347336458,0.08275450000000006,-10.0,2.0112330037262116,-10.0,0.029539179138286045,Q1 (lowest Σ),Q3 (large)
