id,field,z,m_f444w,color,logSigma,reff_kpc
1072,primer-uds-north,8.90596,25.89752810367123,-2.38459082301382,-8.15247779105533,0.07883757820174078
1381,primer-uds-north,5.6625967,26.724487897738356,-2.364377851382109,-8.848250555149583,0.12001283584270937
1470,primer-uds-north,5.3967586,26.23973575770551,-1.3770920577517671,-8.827995310709618,0.14657182784401768
1544,primer-uds-north,5.463462,26.349157477559114,-0.9756575793632543,-8.702004148920302,0.12055093383660047
1939,primer-uds-north,4.3620567,25.223952431309062,-2.6006714598257865,-8.08552917583209,0.09953460599658921
3992,primer-uds-north,5.6593285,24.528130367450785,-2.7227928883386276,-7.61272062918221,0.07956723036871635
7991,primer-uds-north,5.655741,23.679662664376092,-4.055841540336303,-7.68338363369767,0.1275731514212076
8559,primer-uds-north,7.9365425,25.539999260115014,-1.9119542059298347,-8.07727172567664,0.0852385416643661
10404,primer-uds-north,5.6559963,24.251171282254766,-3.180996873060014,-7.54162594907169,0.08328728747516015
11219,primer-uds-north,5.4287095,24.266736521025738,-2.533875171111241,-7.390040715471704,0.06945012848458237
14419,primer-uds-north,4.8167844,25.384463184909336,-2.5456073977070695,-8.1655939474725,0.10136880732697261
15257,primer-uds-north,6.9201365,25.80884836071527,-1.7743620187555038,-8.29130500578521,0.09635690251750649
16999,primer-uds-north,4.2059326,23.52654007767843,-2.981587067243634,-7.594499391645948,0.12357814740257558
18804,primer-uds-north,4.3172913,24.3837604278296,-2.1408860001212133,-7.788552812452643,0.10411764122760248
18892,primer-uds-north,4.729469,25.59699426912251,-2.6738402658157696,-8.152111643957957,0.09050174813927704
19416,primer-uds-north,5.433182,26.288454584302936,-1.3801871791072813,-8.964583392085155,0.16772615035565858
21108,primer-uds-north,7.1364045,25.818652018763313,-2.685469634311872,-8.147754961806834,0.08131058340571161
22773,primer-uds-north,4.401274,25.191316852482064,-1.6504132823935542,-8.093056237509899,0.10192125161603352
23575,primer-uds-north,5.6605954,25.29427276841314,-2.6242004647128034,-8.077984916333472,0.09552958794710352
24081,primer-uds-north,5.6564054,25.09646917125418,-2.4158666148040524,-7.812074104879416,0.0770447797884074
24100,primer-uds-north,4.991886,24.872313123851022,-2.0620465304639666,-7.820318405138842,0.08623758336823217
29106,primer-uds-north,5.2048426,24.93299837428327,-1.9359130732681926,-8.087779176446809,0.11410112156484167
29110,primer-uds-north,7.1287746,26.000209144640607,-2.8555191417965062,-8.404780090546172,0.10054216119836272
31581,primer-uds-north,4.1634083,26.925330310877687,-2.355905710218206,-8.619687601831679,0.08409646464245771
31645,primer-uds-north,4.7559195,25.51760363984053,-1.724784543174259,-8.318468695802345,0.11368773652076455
32025,primer-uds-north,4.0433307,25.209262779350105,-2.019922069970935,-7.940628013126101,0.08481280966663823
32237,primer-uds-north,4.6121683,24.248527512901603,-2.2631593706573128,-7.456006886054801,0.07556104237564186
32986,primer-uds-north,4.152747,26.711547845144672,-1.2600448754279228,-8.58056413273573,0.08870998326951834
33332,primer-uds-north,4.5419765,25.688235587023055,-1.1820862465244524,-8.636086141561304,0.1514941816207269
33774,primer-uds-north,7.137637,26.001165499407165,-1.5564350808100897,-8.630169670251277,0.13027219633898407
35111,primer-uds-north,5.6563144,24.865355544122586,-2.382153737000685,-8.032001891175375,0.11039002628754632
36327,primer-uds-north,7.861698,26.73879512628302,-1.7658823169505737,-8.688569845478888,0.09920324935216414
42014,primer-uds-north,4.551596,26.423893607161332,-1.7801372558152515,-9.135105056407465,0.19176697022358918
42859,primer-uds-north,6.580927,25.46265700283104,-3.6530030648545058,-7.981032990495797,0.07906514917711044
43738,primer-uds-north,5.090068,24.1965713829393,-2.685372084402516,-7.623027397668256,0.0937992621780625
43932,primer-uds-north,4.235388,25.429126438009895,-1.2571763374284117,-8.361570003409426,0.12443991738264219
44053,primer-uds-north,5.438139,25.631579264486515,-2.6826721542473244,-8.456908749605697,0.1265139810188023
44681,primer-uds-north,4.5811663,25.45273954359271,-2.3169145330998937,-8.009540502277687,0.08207716409557993
46085,primer-uds-north,4.78585,24.432875500604702,-1.9582308101881516,-7.525500596131746,0.07519261660062519
48927,primer-uds-north,7.907303,26.84193289114394,-1.6007139733771965,-8.6326520650404,0.08870323407788339
52141,primer-uds-north,7.130078,25.811602170104905,-1.556508731816571,-8.166974174333713,0.08340011570308986
52856,primer-uds-north,6.320852,26.54260723239973,-0.49799413302343964,-8.847391454956279,0.13036898400918762
53667,primer-uds-north,4.5639205,25.267998323680114,-1.9468171920260282,-8.396552710748313,0.13953292252148583
54143,primer-uds-north,4.7315016,25.92362397704709,-1.2871932181623293,-8.633055962806285,0.13545754054007486
54603,primer-uds-north,5.651867,26.17720306181118,-1.6473873879022456,-8.635097752821645,0.12081149651493617
55902,primer-uds-north,8.670386,26.267205238159107,-1.8853086419492833,-8.273697372620408,0.07645530737967628
56783,primer-uds-north,5.3133664,25.6187336291912,-3.330028576631708,-8.135671919781757,0.0879203147264202
57469,primer-uds-north,5.667973,24.95498283501905,-1.6443744345688103,-8.027456428708645,0.10537355869003377
57944,primer-uds-north,5.28979,25.58721810818164,-2.196502705858169,-8.031789296945574,0.07915001961700119
61010,primer-uds-north,7.1341963,26.30214738519982,-1.5716755479304219,-8.84742364503737,0.14564056178251772
61298,primer-uds-north,5.242596,25.227073217737743,-2.71919437384118,-7.95396475674986,0.08542160650122935
61378,primer-uds-north,7.4582853,26.703882153575,-1.0033681618983685,-8.82227133737287,0.11758698040520518
62716,primer-uds-north,5.386735,25.146819802617685,-1.7190313650986546,-7.956148602981582,0.08886082499488972
64273,primer-uds-north,7.13156,26.407247371982173,-2.552624214762318,-8.52245992232225,0.0954510008990175
66007,primer-uds-north,4.5963383,25.496600386553816,-2.733268016912433,-8.116587114790558,0.09098577110551594
67270,primer-uds-north,5.6651006,24.596408364657044,-2.492172436508369,-7.666248558598639,0.08200542927635038
68006,primer-uds-north,5.1602645,24.042526064823747,-3.087157088234182,-7.357112366785918,0.07413972493550951
69921,primer-uds-north,5.6548767,25.025810508025813,-2.9057257928858746,-8.113406791448595,0.11260075282301597
69936,primer-uds-north,7.0339665,25.743217105799225,-1.3923260286963384,-8.089271046847633,0.07870314772328627
70423,primer-uds-north,5.4776564,25.661716776375034,-3.0236641984905823,-8.223338566849254,0.09535114842972806
70813,primer-uds-north,4.7062697,25.11088123833326,-1.9512080355992971,-8.050441176468748,0.10070344797393987
71037,primer-uds-north,6.849483,24.745274711968698,-2.9185013590483706,-7.568496137259757,0.06842158433044855
71893,primer-uds-north,6.429184,26.35248079608195,-1.561575356786772,-8.79569104829984,0.13407548138606465
4278,primer-cosmos-east,5.6582265,26.172965889406754,-1.3545029998040299,-8.913191785537611,0.16672576349784188
6282,primer-cosmos-east,5.673777,24.82146132583408,-1.708079668797982,-7.6700446216299145,0.07425574260142745
9227,primer-cosmos-east,5.713857,24.618897847752166,-1.2428407844730707,-8.283788201155431,0.16523975068084368
10696,primer-cosmos-east,5.6677623,25.92536361795734,-2.2164216366486755,-8.262812863641027,0.0883758712353823
11967,primer-cosmos-east,5.482298,27.0475205271081,-1.7795539196361254,-9.067667176857064,0.13314641670470148
14086,primer-cosmos-east,7.127323,26.190697850822076,-2.632846583225515,-8.264471235880658,0.07836029237983924
14487,primer-cosmos-east,7.1692533,26.984553167657108,-1.6405159455437186,-9.095235900267326,0.1414839957719728
15393,primer-cosmos-east,5.68946,27.31213411479622,-1.5770874829445667,-9.109566942538848,0.1236962826516061
15850,primer-cosmos-east,7.0456376,24.892983067388265,-3.138091807616931,-7.726648627965924,0.07668805100667778
16083,primer-cosmos-east,4.57788,25.36238678988825,-2.0591314488754584,-8.05788650878235,0.09046193984352977
16408,primer-cosmos-east,4.574863,25.357484117592175,-1.9961338448326842,-8.06459425589443,0.09136930141555191
16563,primer-cosmos-east,5.0219927,24.68913607145142,-2.7658746544820616,-7.577375356062796,0.07093498214271098
17813,primer-cosmos-east,5.226693,26.480933152910374,-2.26805083604615,-8.670481069059782,0.10940921548419055
18893,primer-cosmos-east,4.8477397,26.74253902618404,-0.49635857961289886,-9.14175533817336,0.16686677167428374
19462,primer-cosmos-east,4.365069,26.38375475730759,-2.1188009339401823,-8.500237389891067,0.0940519368287005
19946,primer-cosmos-east,5.974449,25.97432581370892,-1.8730546901232366,-8.275244692984307,0.0876510622581253
20187,primer-cosmos-east,6.6081676,24.883507507234153,-2.403085932092395,-7.67950180772076,0.07295404931448153
21943,primer-cosmos-east,4.7154994,26.15305290295322,-1.8881995500076414,-8.608914891415541,0.11853507125803986
23571,primer-cosmos-east,4.760719,26.762682764100717,-1.2317486584161585,-8.729981442031368,0.1029091919716332
26971,primer-cosmos-east,6.4066525,25.066882704869997,-1.595523025469511,-8.278207083342114,0.13357555911087676
27072,primer-cosmos-east,4.957128,20.529837308078054,0.100018149504006,-5.822251249223513,0.06384959737165458
27765,primer-cosmos-east,5.1726418,25.44612121609566,-2.2217952255962743,-8.017436685699202,0.08307954313529999
31668,primer-cosmos-east,5.6076913,24.3886556478863,-2.6866345922087724,-7.392969281980012,0.06587998800326131
31770,primer-cosmos-east,5.77907,23.740677344377314,-2.6094608807312234,-7.133582266635038,0.06586514684958436
32928,primer-cosmos-east,4.4581003,24.236887034099386,-2.067207118550794,-7.586639135126134,0.08829622998359364
40209,primer-cosmos-east,5.4609075,25.980082935293957,-2.237295850634407,-8.35866726601678,0.09623145359555867
40642,primer-cosmos-east,4.63434,26.132053169719498,-1.114390643387118,-8.447615589032958,0.09940246644881638
40799,primer-cosmos-east,7.681151,25.962975547352496,-2.636246792682151,-8.110750171066444,0.07290880432892984
42464,primer-cosmos-east,5.3674827,24.017739240846122,-1.9709543275717643,-7.649157294938425,0.10496168627510784
43445,primer-cosmos-east,5.696871,27.504867280106133,-1.4569870278141153,-9.35454781178437,0.15007226935186785
45179,primer-cosmos-east,7.1054926,25.42204601539975,-2.113409036570644,-7.716895655882686,0.05943450155455832
47824,primer-cosmos-east,5.655495,25.212747938887166,-1.7423185493606503,-8.121114735926563,0.10423361021977952
48498,primer-cosmos-east,4.453304,26.68916036391668,-1.8825565914262192,-9.200942721903173,0.1830793189388025
48540,primer-cosmos-east,5.656249,26.410844225755696,-2.070374757185178,-8.78995914599803,0.12966140636657603
50325,primer-cosmos-east,6.427699,25.81241952987831,-1.0793166409506654,-8.59221297583656,0.13602620503510834
50988,primer-cosmos-east,4.526494,23.75155237751692,-2.464689882740121,-7.606218991393311,0.11292731964664192
51514,primer-cosmos-east,4.43674,24.18628498004512,-2.1402891151975254,-7.678317892693772,0.10043890060929056
51855,primer-cosmos-east,4.651201,24.52415423414373,-1.4796353522030365,-7.758228485104551,0.09425044203453029
52084,primer-cosmos-east,7.07561,24.325161117538293,-2.985384582007786,-7.218471148052858,0.05548854672022613
52124,primer-cosmos-east,4.833804,24.78616761537633,-1.892944142917571,-8.25068505436108,0.1472682086334743
54661,primer-cosmos-east,5.667634,25.90686108720861,-1.4407597917106898,-8.534942041290874,0.1219266954000634
55423,primer-cosmos-east,5.408047,24.39679380782222,-2.9758994998250508,-7.655063336852587,0.08875092882326122
344,primer-uds-south,7.1353946,25.579459667132383,-2.4571519964961723,-8.188271447288763,0.09511385632924763
2480,primer-uds-south,4.684057,26.125649424620853,-1.4693322940615055,-8.901893947099646,0.16819655201304698
4620,primer-uds-south,5.7462945,24.686783125762545,-2.072944614050499,-7.692548368911151,0.08108071303865651
7830,primer-uds-south,5.5453625,25.794540652815666,-1.8016906801412134,-8.547473607654725,0.13026527878616762
9104,primer-uds-south,6.0930605,25.776097767431192,-1.909969993354789,-8.363990242001444,0.10635932378958099
9791,primer-uds-south,5.0277753,25.72900741267656,-2.3134906261310313,-8.389170332049183,0.11188804446545644
11501,primer-uds-south,4.6799717,24.161426985263038,-1.9390019791358313,-7.5415257403633165,0.08679155573125136
14258,primer-uds-south,5.4718714,26.128925640768806,-1.8476728934559503,-8.882704718765755,0.1642733944448308
17986,primer-uds-south,4.940114,23.62942999244077,-2.130163055683443,-7.14720431830178,0.07042326572571035
21488,primer-uds-south,5.413992,23.765645948832542,-2.7315461252008966,-7.194415317747687,0.06983585733604344
22358,primer-uds-south,4.6764946,26.747955630796923,-1.0554050540854547,-8.749729524503527,0.10599213398821127
23107,primer-uds-south,4.9525127,26.573590476923357,-1.81150229070046,-9.085352877865851,0.16902787965091745
25430,primer-uds-south,7.1282,25.964007338714804,-2.013586970842823,-8.115816674133361,0.07330048856467192
28931,primer-uds-south,7.9047303,24.66221248031192,-2.6862562036577238,-7.477740453175528,0.06403652116954194
29392,primer-uds-south,7.4709635,25.275438840717097,-2.2589891105107256,-8.102761139841908,0.09915001900293842
30157,primer-uds-south,4.726915,27.006139092252823,-1.324684694027244,-9.099098489720209,0.1407088541482793
30191,primer-uds-south,4.036579,26.216232409909967,-1.9619942585749222,-8.803099839889063,0.14398042061934907
30520,primer-uds-south,5.349781,25.98068432506585,-1.5127164958392534,-8.588970348655335,0.12541466121274045
32880,primer-uds-south,4.7559557,25.88050260995908,-2.281287378798247,-8.38134452670403,0.10341219140791683
33445,primer-uds-south,4.34576,26.171028678161367,-0.73517092609573,-8.809718721628235,0.14813361631268565
33898,primer-uds-south,4.545273,26.803258520725198,-1.1110544596824141,-8.799672147637185,0.10944208787273796
36872,primer-uds-south,7.135115,25.577133767818896,-2.8420752530354463,-8.02955129059669,0.07931382445272976
37557,primer-uds-south,5.655718,24.401533235274094,-2.3692278005811893,-8.080242714587227,0.14448232119913437
37751,primer-uds-south,5.3592114,24.54062645912783,-2.8697968464790478,-7.504933665382031,0.06987817287995404
37878,primer-uds-south,4.7731967,26.037655882407932,-1.5717325980292145,-8.714164005694535,0.14110773680466823
39711,primer-uds-south,5.461955,26.80543264424773,-1.5680210859877803,-8.868426559222637,0.11833868820158859
44435,primer-uds-south,5.1732736,26.065333198619122,-2.59084398782948,-8.414090406098452,0.09862308043066938
45383,primer-uds-south,4.8551655,26.388226222928033,-1.5797709626570864,-8.703508546185766,0.11860664697163947
45637,primer-uds-south,4.5362873,24.81841886640178,-1.2524027736250254,-8.00955317134851,0.1099240731348419
47509,primer-uds-south,5.659403,24.918746938056728,-1.689379387259013,-8.555440254808302,0.1967753709572188
48686,primer-uds-south,4.843895,26.66227596481878,-1.2852376282492415,-9.217072579145086,0.18883439301175303
48982,primer-uds-south,5.38785,25.551903502724155,-2.164104012252995,-8.096288880410343,0.08664903684941647
50716,primer-uds-south,7.8636265,26.04828433036085,-2.7794052601051575,-8.108330752277325,0.06990504346274642
51593,primer-uds-south,4.457851,25.076901726228805,-3.0937608912104295,-8.015257131821865,0.09823092206583676
52581,primer-uds-south,6.166954,24.595889195335236,-2.5018263190910126,-7.611617902155627,0.07702489447674957
55634,primer-uds-south,6.879805,25.59659776763805,-0.5508881482876866,-7.982690003362705,0.07447756139010417
55783,primer-uds-south,4.6260314,24.3459192784645,-2.0819945629285215,-7.820872942344845,0.10996452826156412
57494,primer-uds-south,4.0239935,23.48006681275924,-1.7843383521219494,-7.568136842249848,0.12247714623353806
59568,primer-uds-south,8.901577,25.89397870090118,-2.380586727411142,-8.15213384871579,0.07893528551401158
59880,primer-uds-south,5.663111,26.706828167010947,-2.3601683305829937,-8.841138003490974,0.12000611277187473
59971,primer-uds-south,5.3915443,26.23627995004498,-1.3980443826119995,-8.827602440169919,0.1467388901779425
60046,primer-uds-south,5.462843,26.352468380441017,-0.977306948538299,-8.705182536443862,0.1208085278514652
60446,primer-uds-south,4.36605,25.22429590356115,-2.5748122016358295,-8.089958336690264,0.10002763199041788
62395,primer-uds-south,5.6591854,24.54145264588697,-2.738429868863591,-7.616537782740556,0.07942886599802143
66511,primer-uds-south,7.1307554,23.67674334606835,-4.011143109292785,-7.56357126646007,0.11128508555443563
67076,primer-uds-south,7.9367976,25.55346524849707,-1.909348790497443,-8.087728881572735,0.0857376135588745
68947,primer-uds-south,5.6559973,24.248514872320985,-3.1376388011800493,-7.533303803385268,0.08259408137195713
69772,primer-uds-south,5.4293756,24.266266022125667,-2.537361842677118,-7.39183348645771,0.06960870252850679
6756,ceers-full,7.136083,25.604448530576306,-2.37472683216172,-7.712921068184727,0.05439648383219844
9246,ceers-full,4.6044097,25.30062316700001,-2.2562947851009163,-7.801285086031023,0.06926564929034056
12234,ceers-full,6.142212,25.084334449234547,-2.0280240032453243,-7.559804474215815,0.05794758580918855
12544,ceers-full,4.549665,26.806794037085503,-1.3160072032887093,-8.5700006694111,0.08387673704464756
13736,ceers-full,5.356953,25.003846777781757,-2.5272033281492803,-7.620395844751146,0.06448052529472373
14076,ceers-full,5.661391,26.71621576733804,-1.6466950623542722,-8.415115530286137,0.07316689272624528
19354,ceers-full,5.4279175,25.629059614366874,-2.6091258340716195,-7.855104476806291,0.06334908049523927
20010,ceers-full,8.934445,27.27416476941562,-1.4952426081807317,-8.527712519384885,0.06442038348903961
20632,ceers-full,5.653135,25.18354398661476,-2.838208961982037,-7.666924227361811,0.06262580427476853
20897,ceers-full,4.533114,24.460491299276338,-3.668980949503318,-7.429159460198029,0.0664479321401957
22049,ceers-full,7.1350226,25.546645346679426,-2.5748508357275846,-7.70913324791721,0.055620841436950896
22239,ceers-full,7.131442,26.640989511037155,-3.7117337952403204,-8.26719296294275,0.06388495294759668
23054,ceers-full,6.8682966,26.38645663307178,-1.8352168710881003,-8.170796585131995,0.06428460296438449
24464,ceers-full,5.655386,25.548455854396334,-2.140851860968784,-7.79824385262785,0.06157873392283105
28748,ceers-full,4.7529554,24.537170802077682,-2.524094433044901,-7.449437891543521,0.06565756697521524
29421,ceers-full,4.785098,26.044314151685278,-1.5718755448238468,-8.118091834468729,0.07082442982441935
30600,ceers-full,4.025932,26.37976286853638,-2.4918791570110805,-8.433675979672788,0.0872741074778178
36886,ceers-full,4.4499197,25.232238701625143,-2.303430274299714,-7.795880428463883,0.07103828593380158
36985,ceers-full,5.6537137,25.36241325736177,-2.8989684133185065,-7.720519077323727,0.061344677436490275
39094,ceers-full,4.73153,25.351432686434478,-1.705665242331598,-7.811683977272947,0.06847869120959936
40589,ceers-full,8.006711,26.226250512198543,-2.065696119956417,-8.037720922746718,0.05937592096716466
41179,ceers-full,7.24225,25.67661520085772,-1.379909852299594,-7.788798771710572,0.0574217396408689
41913,ceers-full,5.2459974,23.401031331616807,-3.4759284479021346,-6.940050241941398,0.06163378721184913
42093,ceers-full,6.445882,24.7916015525732,-3.0575126338914735,-7.416670304711424,0.056236054330971195
47021,ceers-full,8.0230665,27.330655859213095,-1.4399235369113725,-8.56295626492278,0.06536525512787184
48983,ceers-full,7.136761,24.163775485123054,-2.691299935248182,-7.096360536023978,0.05193081889094175
49360,ceers-full,4.737312,26.081178199029644,-1.206824139046205,-8.109058950940423,0.06891183834860218
55490,ceers-full,7.1493306,24.108736067156375,-2.338472507819521,-7.0819566433977,0.052387914284993016
57051,ceers-full,5.668079,25.55911294148952,-1.9400711926285332,-7.84134717951037,0.06439483006557024
58630,ceers-full,4.546808,25.53474416533631,-2.015556709414966,-7.885608570435883,0.06852601108185241
59162,ceers-full,7.84113,25.481050176262197,-1.7049620574698139,-7.641818653030765,0.05305169831149987
59626,ceers-full,6.367115,25.576870794873614,-1.3635340508604337,-7.748694257312049,0.05740807305352339
60774,ceers-full,5.2847676,25.122917951031994,-2.1869163083782226,-7.634535647434113,0.062041777733201436
61323,ceers-full,7.1270275,26.200806233490834,-2.357791023902294,-8.058812252098722,0.06155238414107853
63106,ceers-full,5.655657,24.88649852958918,-2.096562616673932,-7.510251324295311,0.059955075778447574
67137,ceers-full,7.4964614,25.549552839776414,-0.4884078728457304,-7.810208449470236,0.06240130278603175
68816,ceers-full,4.532283,25.606155087470835,-2.729534960309774,-7.942607013910903,0.07080639597093623
70681,ceers-full,7.9008055,26.022457070988935,-2.0163926838978092,-7.906785500823203,0.05609205306411676
71267,ceers-full,7.5175495,26.63522497097882,-1.507428800826922,-8.209039117103591,0.059906585165405514
71321,ceers-full,7.12932,26.08151968598437,-2.3471334350113118,-8.036243706170739,0.06336040081081616
71380,ceers-full,7.1262627,25.06734371177371,-2.939927417031086,-7.494308772226413,0.05416087147672383
72633,ceers-full,5.4433956,25.70796045653218,-0.8888074482450214,-7.936129701421924,0.06706142219180622
72956,ceers-full,8.90418,26.567472506326077,-1.6994402448433306,-8.156474268194785,0.05817583598902204
73890,ceers-full,5.6603184,26.43169548643912,-1.5791871975868261,-8.337170362174403,0.07625109483703006
7242,primer-cosmos-west,5.6587553,26.18285259525196,-1.3757210690284971,-8.917103181649882,0.1667174549082523
8118,primer-cosmos-west,5.642418,26.12796452630904,-1.276869211205124,-8.639901412783484,0.12426756861408884
13074,primer-cosmos-west,5.214783,23.88227086155676,-2.8849326035916825,-7.356158726103499,0.07973062908385373
13666,primer-cosmos-west,5.2880526,25.22285311758467,-2.2187853000651074,-8.216884324060421,0.11584346480281005
15233,primer-cosmos-west,4.9860177,25.20047607545835,-2.323646037722664,-8.015002311555367,0.09276965482447172
16152,primer-cosmos-west,5.7143655,24.617069886655457,-1.2359172941139462,-8.283015578819818,0.16523186775265145
18540,primer-cosmos-west,8.933716,25.94658845307343,-2.025273881732417,-8.428865566747204,0.10595344761289828
21037,primer-cosmos-west,4.4761047,25.467844023321327,-3.06413778650154,-8.17879709751487,0.09904435864493556
21620,primer-cosmos-west,8.087144,25.728668150161447,-2.061060010905397,-8.186185138019102,0.08858474492387647
22379,primer-cosmos-west,5.734882,25.65328315578688,-2.5721540237075047,-8.387534843140262,0.11564072090795396
22483,primer-cosmos-west,7.1354685,25.485141893305574,-1.8603557203408307,-7.78211170755246,0.06223396554893685
22702,primer-cosmos-west,5.4311905,23.35566186947466,-3.062259545635836,-7.366018607751813,0.10277250209722588
25633,primer-cosmos-west,7.051051,24.892907472673304,-3.1309058027690853,-7.726219827414596,0.07665286982916518
26495,primer-cosmos-west,5.019624,24.68859017141412,-2.7637849017037794,-7.573983046370833,0.0706762484733498
28491,primer-cosmos-west,5.5851088,24.704194395376234,-2.776145406862952,-7.6831358257589635,0.07956627634394628
28500,primer-cosmos-west,5.42897,25.271316180266403,-3.0102108633102986,-7.8660504862927425,0.07564182650308876
29372,primer-cosmos-west,5.3858166,26.482141505003344,-1.4646669402322772,-8.53773268733881,0.09385081376475872
29568,primer-cosmos-west,4.3603206,26.375079587099542,-2.1977352890729698,-8.497188693675144,0.09409757458873746
30073,primer-cosmos-west,6.004138,25.97160214650612,-1.8400422842813526,-8.271896099222142,0.08742338542566257
30145,primer-cosmos-west,5.6646295,25.770690591658408,-2.0455657908433196,-8.660238152741938,0.1499619082160185
31319,primer-cosmos-west,6.3338737,24.668341272991306,-1.3300520369004403,-8.100948763713705,0.1308597623509306
31661,primer-cosmos-west,4.4626226,24.970355591206964,-1.534976666479757,-8.163352201101445,0.12235028415048203
32535,primer-cosmos-west,5.7491784,25.145944275606933,-1.187960526607533,-7.884845585897245,0.08189057825756488
33230,primer-cosmos-west,4.7521863,26.757887614763593,-1.2151303187383995,-8.728805439414481,0.10299714741537544
36162,primer-cosmos-west,6.410995,25.060328477714716,-1.6048827208786776,-8.27524953069365,0.13352391874334593
42656,primer-cosmos-west,5.6853933,25.24464464573957,-1.2886297084049012,-8.37138198530578,0.13701309082108365
43505,primer-cosmos-west,4.6754527,25.606355042176133,-2.042899697373894,-8.32205631925073,0.10958652388039856
44446,primer-cosmos-west,7.1314645,25.542053823125304,-1.9378801974614461,-8.291336501085201,0.10895758931532999
46914,primer-cosmos-west,5.654763,26.06830634506435,-2.4881071429280155,-8.53821001490623,0.11361711005427548
47165,primer-cosmos-west,5.2337646,24.610018916879696,-1.9567780150935867,-7.8727682942777015,0.10336663149948336
50300,primer-cosmos-west,5.6961317,27.50564426090893,-1.4285773995871445,-9.354918934509,0.15008269342514519
50560,primer-cosmos-west,5.145899,26.198004133158065,-2.279442946816687,-8.39035729609256,0.09027714609838806
51657,primer-cosmos-west,4.7941256,24.621918904279667,-2.490558668963242,-7.655730342564506,0.08007213167615052
53626,primer-cosmos-west,5.6552424,25.240458768110138,-1.7525449487432532,-8.132219759188077,0.10423609330794172
54067,primer-cosmos-west,5.6564326,26.43431283462158,-2.0333685793766207,-8.79933155994534,0.1296591627943341
55716,primer-cosmos-west,4.438319,24.19094830743045,-2.135757955325573,-7.680043547879625,0.10042275056217166
1498,gds,4.6633844,25.346054847646123,-2.9582296707598807,-7.853833165662083,0.07206188418034794
2981,gds,4.812245,27.02595426315569,-1.7379139541495618,-8.927137673192586,0.11438734607843122
3099,gds,5.458368,25.752049995080963,-2.641511855214347,-8.026460364281316,0.0729155545516948
5434,gds,4.1072683,24.308423052367193,-2.1334890511263964,-7.990890809057242,0.13606950160423822
14381,gds,5.44441,27.076934902811843,-1.9440075128375227,-8.721951849371482,0.08822444685490777
14605,gds,6.9280586,25.6608537573703,-0.7421400824088273,-8.485347350727945,0.1289742241066029
16053,gds,6.9018006,27.648727765321922,-0.7901869466603344,-8.93365172806778,0.08651278858910993
18537,gds,4.277338,24.98616982133328,-1.410093195074328,-8.372057681444748,0.15445247659225816
22388,gds,7.18187,22.693163385844215,-0.785474051405533,-6.502859131862657,0.051617490766362045
23636,gds,7.1328406,25.637272113647573,-2.2372616374010406,-8.161854173405269,0.08984060419451027
23868,gds,8.927632,27.19235321813025,-2.742110936482284,-8.793833528127875,0.09087535500375511
29303,gds,5.9859753,26.013933138470712,-1.4148677027756484,-8.635610905799192,0.13032232675744793
32147,gds,4.603241,24.179641195400905,-1.801764303843683,-7.707745421571125,0.10421841686410552
32402,gds,4.9424376,26.96637091876979,-1.7025281636208227,-8.88070936484026,0.11145010928298252
35367,gds,5.489472,24.638039617410875,-3.011602430178229,-7.4590414141112005,0.06337424282665512
37563,gds,5.7131443,26.490123155508204,-0.8008258392467766,-8.916187236149963,0.1445669394743945
39509,gds,4.2876787,26.94790154444003,-1.7616840390704098,-8.844374963091532,0.10779712363249555
41129,gds,7.1333513,26.125056711929286,-3.7810735805374875,-8.120231687436132,0.06840762320978455
44531,gds,7.1240745,26.299215321801988,-2.087429564202381,-8.510601063848538,0.0989594943584412
45202,gds,7.1312556,25.57486327908964,-3.3017101249387686,-8.13143157672064,0.08927772862245316
46221,gds,4.0452294,25.412348928578933,-1.7711758692800466,-8.108435055289704,0.09370175862178227
46281,gds,4.789628,25.61887518683305,-2.0896411462453344,-8.235682153666167,0.0986429472163686
51983,gds,7.1353054,26.349132372689397,-2.719419753736638,-8.224872963055684,0.06960012298027199
52017,gds,6.3311334,26.402471907770618,-1.4290165085172255,-8.892855541242294,0.14653230763618522
64049,gds,5.2713456,27.041227813078024,-2.0946543076919006,-8.639301934593444,0.08154651482482295
65646,gds,5.658066,25.854789235291847,-2.463987976759263,-8.246190764195795,0.08956483600565815
66116,gds,6.846422,25.28630362039172,-2.147889885594438,-8.136987455609113,0.1026202347336458
