id,field,z_phot,z_dist,chi2nu_null,chi2nu_geff,delta_chi2nu,bic_null,bic_geff,delta_bic,C_blue,C_red,C_AGN,alpha_AGN,ir_excess,verdict,n_filters
1072,primer-uds-north,8.906,0.07303,11.97,12.18,-0.2,43.7,44.3,-0.6,0.0,0.286,0.4364,0.01,8.99,Neutral,7
1381,primer-uds-north,5.663,0.02662,21.54,21.62,-0.08,72.4,72.6,-0.2,0.0,0.071,0.4954,0.01,8.83,Neutral,7
1470,primer-uds-north,5.397,0.02382,14.48,14.49,-0.01,51.2,51.3,-0.0,0.0,0.007,0.2864,0.01,3.55,Neutral,7
1544,primer-uds-north,5.463,0.02451,41.18,41.18,-0.0,131.3,131.3,-0.0,0.0,0.0,0.5846,0.01,2.46,Neutral,7
1939,primer-uds-north,4.362,0.01441,211.11,213.14,-2.03,641.1,647.2,-6.1,0.0,0.255,0.3117,0.01,10.97,Null wins,7
3992,primer-uds-north,5.659,0.02659,703.17,709.81,-6.64,2117.3,2137.2,-19.9,0.0,0.193,0.2308,0.01,12.28,Null wins,7
7991,primer-uds-north,5.656,0.02655,3508.66,3542.51,-33.85,10533.8,10635.3,-101.6,0.0,0.224,0.0965,0.01,41.91,Null wins,7
8559,primer-uds-north,7.937,0.05674,142.45,144.47,-2.02,435.1,441.2,-6.1,0.0,0.18,0.3879,0.01,5.82,Null wins,7
10404,primer-uds-north,5.656,0.02655,2184.67,2205.75,-21.08,6561.8,6625.0,-63.3,0.0,0.223,0.1294,0.01,18.72,Null wins,7
11219,primer-uds-north,5.429,0.02415,1032.29,1041.62,-9.33,3104.7,3132.6,-28.0,0.0,0.202,0.2385,0.01,10.32,Null wins,7
14419,primer-uds-north,4.817,0.01825,69.64,68.15,1.48,216.7,212.2,4.5,0.0,0.314,0.0601,0.873,10.43,Neutral,7
15257,primer-uds-north,6.92,0.04191,4.76,4.63,0.13,22.1,21.7,0.4,0.0,0.209,0.5388,0.01,5.13,Neutral,7
16999,primer-uds-north,4.206,0.0132,585.09,590.26,-5.17,1763.1,1778.6,-15.5,0.0,0.351,0.2211,0.01,15.58,Null wins,7
18804,primer-uds-north,4.317,0.01406,1302.93,1314.9,-11.97,3916.6,3952.5,-35.9,0.0,0.206,0.4187,0.01,7.18,Null wins,7
18892,primer-uds-north,4.729,0.01748,34.9,35.26,-0.36,112.5,113.6,-1.1,0.0,0.315,0.2653,0.01,11.74,Neutral,7
19416,primer-uds-north,5.433,0.0242,32.11,32.32,-0.21,104.1,104.7,-0.6,0.0,0.121,0.6175,0.01,3.57,Neutral,7
21108,primer-uds-north,7.136,0.04488,173.66,176.11,-2.45,528.8,536.1,-7.3,0.0,0.223,0.2763,0.01,11.86,Null wins,7
22773,primer-uds-north,4.401,0.01472,200.86,201.52,-0.65,610.4,612.3,-2.0,0.0,0.115,0.6428,0.01,4.57,Neutral,7
23575,primer-uds-north,5.661,0.0266,345.89,349.74,-3.85,1045.4,1057.0,-11.6,0.0,0.245,0.2495,0.01,11.21,Null wins,7
24081,primer-uds-north,5.656,0.02655,469.63,474.04,-4.41,1416.7,1429.9,-13.2,0.0,0.18,0.2781,0.01,9.25,Null wins,7
24100,primer-uds-north,4.992,0.01985,83.77,85.51,-1.74,259.1,264.3,-5.2,0.0,0.218,0.4922,0.01,6.68,Neutral,7
29106,primer-uds-north,5.205,0.0219,130.42,131.04,-0.62,399.0,400.9,-1.8,0.0,0.18,0.4596,0.01,5.95,Neutral,7
29110,primer-uds-north,7.129,0.04477,49.61,50.79,-1.17,156.6,160.1,-3.5,0.0,0.291,0.2186,0.01,13.87,Neutral,7
31581,primer-uds-north,4.163,0.01288,32.23,32.19,0.04,104.5,104.3,0.1,0.0,0.209,0.1425,0.568,8.76,Neutral,7
31645,primer-uds-north,4.756,0.01771,97.84,97.25,0.6,301.3,299.5,1.8,0.0,0.313,0.0993,0.758,4.9,Neutral,7
32025,primer-uds-north,4.043,0.012,199.02,199.99,-0.97,604.8,607.7,-2.9,0.0,0.267,0.3504,0.01,6.43,Neutral,7
32237,primer-uds-north,4.612,0.01646,795.22,783.09,12.13,2393.5,2357.1,36.4,0.0,0.293,0.1088,0.573,8.04,Support,7
32986,primer-uds-north,4.153,0.0128,30.18,30.19,-0.01,98.3,98.4,-0.0,0.0,0.046,0.6926,0.01,3.19,Neutral,7
33332,primer-uds-north,4.542,0.01587,230.12,229.96,0.16,698.2,697.7,0.5,0.0,0.215,0.1842,0.601,2.97,Neutral,7
33774,primer-uds-north,7.138,0.04489,41.33,41.8,-0.47,131.8,133.2,-1.4,0.0,0.164,0.462,0.01,4.19,Neutral,7
35111,primer-uds-north,5.656,0.02655,280.27,283.17,-2.9,848.6,857.3,-8.7,0.0,0.174,0.3979,0.01,8.97,Null wins,7
36327,primer-uds-north,7.862,0.05557,2.08,2.13,-0.04,14.0,14.2,-0.1,0.0,0.16,0.5959,0.01,5.09,Neutral,7
42014,primer-uds-north,4.552,0.01595,17.78,17.75,0.03,61.1,61.0,0.1,0.0,0.237,0.2524,0.395,5.15,Neutral,7
42859,primer-uds-north,6.581,0.03745,301.87,52.29,249.58,913.4,164.7,748.7,0.0,0.307,0.2861,0.054,28.92,Support,7
43738,primer-uds-north,5.09,0.02078,423.77,432.51,-8.74,1279.1,1305.3,-26.2,0.0,0.296,0.224,0.01,11.86,Null wins,7
43932,primer-uds-north,4.235,0.01343,108.12,108.17,-0.06,332.1,332.3,-0.2,0.0,0.083,0.6922,0.056,3.18,Neutral,7
44053,primer-uds-north,5.438,0.02425,219.31,221.19,-1.88,665.7,671.4,-5.6,0.0,0.186,0.2911,0.01,11.83,Neutral,7
44681,primer-uds-north,4.581,0.0162,146.78,144.76,2.03,448.1,442.1,6.1,0.0,0.277,0.0975,0.73,8.45,Weak,7
46085,primer-uds-north,4.786,0.01797,5444.57,5445.65,-1.08,16341.5,16344.7,-3.2,0.0,0.251,0.1267,0.193,6.07,Neutral,7
48927,primer-uds-north,7.907,0.05628,9.6,9.75,-0.15,36.6,37.0,-0.4,0.0,0.24,0.3754,0.01,4.37,Neutral,7
52141,primer-uds-north,7.13,0.04479,14.28,14.58,-0.31,50.6,51.5,-0.9,0.382,0.271,0.0003,2.358,4.19,Neutral,7
52856,primer-uds-north,6.321,0.0342,37.28,37.28,-0.0,119.6,119.6,-0.0,0.213,0.0,0.3968,0.01,1.58,Neutral,7
53667,primer-uds-north,4.564,0.01606,303.78,303.85,-0.06,919.1,919.3,-0.2,0.0,0.258,0.2182,0.23,6.01,Neutral,7
54143,primer-uds-north,4.732,0.01749,3.9,3.85,0.05,19.5,19.3,0.1,0.0,0.22,0.0953,0.892,3.27,Neutral,7
54603,primer-uds-north,5.652,0.02651,54.22,54.29,-0.07,170.4,170.6,-0.2,0.0,0.014,0.4644,0.01,4.56,Neutral,7
55902,primer-uds-north,8.67,0.06887,45.87,30.88,14.99,145.4,100.4,45.0,0.0,0.308,0.3967,0.01,5.68,Support,7
56783,primer-uds-north,5.313,0.02298,61.05,61.97,-0.92,190.9,193.7,-2.8,0.0,0.286,0.1418,0.01,21.48,Neutral,7
57469,primer-uds-north,5.668,0.02668,463.87,466.19,-2.32,1399.4,1406.3,-6.9,0.0,0.086,0.5104,0.01,4.55,Null wins,7
57944,primer-uds-north,5.29,0.02274,73.14,73.88,-0.75,227.2,229.4,-2.2,0.0,0.185,0.387,0.01,7.56,Neutral,7
61010,primer-uds-north,7.134,0.04485,9.62,9.77,-0.15,36.6,37.1,-0.4,0.0,0.191,0.4667,0.01,4.25,Neutral,7
61298,primer-uds-north,5.243,0.02227,229.21,231.36,-2.15,695.4,701.9,-6.4,0.0,0.228,0.215,0.01,12.24,Null wins,7
61378,primer-uds-north,7.458,0.04948,11.18,11.14,0.04,41.3,41.2,0.1,0.0,0.252,0.204,0.466,2.52,Neutral,7
62716,primer-uds-north,5.387,0.02372,53.52,54.45,-0.92,168.3,171.1,-2.8,0.0,0.168,0.588,0.01,4.87,Neutral,7
64273,primer-uds-north,7.132,0.04481,18.05,18.46,-0.41,61.9,63.1,-1.2,0.0,0.326,0.165,0.01,10.5,Neutral,7
66007,primer-uds-north,4.596,0.01633,1.9,1.9,-0.0,13.5,13.5,-0.0,0.0,0.31,0.3469,0.01,12.4,Neutral,7
67270,primer-uds-north,5.665,0.02665,344.49,348.27,-3.78,1041.2,1052.6,-11.4,0.0,0.193,0.3454,0.01,9.93,Null wins,7
68006,primer-uds-north,5.16,0.02146,275.69,281.9,-6.22,834.8,853.5,-18.6,0.0,0.338,0.1422,0.01,17.17,Null wins,7
69921,primer-uds-north,5.655,0.02654,92.32,93.28,-0.96,284.7,287.6,-2.9,0.0,0.206,0.2423,0.01,14.53,Neutral,7
69936,primer-uds-north,7.034,0.04346,2.77,2.8,-0.03,16.1,16.2,-0.1,0.322,0.281,0.0792,0.501,3.61,Neutral,7
70423,primer-uds-north,5.478,0.02466,11.01,11.3,-0.28,40.8,41.7,-0.8,0.0,0.314,0.3212,0.01,16.2,Neutral,7
70813,primer-uds-north,4.706,0.01727,346.0,345.66,0.34,1045.8,1044.8,1.0,0.0,0.287,0.105,0.537,6.03,Neutral,7
71037,primer-uds-north,6.849,0.04096,78.87,78.05,0.82,244.4,241.9,2.5,0.0,0.287,0.3556,0.01,14.7,Neutral,7
71893,primer-uds-north,6.429,0.03554,12.78,1.2,11.58,46.1,11.4,34.7,0.0,0.247,0.3905,0.143,4.21,Support,7
4278,primer-cosmos-east,5.658,0.02657,48.21,48.3,-0.09,152.4,152.7,-0.3,0.0,0.033,0.6508,0.01,3.48,Neutral,7
6282,primer-cosmos-east,5.674,0.02674,331.93,333.47,-1.55,1003.6,1008.2,-4.6,0.0,0.058,0.5941,0.01,4.82,Neutral,7
9227,primer-cosmos-east,5.714,0.02718,1571.82,1573.05,-1.23,4723.2,4726.9,-3.7,0.0,0.062,0.5896,0.01,3.14,Neutral,7
10696,primer-cosmos-east,5.668,0.02668,119.6,120.72,-1.12,366.6,369.9,-3.4,0.0,0.179,0.4584,0.01,7.7,Neutral,7
11967,primer-cosmos-east,5.482,0.02471,17.01,17.11,-0.1,58.8,59.1,-0.3,0.0,0.083,0.3854,0.01,5.15,Neutral,7
14086,primer-cosmos-east,7.127,0.04475,24.68,25.32,-0.64,81.8,83.7,-1.9,0.0,0.257,0.3428,0.01,11.3,Neutral,7
14487,primer-cosmos-east,7.169,0.04534,4.04,4.06,-0.02,19.9,20.0,-0.1,0.259,0.121,0.1323,0.01,4.53,Neutral,7
15393,primer-cosmos-east,5.689,0.02691,11.45,11.49,-0.05,42.1,42.3,-0.1,0.0,0.059,0.5167,0.01,4.27,Neutral,7
15850,primer-cosmos-east,7.046,0.04362,874.99,887.71,-12.72,2632.7,2670.9,-38.2,0.0,0.256,0.1819,0.01,18.0,Null wins,7
16083,primer-cosmos-east,4.578,0.01617,368.14,368.13,0.01,1112.2,1112.2,0.0,0.0,0.264,0.2027,0.265,6.66,Neutral,7
16408,primer-cosmos-east,4.575,0.01615,111.72,111.71,0.01,343.0,342.9,0.0,0.0,0.29,0.1976,0.337,6.29,Neutral,7
16563,primer-cosmos-east,5.022,0.02014,1223.94,1232.54,-8.6,3679.6,3705.4,-25.8,0.0,0.319,0.1577,0.01,12.77,Null wins,7
17813,primer-cosmos-east,5.227,0.02211,47.33,47.7,-0.37,149.8,150.9,-1.1,0.0,0.183,0.3381,0.01,8.08,Neutral,7
18893,primer-cosmos-east,4.848,0.01853,159.7,158.71,1.0,486.9,483.9,3.0,0.0,0.174,0.0983,0.94,1.58,Neutral,7
19462,primer-cosmos-east,4.365,0.01443,47.86,48.07,-0.2,151.4,152.0,-0.6,0.0,0.226,0.3924,0.01,7.04,Neutral,7
19946,primer-cosmos-east,5.974,0.0301,118.29,119.41,-1.12,362.7,366.0,-3.4,0.0,0.247,0.3449,0.01,5.61,Neutral,7
20187,primer-cosmos-east,6.608,0.0378,786.72,235.01,551.71,2368.0,712.8,1655.1,0.0,0.257,0.3042,0.01,9.15,Support,7
21943,primer-cosmos-east,4.715,0.01735,156.64,156.76,-0.11,477.7,478.1,-0.3,0.0,0.244,0.2655,0.119,5.69,Neutral,7
23571,primer-cosmos-east,4.761,0.01775,30.09,29.79,0.3,98.1,97.2,0.9,0.0,0.285,0.1291,0.776,3.11,Neutral,7
26971,primer-cosmos-east,6.407,0.03526,1492.47,572.76,919.71,4485.2,1726.1,2759.1,0.0,0.254,0.1717,0.461,4.35,Support,7
27072,primer-cosmos-east,4.957,0.01953,72399.5,71987.48,412.02,217206.3,215970.2,1236.1,0.0,0.032,0.0133,1.669,0.91,Support,7
27765,primer-cosmos-east,5.173,0.02158,265.65,267.8,-2.15,804.7,811.2,-6.5,0.0,0.216,0.3041,0.01,7.74,Null wins,7
31668,primer-cosmos-east,5.608,0.02603,1997.05,2010.99,-13.94,5998.9,6040.7,-41.8,0.0,0.298,0.1856,0.01,11.88,Null wins,7
31770,primer-cosmos-east,5.779,0.0279,3809.41,3857.26,-47.85,11436.0,11579.6,-143.5,0.0,0.208,0.2955,0.01,11.06,Null wins,7
32928,primer-cosmos-east,4.458,0.01518,2445.36,1119.53,1325.82,7343.8,3366.4,3977.5,0.0,0.233,0.3471,0.068,6.71,Support,7
40209,primer-cosmos-east,5.461,0.02448,86.85,88.23,-1.38,268.3,272.5,-4.1,0.0,0.254,0.3232,0.01,7.85,Neutral,7
40642,primer-cosmos-east,4.634,0.01665,25.74,25.4,0.34,85.0,84.0,1.0,0.0,0.242,0.1221,0.864,2.79,Neutral,7
40799,primer-cosmos-east,7.681,0.0528,31.79,33.38,-1.59,103.1,107.9,-4.8,0.0,0.345,0.1896,0.01,11.34,Neutral,7
42464,primer-cosmos-east,5.367,0.02352,1254.51,1267.44,-12.94,3771.3,3810.1,-38.8,0.0,0.164,0.4338,0.01,6.14,Null wins,7
43445,primer-cosmos-east,5.697,0.02699,7.78,7.84,-0.06,31.1,31.3,-0.2,0.0,0.124,0.6435,0.01,3.83,Neutral,7
45179,primer-cosmos-east,7.105,0.04445,184.25,186.38,-2.13,560.5,566.9,-6.4,0.0,0.154,0.5043,0.01,7.0,Null wins,7
47824,primer-cosmos-east,5.655,0.02654,253.81,255.1,-1.28,769.2,773.1,-3.9,0.0,0.086,0.5384,0.01,4.98,Neutral,7
48498,primer-cosmos-east,4.453,0.01514,9.85,2.56,7.29,37.3,15.5,21.9,0.318,0.169,0.0,4.0,5.66,Weak,7
48540,primer-cosmos-east,5.656,0.02655,33.43,33.6,-0.17,108.1,108.6,-0.5,0.0,0.089,0.4212,0.01,6.73,Neutral,7
50325,primer-cosmos-east,6.428,0.03552,469.39,195.17,274.22,1416.0,593.3,822.7,0.0,0.242,0.1426,0.657,2.7,Support,7
50988,primer-cosmos-east,4.526,0.01574,1154.0,1144.69,9.31,3469.8,3441.9,27.9,0.0,0.324,0.0819,0.638,9.68,Weak,7
51514,primer-cosmos-east,4.437,0.01501,2843.01,1346.5,1496.51,8536.8,4047.3,4489.5,0.0,0.285,0.1719,0.279,7.18,Support,7
51855,primer-cosmos-east,4.651,0.0168,1118.82,1114.51,4.31,3364.3,3351.3,12.9,0.0,0.253,0.1155,0.718,3.91,Weak,7
52084,primer-cosmos-east,7.076,0.04403,268.77,273.69,-4.92,814.1,828.9,-14.8,0.0,0.232,0.4761,0.01,15.64,Null wins,7
52124,primer-cosmos-east,4.834,0.0184,199.09,199.27,-0.19,605.0,605.6,-0.6,0.0,0.275,0.2146,0.238,5.72,Neutral,7
54661,primer-cosmos-east,5.668,0.02668,42.3,42.31,-0.01,134.7,134.7,-0.0,0.0,0.003,0.5516,0.01,3.77,Neutral,7
55423,primer-cosmos-east,5.408,0.02394,134.78,141.51,-6.73,412.1,432.3,-20.2,0.0,0.349,0.1969,0.01,15.5,Null wins,7
344,primer-uds-south,7.135,0.04486,22.43,22.93,-0.5,75.1,76.6,-1.5,0.0,0.279,0.2494,0.01,9.61,Neutral,7
2480,primer-uds-south,4.684,0.01708,12.45,12.48,-0.03,45.1,45.2,-0.1,0.36,0.244,0.0881,0.01,3.87,Neutral,7
4620,primer-uds-south,5.746,0.02753,178.01,179.43,-1.42,541.8,546.1,-4.3,0.0,0.281,0.2893,0.01,6.75,Neutral,7
7830,primer-uds-south,5.545,0.02537,21.74,22.0,-0.26,73.0,73.8,-0.8,0.0,0.206,0.4741,0.01,5.26,Neutral,7
9104,primer-uds-south,6.093,0.03148,39.3,39.54,-0.24,125.7,126.4,-0.7,0.0,0.187,0.4554,0.01,5.81,Neutral,7
9791,primer-uds-south,5.028,0.02019,21.22,21.64,-0.42,71.5,72.7,-1.3,0.0,0.29,0.275,0.01,8.42,Neutral,7
11501,primer-uds-south,4.68,0.01705,588.84,592.72,-3.88,1774.3,1786.0,-11.7,0.0,0.195,0.4625,0.01,5.96,Null wins,7
14258,primer-uds-south,5.472,0.0246,54.22,54.43,-0.21,170.5,171.1,-0.6,0.0,0.07,0.6065,0.01,5.48,Neutral,7
17986,primer-uds-south,4.94,0.01937,887.5,887.12,0.38,2670.3,2669.2,1.1,0.0,0.274,0.2282,0.14,7.11,Neutral,7
21488,primer-uds-south,5.414,0.024,4473.11,4520.5,-47.39,13427.1,13569.3,-142.2,0.0,0.21,0.2318,0.01,12.38,Null wins,7
22358,primer-uds-south,4.676,0.01702,114.74,114.46,0.28,352.0,351.2,0.8,0.0,0.225,0.0787,0.968,2.64,Neutral,7
23107,primer-uds-south,4.953,0.01949,12.0,11.73,0.27,43.8,43.0,0.8,0.0,0.28,0.1,0.815,5.3,Neutral,7
25430,primer-uds-south,7.128,0.04476,28.1,28.41,-0.3,92.1,93.0,-0.9,0.095,0.149,0.2894,0.01,6.39,Neutral,7
28931,primer-uds-south,7.905,0.05624,432.09,439.39,-7.3,1304.1,1326.0,-21.9,0.0,0.214,0.281,0.01,11.87,Null wins,7
29392,primer-uds-south,7.471,0.04967,6.06,6.33,-0.28,26.0,26.8,-0.8,0.0,0.314,0.3635,0.01,8.01,Neutral,7
30157,primer-uds-south,4.727,0.01745,39.18,38.92,0.26,125.3,124.5,0.8,0.0,0.264,0.1448,0.713,3.39,Neutral,7
30191,primer-uds-south,4.037,0.01196,34.48,34.46,0.02,111.2,111.2,0.1,0.428,0.262,0.0422,0.501,6.09,Neutral,7
30520,primer-uds-south,5.35,0.02334,6.36,6.42,-0.06,26.9,27.0,-0.2,0.375,0.247,0.1721,0.01,4.03,Neutral,7
32880,primer-uds-south,4.756,0.01771,287.94,285.51,2.43,871.6,864.3,7.3,0.0,0.23,0.0489,1.04,8.18,Weak,7
33445,primer-uds-south,4.346,0.01428,369.46,369.45,0.01,1116.2,1116.1,0.0,0.0,0.064,0.3449,0.371,1.97,Neutral,7
33898,primer-uds-south,4.545,0.0159,11.31,11.28,0.03,41.7,41.6,0.1,0.0,0.194,0.057,1.051,2.78,Neutral,7
36872,primer-uds-south,7.135,0.04486,133.96,135.55,-1.59,409.7,414.4,-4.8,0.0,0.203,0.302,0.01,13.7,Neutral,7
37557,primer-uds-south,5.656,0.02655,1424.91,1434.97,-10.05,4282.5,4312.7,-30.2,0.0,0.137,0.386,0.01,8.87,Null wins,7
37751,primer-uds-south,5.359,0.02344,651.81,658.48,-6.67,1963.2,1983.2,-20.0,0.0,0.221,0.2031,0.01,14.06,Null wins,7
37878,primer-uds-south,4.773,0.01786,9.91,9.64,0.28,37.5,36.7,0.8,0.0,0.315,0.0789,1.003,4.25,Neutral,7
39711,primer-uds-south,5.462,0.02449,19.23,19.26,-0.03,65.5,65.5,-0.1,0.0,0.031,0.6537,0.01,4.24,Neutral,7
44435,primer-uds-south,5.173,0.02159,49.45,49.61,-0.16,156.1,156.6,-0.5,0.0,0.237,0.2413,0.01,10.87,Neutral,7
45383,primer-uds-south,4.855,0.0186,9.02,9.08,-0.06,34.8,35.0,-0.2,0.0,0.266,0.3554,0.01,4.28,Neutral,7
45637,primer-uds-south,4.536,0.01583,356.8,354.98,1.82,1078.2,1072.7,5.5,0.0,0.265,0.1439,0.742,3.17,Neutral,7
47509,primer-uds-south,5.659,0.02659,153.86,154.74,-0.88,469.4,472.0,-2.6,0.0,0.1,0.5737,0.01,4.74,Neutral,7
48686,primer-uds-south,4.844,0.01849,1.38,1.36,0.02,11.9,11.9,0.0,0.0,0.255,0.1044,0.906,3.27,Neutral,7
48982,primer-uds-south,5.388,0.02373,105.91,107.04,-1.13,325.5,328.9,-3.4,0.0,0.192,0.3472,0.01,7.34,Neutral,7
50716,primer-uds-south,7.864,0.0556,40.27,41.37,-1.1,128.6,131.9,-3.3,0.0,0.265,0.2677,0.01,12.93,Neutral,7
51593,primer-uds-south,4.458,0.01518,153.44,32.12,121.33,468.1,104.1,364.0,0.0,0.326,0.1824,0.29,17.28,Support,7
52581,primer-uds-south,6.167,0.03235,942.84,952.8,-9.96,2836.3,2866.2,-29.9,0.0,0.297,0.1761,0.01,10.02,Null wins,7
55634,primer-uds-south,6.88,0.04137,133.89,132.77,1.12,409.5,406.1,3.4,0.0,0.142,0.1152,0.775,1.66,Neutral,7
55783,primer-uds-south,4.626,0.01658,570.3,571.3,-1.0,1718.7,1721.7,-3.0,0.0,0.2,0.2329,0.01,6.8,Neutral,7
57494,primer-uds-south,4.024,0.01187,1614.62,1619.82,-5.21,4851.6,4867.3,-15.6,0.0,0.185,0.4858,0.01,5.17,Null wins,7
59568,primer-uds-south,8.902,0.07295,11.94,12.14,-0.2,43.6,44.2,-0.6,0.0,0.286,0.4366,0.01,8.96,Neutral,7
59880,primer-uds-south,5.663,0.02663,22.14,22.22,-0.08,74.2,74.4,-0.2,0.0,0.074,0.4822,0.01,8.79,Neutral,7
59971,primer-uds-south,5.392,0.02377,13.66,13.68,-0.01,48.8,48.8,-0.0,0.0,0.01,0.2886,0.01,3.62,Neutral,7
60046,primer-uds-south,5.463,0.0245,39.68,39.68,-0.0,126.8,126.8,-0.0,0.0,0.0,0.6008,0.01,2.46,Neutral,7
60446,primer-uds-south,4.366,0.01444,202.7,204.65,-1.95,615.9,621.7,-5.9,0.0,0.256,0.3137,0.01,10.71,Neutral,7
62395,primer-uds-south,5.659,0.02658,697.51,704.07,-6.56,2100.3,2120.0,-19.7,0.0,0.192,0.2325,0.01,12.46,Null wins,7
66511,primer-uds-south,7.131,0.0448,1760.28,1788.61,-28.33,5288.6,5373.6,-85.0,0.0,0.285,0.1115,0.01,40.22,Null wins,7
67076,primer-uds-south,7.937,0.05675,138.81,140.82,-2.01,424.2,430.3,-6.0,0.0,0.181,0.3865,0.01,5.8,Null wins,7
68947,primer-uds-south,5.656,0.02655,2194.04,2214.95,-20.91,6589.9,6652.6,-62.7,0.0,0.22,0.1337,0.01,17.99,Null wins,7
69772,primer-uds-south,5.429,0.02416,1029.19,1038.51,-9.32,3095.4,3123.3,-28.0,0.0,0.202,0.239,0.01,10.35,Null wins,7
6756,ceers-full,7.136,0.04487,40.86,43.65,-2.79,88.9,94.5,-5.6,0.0,0.352,0.2295,0.01,8.91,Null wins,6
9246,ceers-full,4.604,0.0164,235.58,231.37,4.21,478.3,469.9,8.4,0.0,0.306,0.0951,0.649,7.99,Weak,6
12234,ceers-full,6.142,0.03205,844.94,857.57,-12.63,1697.1,1722.3,-25.3,0.0,0.283,0.2761,0.01,6.47,Null wins,6
12544,ceers-full,4.55,0.01594,115.65,115.4,0.25,238.5,238.0,0.5,0.0,0.245,0.1351,0.773,3.36,Neutral,6
13736,ceers-full,5.357,0.02342,185.56,190.09,-4.53,378.3,387.3,-9.1,0.0,0.285,0.308,0.01,10.25,Null wins,6
14076,ceers-full,5.661,0.02661,66.61,66.9,-0.3,140.4,141.0,-0.6,0.0,0.093,0.6689,0.01,4.56,Neutral,6
19354,ceers-full,5.428,0.02414,302.59,308.66,-6.07,612.4,624.5,-12.1,0.0,0.346,0.1797,0.01,11.06,Null wins,6
20010,ceers-full,8.934,0.07354,5.92,5.95,-0.03,19.0,19.1,-0.1,0.108,0.301,0.3187,0.01,3.96,Neutral,6
20632,ceers-full,5.653,0.02652,837.75,849.1,-11.36,1682.7,1705.4,-22.7,0.0,0.255,0.1743,0.01,13.65,Null wins,6
20897,ceers-full,4.533,0.0158,797.64,786.68,10.96,1602.5,1580.5,21.9,0.0,0.35,0.0817,0.368,29.35,Support,6
22049,ceers-full,7.135,0.04486,452.08,455.83,-3.75,911.3,918.8,-7.5,0.0,0.142,0.358,0.01,10.71,Null wins,6
22239,ceers-full,7.131,0.04481,49.98,50.96,-0.98,107.1,109.1,-2.0,0.0,0.299,0.1157,0.01,30.53,Neutral,6
23054,ceers-full,6.868,0.04121,1.8,1.79,0.01,10.8,10.7,0.0,0.492,0.299,0.0,4.0,5.42,Neutral,6
24464,ceers-full,5.655,0.02654,733.12,738.36,-5.24,1473.4,1483.9,-10.5,0.0,0.134,0.4391,0.01,7.18,Null wins,6
28748,ceers-full,4.753,0.01768,1258.23,1259.23,-1.0,2523.6,2525.6,-2.0,0.0,0.299,0.217,0.01,10.22,Neutral,6
29421,ceers-full,4.785,0.01797,990.53,990.71,-0.18,1988.2,1988.6,-0.4,0.314,0.257,0.0,0.424,4.25,Neutral,6
30600,ceers-full,4.026,0.01188,33.04,33.35,-0.3,73.3,73.9,-0.6,0.0,0.308,0.278,0.01,9.93,Neutral,6
36886,ceers-full,4.45,0.01512,792.29,404.42,387.87,1591.7,816.0,775.7,0.0,0.288,0.2624,0.01,8.34,Support,6
36985,ceers-full,5.654,0.02653,746.69,757.61,-10.92,1500.5,1522.4,-21.8,0.0,0.251,0.1959,0.01,14.44,Null wins,6
39094,ceers-full,4.732,0.01749,588.26,588.31,-0.06,1183.7,1183.8,-0.1,0.0,0.259,0.2353,0.212,4.81,Neutral,6
40589,ceers-full,8.007,0.05785,87.67,89.16,-1.49,182.5,185.5,-3.0,0.0,0.218,0.2786,0.01,6.7,Neutral,6
41179,ceers-full,7.242,0.04637,41.57,39.48,2.08,90.3,86.1,4.2,0.0,0.288,0.131,0.66,3.56,Weak,6
41913,ceers-full,5.246,0.0223,15232.62,15364.03,-131.41,30472.4,30735.2,-262.8,0.0,0.232,0.1135,0.01,24.57,Null wins,6
42093,ceers-full,6.446,0.03575,1778.42,368.69,1409.73,3564.0,744.5,2819.5,0.0,0.307,0.3687,0.01,16.71,Support,6
47021,ceers-full,8.023,0.05811,21.84,22.05,-0.22,50.8,51.3,-0.4,0.0,0.127,0.5087,0.01,3.77,Neutral,6
48983,ceers-full,7.137,0.04488,496.53,529.32,-32.79,1000.2,1065.8,-65.6,0.0,0.347,0.2402,0.01,11.93,Null wins,6
49360,ceers-full,4.737,0.01755,27.17,26.99,0.18,61.5,61.1,0.4,0.0,0.239,0.2164,0.641,3.04,Neutral,6
55490,ceers-full,7.149,0.04506,671.73,695.74,-24.01,1350.6,1398.6,-48.0,0.0,0.288,0.2917,0.01,8.62,Null wins,6
57051,ceers-full,5.668,0.02668,384.17,386.61,-2.44,775.5,780.4,-4.9,0.0,0.116,0.4498,0.01,5.97,Null wins,6
58630,ceers-full,4.547,0.01591,544.68,545.02,-0.34,1096.5,1097.2,-0.7,0.0,0.215,0.3579,0.054,6.4,Neutral,6
59162,ceers-full,7.841,0.05525,278.13,284.73,-6.61,563.4,576.6,-13.2,0.356,0.248,0.0,4.0,4.81,Null wins,6
59626,ceers-full,6.367,0.03477,1417.59,776.05,641.54,2842.3,1559.3,1283.1,0.0,0.206,0.1521,0.608,3.51,Support,6
60774,ceers-full,5.285,0.02269,1241.33,1254.5,-13.17,2489.8,2516.2,-26.3,0.0,0.221,0.2852,0.01,7.49,Null wins,6
61323,ceers-full,7.127,0.04475,52.57,53.65,-1.08,112.3,114.5,-2.2,0.0,0.255,0.3229,0.01,8.77,Neutral,6
63106,ceers-full,5.656,0.02655,1911.86,1929.43,-17.57,3830.9,3866.0,-35.1,0.0,0.158,0.3976,0.01,6.9,Null wins,6
67137,ceers-full,7.496,0.05004,21.03,21.3,-0.26,49.2,49.8,-0.5,0.0,0.116,0.0197,1.484,1.57,Neutral,6
68816,ceers-full,4.532,0.01579,178.16,176.44,1.72,363.5,360.0,3.4,0.0,0.286,0.1504,0.439,12.35,Neutral,6
70681,ceers-full,7.901,0.05618,68.81,70.43,-1.62,144.8,148.0,-3.2,0.13,0.245,0.2346,0.01,6.41,Neutral,6
71267,ceers-full,7.518,0.05035,39.6,40.13,-0.52,86.4,87.4,-1.0,0.152,0.176,0.3417,0.01,4.01,Neutral,6
71321,ceers-full,7.129,0.04478,64.46,65.48,-1.02,136.1,138.1,-2.0,0.0,0.234,0.2606,0.01,8.69,Neutral,6
71380,ceers-full,7.126,0.04473,729.67,740.0,-10.33,1466.5,1487.2,-20.7,0.0,0.24,0.1944,0.01,15.0,Null wins,6
72633,ceers-full,5.443,0.0243,289.93,292.43,-2.5,587.0,592.0,-5.0,0.355,0.074,0.0,4.0,2.27,Null wins,6
72956,ceers-full,8.904,0.073,12.78,12.97,-0.19,32.7,33.1,-0.4,0.0,0.273,0.4621,0.01,4.78,Neutral,6
73890,ceers-full,5.66,0.0266,59.72,59.83,-0.1,126.6,126.8,-0.2,0.0,0.03,0.6607,0.01,4.28,Neutral,6
7242,primer-cosmos-west,5.659,0.02658,46.49,46.58,-0.09,147.3,147.5,-0.3,0.0,0.034,0.6628,0.01,3.55,Neutral,7
8118,primer-cosmos-west,5.642,0.0264,16.22,16.22,0.0,56.4,56.4,0.0,0.0,0.0,0.7849,0.01,3.24,Neutral,7
13074,primer-cosmos-west,5.215,0.02199,1792.08,1813.22,-21.14,5384.0,5447.4,-63.4,0.0,0.266,0.1974,0.01,14.26,Null wins,7
13666,primer-cosmos-west,5.288,0.02272,63.41,64.2,-0.78,198.0,200.4,-2.4,0.0,0.19,0.3683,0.01,7.72,Neutral,7
15233,primer-cosmos-west,4.986,0.0198,332.14,327.2,4.94,1004.2,989.4,14.8,0.0,0.288,0.0393,0.967,8.5,Weak,7
16152,primer-cosmos-west,5.714,0.02718,1564.47,1565.69,-1.23,4701.2,4704.9,-3.7,0.0,0.061,0.5922,0.01,3.12,Neutral,7
18540,primer-cosmos-west,8.934,0.07353,3.22,3.26,-0.04,17.4,17.6,-0.1,0.0,0.32,0.3682,0.01,6.46,Neutral,7
21037,primer-cosmos-west,4.476,0.01533,172.94,83.57,89.37,526.6,258.5,268.1,0.0,0.31,0.0833,0.707,16.81,Support,7
21620,primer-cosmos-west,8.087,0.05913,26.18,26.65,-0.47,86.3,87.7,-1.4,0.0,0.169,0.4006,0.01,6.67,Neutral,7
22379,primer-cosmos-west,5.735,0.02741,44.27,44.99,-0.73,140.6,142.8,-2.2,0.0,0.322,0.2379,0.01,10.69,Neutral,7
22483,primer-cosmos-west,7.135,0.04486,89.83,91.33,-1.5,277.3,281.8,-4.5,0.0,0.191,0.4131,0.01,5.55,Neutral,7
22702,primer-cosmos-west,5.431,0.02418,4296.39,4346.96,-50.58,12896.9,13048.7,-151.7,0.0,0.236,0.1759,0.01,16.78,Null wins,7
25633,primer-cosmos-west,7.051,0.04369,872.39,885.08,-12.68,2625.0,2663.0,-38.1,0.0,0.256,0.1835,0.01,17.88,Null wins,7
26495,primer-cosmos-west,5.02,0.02011,1220.81,1229.45,-8.64,3670.2,3696.1,-25.9,0.0,0.319,0.1587,0.01,12.75,Null wins,7
28491,primer-cosmos-west,5.585,0.02579,711.1,717.33,-6.23,2141.1,2159.8,-18.7,0.0,0.181,0.297,0.01,12.9,Null wins,7
28500,primer-cosmos-west,5.429,0.02415,506.98,511.16,-4.18,1528.7,1541.3,-12.5,0.0,0.198,0.1829,0.01,16.0,Null wins,7
29372,primer-cosmos-west,5.386,0.02371,59.86,60.16,-0.29,187.4,188.2,-0.9,0.0,0.081,0.5902,0.01,3.85,Neutral,7
29568,primer-cosmos-west,4.36,0.0144,45.3,45.49,-0.19,143.7,144.2,-0.6,0.0,0.233,0.3802,0.01,7.57,Neutral,7
30073,primer-cosmos-west,6.004,0.03044,119.68,120.82,-1.14,366.8,370.2,-3.4,0.0,0.246,0.3466,0.01,5.45,Neutral,7
30145,primer-cosmos-west,5.665,0.02664,132.9,133.44,-0.54,406.5,408.1,-1.6,0.0,0.068,0.5744,0.01,6.58,Neutral,7
31319,primer-cosmos-west,6.334,0.03436,199.5,200.09,-0.59,606.3,608.0,-1.8,0.0,0.036,0.7155,0.01,3.4,Neutral,7
31661,primer-cosmos-west,4.463,0.01522,18.06,2.37,15.69,62.0,14.9,47.1,0.0,0.223,0.3499,0.287,4.11,Support,7
32535,primer-cosmos-west,5.749,0.02757,220.6,219.27,1.33,669.6,665.6,4.0,0.0,0.234,0.1452,0.679,2.99,Neutral,7
33230,primer-cosmos-west,4.752,0.01768,30.03,29.75,0.28,97.9,97.0,0.8,0.0,0.277,0.1398,0.752,3.06,Neutral,7
36162,primer-cosmos-west,6.411,0.03531,1497.31,572.58,924.73,4499.7,1725.5,2774.2,0.0,0.255,0.1697,0.468,4.38,Support,7
42656,primer-cosmos-west,5.685,0.02687,299.77,300.2,-0.42,907.1,908.4,-1.3,0.0,0.024,0.6191,0.01,3.28,Neutral,7
43505,primer-cosmos-west,4.675,0.01701,153.48,153.29,0.19,468.2,467.7,0.6,0.0,0.268,0.1671,0.402,6.56,Neutral,7
44446,primer-cosmos-west,7.131,0.04481,62.23,63.37,-1.15,194.5,197.9,-3.4,0.0,0.214,0.4272,0.01,5.96,Neutral,7
46914,primer-cosmos-west,5.655,0.02654,86.97,87.9,-0.93,268.7,271.5,-2.8,0.0,0.205,0.276,0.01,9.89,Neutral,7
47165,primer-cosmos-west,5.234,0.02218,525.02,527.65,-2.63,1582.8,1590.7,-7.9,0.0,0.131,0.448,0.01,6.06,Null wins,7
50300,primer-cosmos-west,5.696,0.02699,8.03,8.08,-0.06,31.9,32.0,-0.2,0.0,0.113,0.6576,0.01,3.73,Neutral,7
50560,primer-cosmos-west,5.146,0.02132,38.9,38.41,0.49,124.5,123.0,1.5,0.0,0.279,0.083,0.773,8.16,Neutral,7
51657,primer-cosmos-west,4.794,0.01805,2593.62,2597.12,-3.5,7788.6,7799.1,-10.5,0.0,0.278,0.156,0.01,9.91,Null wins,7
53626,primer-cosmos-west,5.655,0.02654,259.91,261.23,-1.31,787.5,791.5,-3.9,0.0,0.086,0.5366,0.01,5.02,Neutral,7
54067,primer-cosmos-west,5.656,0.02655,33.93,34.1,-0.17,109.6,110.1,-0.5,0.0,0.087,0.4223,0.01,6.51,Neutral,7
55716,primer-cosmos-west,4.438,0.01502,2763.02,1348.6,1414.41,8296.8,4053.6,4243.2,0.0,0.283,0.1778,0.264,7.15,Support,7
1498,gds,4.663,0.0169,101.84,98.87,2.97,313.3,304.4,8.9,0.0,0.366,0.1338,0.234,15.25,Weak,7
2981,gds,4.812,0.01821,164.5,165.1,-0.61,501.3,503.1,-1.8,0.0,0.174,0.4445,0.01,4.96,Neutral,7
3099,gds,5.458,0.02446,829.01,836.24,-7.23,2494.8,2516.5,-21.7,0.0,0.197,0.2302,0.01,11.39,Null wins,7
5434,gds,4.107,0.01247,1896.16,1914.35,-18.19,5696.3,5750.8,-54.6,0.0,0.222,0.3865,0.01,7.14,Null wins,7
14381,gds,5.444,0.02431,64.11,64.37,-0.26,200.1,200.9,-0.8,0.0,0.084,0.5745,0.01,5.99,Neutral,7
14605,gds,6.928,0.04201,166.74,165.28,1.46,508.0,503.6,4.4,0.0,0.141,0.1073,0.744,1.98,Neutral,7
16053,gds,6.902,0.04166,16.71,16.61,0.1,57.9,57.6,0.3,0.0,0.139,0.1495,0.717,2.07,Neutral,7
18537,gds,4.277,0.01375,1268.08,1268.64,-0.57,3812.0,3813.7,-1.7,0.0,0.075,0.6395,0.015,3.66,Neutral,7
22388,gds,7.182,0.04551,36320.92,36771.22,-450.3,72649.0,73549.6,-900.6,0.051,0.146,0.0034,2.155,2.06,Null wins,6
23636,gds,7.133,0.04483,628.16,641.12,-12.95,1263.5,1289.4,-25.9,0.066,0.285,0.2125,0.01,7.85,Null wins,6
23868,gds,8.928,0.07342,23.89,24.2,-0.31,79.5,80.4,-0.9,0.0,0.377,0.2628,0.01,12.5,Neutral,7
29303,gds,5.986,0.03023,386.02,386.67,-0.66,1165.8,1167.8,-2.0,0.0,0.025,0.6638,0.01,3.68,Neutral,7
32147,gds,4.603,0.01639,2257.69,2270.97,-13.28,6780.8,6820.7,-39.8,0.084,0.194,0.412,0.01,5.26,Null wins,7
32402,gds,4.942,0.01939,121.13,121.68,-0.56,371.2,372.8,-1.7,0.0,0.078,0.4935,0.01,4.8,Neutral,7
35367,gds,5.489,0.02478,3118.33,3153.75,-35.42,9362.8,9469.0,-106.3,0.0,0.322,0.1019,0.01,16.02,Null wins,7
37563,gds,5.713,0.02717,389.52,391.78,-2.25,1176.4,1183.1,-6.8,0.467,0.053,0.0001,3.315,2.09,Null wins,7
39509,gds,4.288,0.01383,73.78,73.98,-0.2,229.1,229.7,-0.6,0.0,0.111,0.5415,0.01,5.07,Neutral,7
41129,gds,7.133,0.04483,492.15,502.72,-10.56,1484.2,1515.9,-31.7,0.0,0.333,0.0985,0.01,32.54,Null wins,7
44531,gds,7.124,0.0447,32.04,32.86,-0.82,71.2,72.9,-1.6,0.0,0.257,0.3716,0.01,6.84,Neutral,6
45202,gds,7.131,0.0448,803.2,822.44,-19.24,2417.4,2475.1,-57.7,0.0,0.323,0.1444,0.01,20.93,Null wins,7
46221,gds,4.045,0.01202,422.94,424.65,-1.71,1276.6,1281.7,-5.1,0.0,0.154,0.5727,0.01,5.11,Neutral,7
46281,gds,4.79,0.01801,13.74,13.73,0.01,49.0,49.0,0.0,0.329,0.339,0.0,4.0,6.85,Neutral,7
51983,gds,7.135,0.04486,381.64,388.78,-7.13,1152.7,1174.1,-21.4,0.0,0.306,0.1511,0.01,12.24,Null wins,7
52017,gds,6.331,0.03433,335.86,337.01,-1.15,1015.4,1018.8,-3.4,0.0,0.065,0.6382,0.01,3.73,Neutral,7
64049,gds,5.271,0.02255,94.66,95.57,-0.91,291.8,294.5,-2.7,0.0,0.173,0.4326,0.01,6.88,Neutral,7
65646,gds,5.658,0.02657,1477.96,1485.89,-7.93,4441.7,4465.5,-23.8,0.0,0.112,0.3357,0.01,9.67,Null wins,7
66116,gds,6.846,0.04092,55.34,57.2,-1.87,173.8,179.4,-5.6,0.055,0.336,0.2766,0.01,7.23,Neutral,7
