ID,field,z_phot,z_dist,chi2nu_null,chi2nu_geff,delta_chi2nu,bic_null,bic_geff,delta_bic,C_blue,C_red,C_AGN,alpha_AGN,ir_excess,N_filt
1072,primer-uds-north,8.91,0.073,4.297161484601889e+83,2.098633337983073e+83,2.1985281466188162e+83,8.594322969203779e+83,4.197266675966146e+83,4.3970562932376324e+83,1.0,0.0,0.5,1.2,8.99,6
1381,primer-uds-north,5.66,0.0266,3.80730844076894e+82,2.8848257334312456e+82,9.22482707337694e+81,1.142192532230682e+83,8.654477200293737e+82,2.7674481220130828e+82,1.0,0.0,0.5,1.2,8.83,7
1470,primer-uds-north,5.4,0.0238,3.625846829897218e+82,2.8307592813920424e+82,7.950875485051757e+81,1.0877540489691654e+83,8.492277844176127e+82,2.3852626455155275e+82,1.0,0.0,0.5,1.2,3.55,7
1544,primer-uds-north,5.46,0.0245,1.380491718821049e+83,1.110485405540989e+83,2.700063132800599e+82,4.141475156463146e+83,3.331456216622967e+83,8.100189398401795e+82,1.0,0.0,0.5,1.2,2.46,7
1939,primer-uds-north,4.36,0.0144,1.6965694284148563e+83,1.4368788326986128e+83,2.5969059571624352e+82,5.089708285244569e+83,4.3106364980958387e+83,7.790717871487308e+82,1.0,0.0,0.5,1.2,10.97,7
3992,primer-uds-north,5.66,0.0266,1.4256095587196655e+84,1.0806732898811284e+84,3.4493626883853717e+83,4.276828676158997e+84,3.242019869643385e+84,1.034808806515612e+84,1.0,0.0,0.5,1.2,12.28,7
7991,primer-uds-north,5.66,0.0265,5.038895010759144e+83,3.863284591779659e+83,1.1756104189794843e+83,1.0077790021518287e+84,7.726569183559319e+83,2.3512208379589688e+83,1.0,0.0,0.5,1.2,41.91,6
8559,primer-uds-north,7.94,0.0567,5.284339339997669e+84,3.0434548355528213e+84,2.240884504444848e+84,1.585301801999301e+85,9.130364506658464e+84,6.722653513334544e+84,1.0,0.0,0.5,1.2,5.82,7
10404,primer-uds-north,5.66,0.0265,2.2892063953921164e+84,1.7361087444001694e+84,5.530976509919467e+83,6.86761918617635e+84,5.208326233200509e+84,1.6592929529758402e+84,1.0,0.0,0.5,1.2,18.72,7
11219,primer-uds-north,5.43,0.0242,1.145477957865917e+84,8.945731080997044e+83,2.509048497662126e+83,3.436433873597751e+84,2.6837193242991133e+84,7.527145492986378e+83,1.0,0.0,0.5,1.2,10.32,7
14419,primer-uds-north,4.82,0.0183,2.9610720332660706e+83,2.48890287349933e+83,4.721691597667406e+82,8.883216099798212e+83,7.46670862049799e+83,1.4165074793002224e+83,1.0,0.0,0.5,1.2,10.43,7
15257,primer-uds-north,6.92,0.0419,1.241400130438919e+84,8.313132889553164e+83,4.1008684148360256e+83,3.7242003913167573e+84,2.493939866865949e+84,1.2302605244508082e+84,1.0,0.0,0.5,1.2,5.13,7
16999,primer-uds-north,4.21,0.0132,8.643807772770524e+83,7.425720153946647e+83,1.218087618823876e+83,2.593142331831157e+84,2.227716046183994e+84,3.654262856471629e+83,1.0,0.0,0.5,1.2,15.58,7
18804,primer-uds-north,4.32,0.0141,1.9198767360954472e+84,1.6928531410048211e+84,2.2702359509062604e+83,5.759630208286341e+84,5.078559423014463e+84,6.810707852718779e+83,1.0,0.0,0.5,1.2,7.18,7
18892,primer-uds-north,4.73,0.0175,1.4589801018779064e+83,1.1851048546865342e+83,2.7387524719137215e+82,4.376940305633719e+83,3.5553145640596025e+83,8.216257415741163e+82,1.0,0.0,0.5,1.2,11.74,7
19416,primer-uds-north,5.43,0.0242,1.794908221921657e+83,1.401200044857513e+83,3.937081770641439e+82,5.384724665764971e+83,4.203600134572539e+83,1.1811245311924322e+83,1.0,0.0,0.5,1.2,3.57,7
21108,primer-uds-north,7.14,0.0449,2.4966842664927347e+84,1.5684063961534525e+84,9.282778703392823e+83,7.490052799478205e+84,4.7052191884603575e+84,2.7848336110178463e+84,1.0,0.0,0.5,1.2,11.86,7
22773,primer-uds-north,4.4,0.0147,2.3550003908772788e+83,2.059993477029225e+83,2.950069138480537e+82,7.065001172631836e+83,6.179980431087676e+83,8.850207415441608e+82,1.0,0.0,0.5,1.2,4.57,7
23575,primer-uds-north,5.66,0.0266,3.309074267675535e+83,2.5080704604773813e+83,8.01003807198154e+82,9.927222803026606e+83,7.524211381432144e+83,2.4030114215944624e+83,1.0,0.0,0.5,1.2,11.21,7
24081,primer-uds-north,5.66,0.0266,1.2941585851564618e+84,9.814262865001667e+83,3.1273229865629516e+83,3.8824757554693857e+84,2.9442788595005e+84,9.381968959688854e+83,1.0,0.0,0.5,1.2,9.25,7
24100,primer-uds-north,4.99,0.0199,1.333936761102214e+84,1.0983250111685415e+84,2.3561174993367253e+83,4.001810283306642e+84,3.2949750335056246e+84,7.068352498010172e+83,1.0,0.0,0.5,1.2,6.68,7
29106,primer-uds-north,5.2,0.0219,8.10137801230774e+83,6.50741199687947e+83,1.5939660154282707e+83,2.430413403692322e+84,1.952223599063841e+84,4.781898046284813e+83,1.0,0.0,0.5,1.2,5.95,7
29110,primer-uds-north,7.13,0.0448,1.44265528301415e+83,9.521306884683282e+82,4.9052459454582186e+82,2.8853105660283e+83,1.9042613769366564e+83,9.810491890916437e+82,1.0,0.0,0.5,1.2,13.87,6
31581,primer-uds-north,4.16,0.0129,6.9455582872620845e+81,6.220463427675888e+81,7.250948595861959e+80,2.0836674861786254e+82,1.8661390283027667e+82,2.1752845787585877e+81,1.0,0.0,0.5,1.2,8.76,7
31645,primer-uds-north,4.76,0.0177,2.9111991006002466e+83,2.45142668510129e+83,4.5977241549895646e+82,8.733597301800741e+83,7.35428005530387e+83,1.37931724649687e+83,1.0,0.0,0.5,1.2,4.9,7
32025,primer-uds-north,4.04,0.012,3.970859572688338e+83,3.6134391178564795e+83,3.574204548318587e+82,1.1912578718065015e+84,1.0840317353569439e+84,1.0722613644955767e+83,1.0,0.0,0.5,1.2,6.43,7
32237,primer-uds-north,4.61,0.0165,4.879558275961065e+84,4.173290142938267e+84,7.062681330227981e+83,1.4638674827883196e+85,1.2519870428814802e+85,2.1188043990683936e+84,1.0,0.0,0.5,1.2,8.04,7
32986,primer-uds-north,4.15,0.0128,1.5912087022844094e+82,1.426109553476447e+82,1.6509914880796218e+81,4.7736261068532285e+82,4.2783286604293416e+82,4.952974464238869e+81,1.0,0.0,0.5,1.2,3.19,7
33332,primer-uds-north,4.54,0.0159,3.0006533769267574e+83,2.598939310735643e+83,4.0171406619111455e+82,9.001960130780272e+83,7.796817932206927e+83,1.2051421985733436e+83,1.0,0.0,0.5,1.2,2.97,7
33774,primer-uds-north,7.14,0.0449,1.406872979952423e+84,8.835803306812186e+83,5.232926492712045e+83,4.220618939857269e+84,2.6507409920436557e+84,1.5698779478136134e+84,1.0,0.0,0.5,1.2,4.19,7
35111,primer-uds-north,5.66,0.0266,7.875341833623969e+83,5.971707642555297e+83,1.903634191068672e+83,2.3626025500871905e+84,1.791512292766589e+84,5.710902573206016e+83,1.0,0.0,0.5,1.2,8.97,7
36327,primer-uds-north,7.86,0.0556,6.789464880097054e+83,3.8682283911774575e+83,2.9212364889195963e+83,2.0368394640291163e+84,1.1604685173532372e+84,8.763709466758791e+83,1.0,0.0,0.5,1.2,5.09,7
42014,primer-uds-north,4.55,0.016,2.4120882510811105e+81,2.1142249170182203e+81,2.978633340628902e+80,4.824176502162221e+81,4.228449834036441e+81,5.957266681257804e+80,1.0,0.0,0.5,1.2,5.15,6
42859,primer-uds-north,6.58,0.0375,1.3635671338663755e+84,9.373202052808403e+83,4.262469285855352e+83,4.090701401599127e+84,2.8119606158425207e+84,1.278740785756606e+84,1.0,0.0,0.5,1.2,28.92,7
43738,primer-uds-north,5.09,0.0208,3.1593668775389584e+84,2.5713121544078297e+84,5.880547231311287e+83,9.478100632616875e+84,7.7139364632234895e+84,1.764164169393385e+84,1.0,0.0,0.5,1.2,11.86,7
43932,primer-uds-north,4.24,0.0134,2.2502678806617116e+83,1.9176165957530946e+83,3.32651284908617e+82,6.750803641985135e+83,5.752849787259284e+83,9.97953854725851e+82,1.0,0.0,0.5,1.2,3.18,7
44053,primer-uds-north,5.44,0.0242,3.628020248177539e+83,2.8301380177845636e+83,7.978822303929752e+82,1.0884060744532616e+84,8.490414053353689e+83,2.3936466911789265e+83,1.0,0.0,0.5,1.2,11.83,7
44681,primer-uds-north,4.58,0.0162,4.868476633942716e+83,4.0171973584131237e+83,8.512792755295929e+82,1.460542990182815e+84,1.205159207523937e+84,2.553837826588779e+83,1.0,0.0,0.5,1.2,8.45,7
46085,primer-uds-north,4.79,0.018,4.133191573988576e+84,3.4851853663635577e+84,6.480062076250181e+83,1.2399574721965726e+85,1.0455556099090673e+85,1.9440186228750537e+84,1.0,0.0,0.5,1.2,6.07,7
48927,primer-uds-north,7.91,0.0563,9.810926336761462e+82,5.649492838592776e+82,4.161433498168686e+82,1.9621852673522923e+83,1.1298985677185552e+83,8.322866996337372e+82,1.0,0.0,0.5,1.2,4.37,6
52141,primer-uds-north,7.13,0.0448,7.033243829984124e+83,4.435498996546484e+83,2.59774483343764e+83,2.109973148995237e+84,1.330649698963945e+84,7.793234500312919e+83,1.0,0.0,0.5,1.2,4.19,7
52856,primer-uds-north,6.32,0.0342,2.765061560733402e+83,1.970303232722758e+83,7.94758328010644e+82,8.295184682200206e+83,5.910909698168274e+83,2.3842749840319318e+83,1.0,0.0,0.5,1.2,1.58,7
53667,primer-uds-north,4.56,0.0161,4.011882441355282e+83,3.4525616241451625e+83,5.593208172101189e+82,1.2035647324065846e+84,1.035768487243549e+84,1.6779624516303567e+83,1.0,0.0,0.5,1.2,6.01,7
54143,primer-uds-north,4.73,0.0175,1.4361389304714149e+83,1.212879525612902e+83,2.232594048585127e+82,4.308416791414245e+83,3.6386385768387066e+83,6.697782145755377e+82,1.0,0.0,0.5,1.2,3.27,7
54603,primer-uds-north,5.65,0.0265,3.8074256854670766e+83,2.8885418382625286e+83,9.188838472045485e+82,1.1422277056401232e+84,8.665625514787584e+83,2.7566515416136466e+83,1.0,0.0,0.5,1.2,4.56,7
55902,primer-uds-north,8.67,0.0689,3.74612742253437e+84,1.9168449506499218e+84,1.8292824718844483e+84,1.123838226760311e+85,5.750534851949766e+84,5.487847415653345e+84,1.0,0.0,0.5,1.2,5.68,7
56783,primer-uds-north,5.31,0.023,1.5680431602737906e+83,1.241872518119139e+83,3.261706421546517e+82,4.704129480821373e+83,3.725617554357417e+83,9.785119264639558e+82,1.0,0.0,0.5,1.2,21.48,7
57469,primer-uds-north,5.67,0.0267,2.7059978479713216e+84,2.048710994555517e+84,6.572868534158048e+83,8.117993543913965e+84,6.146132983666551e+84,1.9718605602474145e+84,1.0,0.0,0.5,1.2,4.55,7
57944,primer-uds-north,5.29,0.0227,2.986177316893008e+83,2.3715081525304733e+83,6.146691643625346e+82,8.958531950679025e+83,7.11452445759142e+83,1.8440074930876047e+83,1.0,0.0,0.5,1.2,7.56,7
61010,primer-uds-north,7.13,0.0448,6.568274364060565e+82,4.1794638669081994e+82,2.388810497152366e+82,1.313654872812113e+83,8.358927733816399e+82,4.777620994304732e+82,1.0,0.0,0.5,1.2,4.25,6
61298,primer-uds-north,5.24,0.0223,4.1664768955301227e+83,3.315850754852133e+83,8.506261406779899e+82,1.2499430686590367e+84,9.947552264556397e+83,2.55187842203397e+83,1.0,0.0,0.5,1.2,12.24,7
61378,primer-uds-north,7.46,0.0495,8.063307030119425e+82,5.046676710655231e+82,3.0166303194641935e+82,1.612661406023885e+83,1.0093353421310462e+83,6.033260638928387e+82,1.0,0.0,0.5,1.2,2.52,6
62716,primer-uds-north,5.39,0.0237,1.0599659604798224e+84,8.320489465991639e+83,2.2791701388065858e+83,3.1798978814394673e+84,2.4961468397974917e+84,6.837510416419756e+83,1.0,0.0,0.5,1.2,4.87,7
64273,primer-uds-north,7.13,0.0448,6.263712631783216e+82,4.132431228783077e+82,2.131281403000139e+82,1.2527425263566432e+83,8.264862457566154e+82,4.262562806000278e+82,1.0,0.0,0.5,1.2,10.5,6
66007,primer-uds-north,4.6,0.0163,9.010095233443982e+82,7.422542108465038e+82,1.5875531249789438e+82,2.7030285700331944e+83,2.2267626325395114e+83,4.76265937493683e+82,1.0,0.0,0.5,1.2,12.4,7
67270,primer-uds-north,5.67,0.0266,8.75957461820763e+83,6.634546495878534e+83,2.1250281223290968e+83,2.627872385462289e+84,1.99036394876356e+84,6.375084366987289e+83,1.0,0.0,0.5,1.2,9.93,7
68006,primer-uds-north,5.16,0.0215,1.5968876696030684e+84,1.2891650950148678e+84,3.077225745882006e+83,4.790663008809205e+84,3.8674952850446034e+84,9.231677237646015e+83,1.0,0.0,0.5,1.2,17.17,7
69921,primer-uds-north,5.65,0.0265,4.274195727248077e+83,3.2413639092646784e+83,1.0328318179833988e+83,1.2822587181744232e+84,9.724091727794036e+83,3.098495453950196e+83,1.0,0.0,0.5,1.2,14.53,7
69936,primer-uds-north,7.03,0.0435,1.1312303979048703e+84,7.434920388877865e+83,3.877383590170838e+83,3.3936911937146107e+84,2.2304761166633596e+84,1.163215077051251e+84,1.0,0.0,0.5,1.2,3.61,7
70423,primer-uds-north,5.48,0.0247,2.7140759790913886e+82,2.128188346345624e+82,5.858876327457641e+81,5.4281519581827765e+82,4.256376692691248e+82,1.1717752654915282e+82,1.0,0.0,0.5,1.2,16.2,6
70813,primer-uds-north,4.71,0.0173,3.008420845143559e+83,2.558777956570959e+83,4.496428885726004e+82,9.025262535430676e+83,7.676333869712876e+83,1.348928665717801e+83,1.0,0.0,0.5,1.2,6.03,7
71037,primer-uds-north,6.85,0.041,3.8397588025624398e+84,2.5281952767042672e+84,1.3115635258581725e+84,1.151927640768732e+85,7.584585830112801e+84,3.934690577574518e+84,1.0,0.0,0.5,1.2,14.7,7
71893,primer-uds-north,6.43,0.0355,1.6623440188840208e+83,1.2017082319067863e+83,4.606357869772342e+82,4.987032056652062e+83,3.605124695720359e+83,1.3819073609317027e+83,1.0,0.0,0.5,1.2,4.21,7
4278,primer-cosmos-east,5.66,0.0266,1.2410807235438088e+83,9.41795379455421e+82,2.9928534408838785e+82,3.7232421706314263e+83,2.825386138366263e+83,8.978560322651634e+82,1.0,0.0,0.5,1.2,3.48,7
6282,primer-cosmos-east,5.67,0.0267,1.3616641408167754e+84,1.0307072478937996e+84,3.3095689292297554e+83,4.084992422450325e+84,3.0921217436813987e+84,9.928706787689266e+83,1.0,0.0,0.5,1.2,4.82,7
9227,primer-cosmos-east,5.71,0.0272,6.863714772840215e+84,5.355884135663199e+84,1.5078306371770165e+84,2.0591144318520646e+85,1.6067652406989595e+85,4.523491911531051e+84,1.0,0.0,0.5,1.2,3.14,7
10696,primer-cosmos-east,5.67,0.0267,2.5143033046680714e+83,1.9037007228582804e+83,6.10602581809791e+82,7.542909914004214e+83,5.711102168574841e+83,1.8318077454293729e+83,1.0,0.0,0.5,1.2,7.7,7
11967,primer-cosmos-east,5.48,0.0247,3.611843031268793e+82,2.8981128074003814e+82,7.137302238684116e+81,1.0835529093806378e+83,8.694338422201144e+82,2.141190671605234e+82,1.0,0.0,0.5,1.2,5.15,7
14086,primer-cosmos-east,7.13,0.0447,8.934540641736944e+83,5.800021546270306e+83,3.1345190954666363e+83,2.6803621925210827e+84,1.7400064638810922e+84,9.403557286399908e+83,1.0,0.0,0.5,1.2,11.3,7
14487,primer-cosmos-east,7.17,0.0453,2.4771046343847713e+83,1.5909003939634304e+83,8.862042404213405e+82,7.431313903154315e+83,4.772701181890292e+83,2.6586127212640227e+83,1.0,0.0,0.5,1.2,4.53,7
15393,primer-cosmos-east,5.69,0.0269,4.973161088578768e+82,3.755343063072177e+82,1.2178180255065908e+82,1.4919483265736303e+83,1.1266029189216532e+83,3.6534540765197716e+82,1.0,0.0,0.5,1.2,4.27,7
15850,primer-cosmos-east,7.05,0.0436,1.082751755577904e+85,7.101926201777762e+84,3.725591354001276e+84,3.248255266733711e+85,2.1305778605333286e+85,1.1176774062003825e+85,1.0,0.0,0.5,1.2,18.0,7
16083,primer-cosmos-east,4.58,0.0162,5.777892984923686e+83,4.963565247749181e+83,8.14327737174505e+82,1.7333678954771055e+84,1.4890695743247541e+84,2.442983211523516e+83,1.0,0.0,0.5,1.2,6.66,7
16408,primer-cosmos-east,4.57,0.0161,3.3912103017000254e+83,2.9143234054449165e+83,4.768868962551088e+82,1.0173630905100076e+84,8.742970216334748e+83,1.4306606887653266e+83,1.0,0.0,0.5,1.2,6.29,7
16563,primer-cosmos-east,5.02,0.0201,4.164069136457893e+84,3.417062081802512e+84,7.470070546553813e+83,1.249220740937368e+85,1.0251186245407535e+85,2.2410211639661453e+84,1.0,0.0,0.5,1.2,12.77,7
17813,primer-cosmos-east,5.23,0.0221,7.996543331271125e+82,6.607431910961252e+82,1.3891114203098728e+82,2.3989629993813376e+83,1.9822295732883757e+83,4.1673342609296184e+82,1.0,0.0,0.5,1.2,8.08,7
18893,primer-cosmos-east,4.85,0.0185,1.23374465232768e+83,9.943967167054925e+82,2.3934793562218754e+82,3.70123395698304e+83,2.9831901501164774e+83,7.180438068665624e+82,1.0,0.0,0.5,1.2,1.58,7
19462,primer-cosmos-east,4.37,0.0144,4.265357707226795e+81,3.810060536846656e+81,4.55297170380139e+80,8.53071541445359e+81,7.620121073693312e+81,9.105943407602781e+80,1.0,0.0,0.5,1.2,7.04,6
19946,primer-cosmos-east,5.97,0.0301,1.3964146911217751e+84,1.0470777813359181e+84,3.49336909785857e+83,4.189244073365325e+84,3.1412333440077544e+84,1.0480107293575708e+84,1.0,0.0,0.5,1.2,5.61,7
20187,primer-cosmos-east,6.61,0.0378,3.7589423942327692e+84,2.5646440126697733e+84,1.194298381562996e+84,1.1276827182698307e+85,7.693932038009319e+84,3.582895144688988e+84,1.0,0.0,0.5,1.2,9.15,7
21943,primer-cosmos-east,4.72,0.0174,2.300014714345305e+83,1.8795670812626253e+83,4.2044763308267924e+82,6.900044143035915e+83,5.638701243787876e+83,1.2613428992480383e+83,1.0,0.0,0.5,1.2,5.69,7
23571,primer-cosmos-east,4.76,0.0178,8.785607805166452e+82,7.394253163968918e+82,1.3913546411975344e+82,2.6356823415499356e+83,2.218275949190675e+83,4.174063923592602e+82,1.0,0.0,0.5,1.2,3.11,7
26971,primer-cosmos-east,6.41,0.0353,7.945814995671065e+84,5.612003860987024e+84,2.333811134684041e+84,2.3837444987013196e+85,1.6836011582961072e+85,7.001433404052124e+84,1.0,0.0,0.5,1.2,4.35,7
27072,primer-cosmos-east,4.96,0.0195,2.2007806524526e+84,1.8236765333746013e+84,3.7710411907799866e+83,6.602341957357802e+84,5.471029600123805e+84,1.1313123572339962e+84,1.0,0.0,0.5,1.2,0.91,7
27765,primer-cosmos-east,5.17,0.0216,6.676099352856481e+83,5.381723499901449e+83,1.2943758529550315e+83,2.0028298058569443e+84,1.6145170499704347e+84,3.8831275588650965e+83,1.0,0.0,0.5,1.2,7.74,7
31668,primer-cosmos-east,5.61,0.026,1.1513721687451319e+85,9.088312132210351e+84,2.4254095552409676e+84,3.4541165062353954e+85,2.7264936396631055e+85,7.2762286657229035e+84,1.0,0.0,0.5,1.2,11.88,7
31770,primer-cosmos-east,5.78,0.0279,1.3888952718652379e+85,1.035956991995857e+85,3.5293827986938084e+84,4.1666858155957134e+85,3.1078709759875714e+85,1.0588148396081423e+85,1.0,0.0,0.5,1.2,11.06,7
32928,primer-cosmos-east,4.46,0.0152,3.317632577860319e+84,2.7688764203487975e+84,5.487561575115216e+83,9.952897733580957e+84,8.306629261046392e+84,1.6462684725345647e+84,1.0,0.0,0.5,1.2,6.71,7
40209,primer-cosmos-east,5.46,0.0245,3.1718682588349693e+83,2.5525665248671005e+83,6.193017339678688e+82,9.515604776504908e+83,7.657699574601301e+83,1.8579052019036074e+83,1.0,0.0,0.5,1.2,7.85,7
40642,primer-cosmos-east,4.63,0.0167,1.7369194046084663e+83,1.48816195330151e+83,2.487574513069563e+82,5.210758213825399e+83,4.4644858599045305e+83,7.462723539208691e+82,1.0,0.0,0.5,1.2,2.79,7
40799,primer-cosmos-east,7.68,0.0528,2.6200129934999453e+84,1.5832069790084204e+84,1.0368060144915245e+84,7.860038980499835e+84,4.749620937025261e+84,3.1104180434745737e+84,1.0,0.0,0.5,1.2,11.34,7
42464,primer-cosmos-east,5.37,0.0235,4.374506770040254e+84,3.441781471192778e+84,9.327252988474759e+83,1.3123520310120762e+85,1.0325344413578335e+85,2.7981758965424272e+84,1.0,0.0,0.5,1.2,6.14,7
43445,primer-cosmos-east,5.7,0.027,3.348201049846459e+82,2.609512000184192e+82,7.386890496622672e+81,1.0044603149539375e+83,7.828536000552576e+82,2.216067148986801e+82,1.0,0.0,0.5,1.2,3.83,7
45179,primer-cosmos-east,7.11,0.0444,3.996049254670753e+84,2.603314444014293e+84,1.39273481065646e+84,1.198814776401226e+85,7.80994333204288e+84,4.178204431969379e+84,1.0,0.0,0.5,1.2,7.0,7
47824,primer-cosmos-east,5.66,0.0265,7.441921630287428e+83,5.643700712274971e+83,1.7982209180124573e+83,2.2325764890862286e+84,1.6931102136824916e+84,5.394662754037373e+83,1.0,0.0,0.5,1.2,4.98,7
48498,primer-cosmos-east,4.45,0.0151,3.082539263490097e+82,2.573867612809224e+82,5.086716506808733e+81,9.247617790470292e+82,7.721602838427671e+82,1.526014952042621e+82,1.0,0.0,0.5,1.2,5.66,7
48540,primer-cosmos-east,5.66,0.0266,1.1775812520730626e+83,8.929803811636912e+82,2.8460087090937134e+82,3.532743756219188e+83,2.6789411434910736e+83,8.538026127281143e+82,1.0,0.0,0.5,1.2,6.73,7
50325,primer-cosmos-east,6.43,0.0355,2.8346487491330787e+84,2.0489589805268535e+84,7.856897686062251e+83,8.503946247399236e+84,6.146876941580561e+84,2.3570693058186746e+84,1.0,0.0,0.5,1.2,2.7,7
50988,primer-cosmos-east,4.53,0.0157,5.913237497546366e+84,5.126260590359958e+84,7.869769071864068e+83,1.7739712492639098e+85,1.5378781771079877e+85,2.3609307215592212e+84,1.0,0.0,0.5,1.2,9.68,7
51514,primer-cosmos-east,4.44,0.015,1.9656060138610398e+84,1.7125869274230918e+84,2.530190864379477e+83,5.896818041583119e+84,5.137760782269276e+84,7.590572593138425e+83,1.0,0.0,0.5,1.2,7.18,7
51855,primer-cosmos-east,4.65,0.0168,8.22147502857021e+83,7.031814745357958e+83,1.1896602832122538e+83,2.4664425085710632e+84,2.109544423607387e+84,3.568980849636764e+83,1.0,0.0,0.5,1.2,3.91,7
52084,primer-cosmos-east,7.08,0.044,1.2681338330230624e+85,8.278834141410543e+84,4.4025041888200805e+84,3.804401499069187e+85,2.483650242423163e+85,1.3207512566460241e+85,1.0,0.0,0.5,1.2,15.64,7
52124,primer-cosmos-east,4.83,0.0184,6.365771208879244e+83,5.340465271162337e+83,1.0253059377169076e+83,1.909731362663773e+84,1.6021395813487012e+84,3.075917813150721e+83,1.0,0.0,0.5,1.2,5.72,7
54661,primer-cosmos-east,5.67,0.0267,9.2007388715355e+82,6.967462094693926e+82,2.2332767768415737e+82,2.76022166146065e+83,2.0902386284081774e+83,6.699830330524722e+82,1.0,0.0,0.5,1.2,3.77,7
55423,primer-cosmos-east,5.41,0.0239,3.500073896280551e+84,2.740004646711495e+84,7.60069249569056e+83,1.0500221688841653e+85,8.220013940134484e+84,2.2802077487071684e+84,1.0,0.0,0.5,1.2,15.5,7
344,primer-uds-south,7.14,0.0449,1.0008256973016911e+83,6.36770892184229e+82,3.640548051174621e+82,2.0016513946033822e+83,1.273541784368458e+83,7.281096102349242e+82,1.0,0.0,0.5,1.2,9.61,6
2480,primer-uds-south,4.68,0.0171,3.384941354198432e+82,2.8856122164055265e+82,4.993291377929056e+81,1.0154824062595295e+83,8.656836649216578e+82,1.4979874133787162e+82,1.0,0.0,0.5,1.2,3.87,7
4620,primer-uds-south,5.75,0.0275,1.5780463570096868e+84,1.222315077592423e+84,3.5573127941726386e+83,4.734139071029061e+84,3.6669452327772687e+84,1.0671938382517916e+84,1.0,0.0,0.5,1.2,6.75,7
7830,primer-uds-south,5.55,0.0254,3.566215817841373e+83,2.7435910747443074e+83,8.226247430970657e+82,1.069864745352412e+84,8.230773224232922e+83,2.467874229291198e+83,1.0,0.0,0.5,1.2,5.26,7
9104,primer-uds-south,6.09,0.0315,3.8713811392194526e+83,2.8536246380956317e+83,1.0177565011238209e+83,1.1614143417658357e+84,8.560873914286896e+83,3.053269503371462e+83,1.0,0.0,0.5,1.2,5.81,7
9791,primer-uds-south,5.03,0.0202,1.2901449275331698e+83,1.0579718368238492e+83,2.3217309070932058e+82,3.870434782599509e+83,3.173915510471548e+83,6.965192721279613e+82,1.0,0.0,0.5,1.2,8.42,7
11501,primer-uds-south,4.68,0.017,2.0880989490778674e+84,1.7806961261253893e+84,3.0740282295247826e+83,6.2642968472336034e+84,5.342088378376167e+84,9.222084688574354e+83,1.0,0.0,0.5,1.2,5.96,7
14258,primer-uds-south,5.47,0.0246,2.462981117949488e+83,1.9799125784049e+83,4.830685395445878e+82,7.388943353848463e+83,5.9397377352147e+83,1.4492056186337632e+83,1.0,0.0,0.5,1.2,5.48,7
17986,primer-uds-south,4.94,0.0194,2.9154680422126323e+84,2.4156139361809724e+84,4.998541060316598e+83,8.746404126637896e+84,7.246841808542917e+84,1.4995623180949795e+84,1.0,0.0,0.5,1.2,7.11,7
21488,primer-uds-south,5.41,0.024,1.2369553035786725e+85,9.676771593874986e+84,2.6927814419117396e+84,3.7108659107360174e+85,2.903031478162496e+85,8.078344325735215e+84,1.0,0.0,0.5,1.2,12.38,7
22358,primer-uds-south,4.68,0.017,8.860181484571074e+82,7.55882401513888e+82,1.3013574694321936e+82,2.658054445371322e+83,2.267647204541664e+83,3.9040724082965804e+82,1.0,0.0,0.5,1.2,2.64,7
23107,primer-uds-south,4.95,0.0195,8.68510721754353e+82,7.186674925824298e+82,1.4984322917192323e+82,2.605532165263059e+83,2.1560024777472893e+83,4.4952968751576956e+82,1.0,0.0,0.5,1.2,5.3,7
25430,primer-uds-south,7.13,0.0448,1.218841931373187e+84,7.910576516357382e+83,4.277842797374487e+83,3.656525794119561e+84,2.3731729549072147e+84,1.2833528392123458e+84,1.0,0.0,0.5,1.2,6.39,7
28931,primer-uds-south,7.9,0.0562,1.2378355748626003e+85,7.1703757777734065e+84,5.207979970852596e+84,3.7135067245878006e+85,2.1511127333320218e+85,1.562393991255779e+85,1.0,0.0,0.5,1.2,11.87,7
29392,primer-uds-south,7.47,0.0497,6.5456132437835305e+84,4.001960901323681e+84,2.5436523424598495e+84,1.9636839731350592e+85,1.2005882703971042e+85,7.63095702737955e+84,1.0,0.0,0.5,1.2,8.01,7
30157,primer-uds-south,4.73,0.0175,6.870480058925932e+82,5.582247755946844e+82,1.2882323029790873e+82,2.0611440176777795e+83,1.6746743267840535e+83,3.86469690893726e+82,1.0,0.0,0.5,1.2,3.39,7
30191,primer-uds-south,4.04,0.012,1.2925149324390711e+82,1.176838826703644e+82,1.1567610573542701e+81,3.877544797317213e+82,3.530516480110932e+82,3.4702831720628087e+81,1.0,0.0,0.5,1.2,6.09,7
30520,primer-uds-south,5.35,0.0233,3.08274642693487e+83,2.5180801810820226e+83,5.646662458528476e+82,9.248239280804612e+83,7.554240543246067e+83,1.6939987375585434e+83,1.0,0.0,0.5,1.2,4.03,7
32880,primer-uds-south,4.76,0.0177,1.38807190089114e+83,1.1686167418256142e+83,2.1945515906552574e+82,4.16421570267342e+83,3.5058502254768427e+83,6.583654771965774e+82,1.0,0.0,0.5,1.2,8.18,7
33445,primer-uds-south,4.35,0.0143,2.109717178699967e+83,1.7891662139323132e+83,3.205509647676537e+82,6.3291515360999e+83,5.367498641796939e+83,9.616528943029611e+82,1.0,0.0,0.5,1.2,1.97,7
33898,primer-uds-south,4.55,0.0159,4.663968627828393e+82,4.0383345589764875e+82,6.256340688519053e+81,1.3991905883485178e+83,1.2115003676929463e+83,1.876902206555716e+82,1.0,0.0,0.5,1.2,2.78,7
36872,primer-uds-south,7.14,0.0449,1.9280035935565925e+84,1.211336536926608e+84,7.166670566299848e+83,5.784010780669778e+84,3.634009610779824e+84,2.1500011698899537e+84,1.0,0.0,0.5,1.2,13.7,7
37557,primer-uds-south,5.66,0.0265,6.032613556505792e+84,4.574826377908329e+84,1.4577871785974632e+84,1.8097840669517376e+85,1.3724479133724983e+85,4.37336153579239e+84,1.0,0.0,0.5,1.2,8.87,7
37751,primer-uds-south,5.36,0.0234,1.258936014354616e+84,9.915633848235285e+83,2.6737262953108754e+83,3.7768080430638477e+84,2.9746901544705855e+84,8.021178885932626e+83,1.0,0.0,0.5,1.2,14.06,7
37878,primer-uds-south,4.77,0.0179,9.798136862107879e+82,8.240090650741085e+82,1.5580462113667922e+82,2.9394410586323635e+83,2.472027195222326e+83,4.674138634100377e+82,1.0,0.0,0.5,1.2,4.25,7
39711,primer-uds-south,5.46,0.0245,1.09637337608548e+83,8.822142350422834e+82,2.1415914104319665e+82,3.28912012825644e+83,2.64664270512685e+83,6.4247742312959e+82,1.0,0.0,0.5,1.2,4.24,7
44435,primer-uds-south,5.17,0.0216,1.0615752767475159e+82,8.65130135731736e+81,1.9644514101577993e+81,2.1231505534950318e+82,1.730260271463472e+82,3.9289028203155986e+81,1.0,0.0,0.5,1.2,10.87,6
45383,primer-uds-south,4.86,0.0186,3.7005309769311705e+82,3.093539432706067e+82,6.069915442251035e+81,1.1101592930793512e+83,9.280618298118201e+82,1.8209746326753106e+82,1.0,0.0,0.5,1.2,4.28,7
45637,primer-uds-south,4.54,0.0158,7.270164019486949e+83,6.300524071030574e+83,9.696399484563749e+82,2.1810492058460846e+84,1.8901572213091718e+84,2.908919845369126e+83,1.0,0.0,0.5,1.2,3.17,7
47509,primer-uds-south,5.66,0.0266,6.473457209671802e+83,4.907079776519168e+83,1.5663774331526337e+83,1.9420371629015406e+84,1.4721239329557506e+84,4.6991322994579e+83,1.0,0.0,0.5,1.2,4.74,7
48686,primer-uds-south,4.84,0.0185,3.389367188836756e+82,2.732499656201778e+82,6.568675326349778e+81,1.0168101566510268e+83,8.197498968605335e+82,1.9706025979049333e+82,1.0,0.0,0.5,1.2,3.27,7
48982,primer-uds-south,5.39,0.0237,1.1230957436296256e+83,8.815714044071286e+82,2.4152433922249698e+82,3.369287230888877e+83,2.6447142132213856e+83,7.245730176674912e+82,1.0,0.0,0.5,1.2,7.34,7
50716,primer-uds-south,7.86,0.0556,3.4555545816790603e+83,2.0087835818903668e+83,1.4467709997886935e+83,6.911109163358121e+83,4.0175671637807336e+83,2.893541999577387e+83,1.0,0.0,0.5,1.2,12.93,6
51593,primer-uds-south,4.46,0.0152,2.367323136236974e+83,1.9758104030190408e+83,3.915127332179331e+82,7.101969408710922e+83,5.927431209057122e+83,1.1745381996537996e+83,1.0,0.0,0.5,1.2,17.28,7
52581,primer-uds-south,6.17,0.0323,7.136591505795947e+83,5.095724970138618e+83,2.0408665356573284e+83,1.4273183011591894e+84,1.0191449940277237e+84,4.081733071314656e+83,1.0,0.0,0.5,1.2,10.02,6
55634,primer-uds-south,6.88,0.0414,3.842880824184647e+84,2.5184735911228786e+84,1.3244072330617685e+84,1.152864247255394e+85,7.555420773368637e+84,3.973221699185305e+84,1.0,0.0,0.5,1.2,1.66,7
55783,primer-uds-south,4.63,0.0166,8.41465458371669e+83,7.182992355539776e+83,1.231662228176913e+83,2.524396375115007e+84,2.154897706661933e+84,3.694986684530738e+83,1.0,0.0,0.5,1.2,6.8,7
57494,primer-uds-south,4.02,0.0119,1.5600592849107559e+84,1.4219692667543925e+84,1.380900181563634e+83,4.680177854732267e+84,4.2659078002631774e+84,4.1427005446908997e+83,1.0,0.0,0.5,1.2,5.17,7
59568,primer-uds-south,8.9,0.073,4.0413328867971605e+83,1.9754280046028387e+83,2.0659048821943212e+83,8.082665773594321e+83,3.9508560092056774e+83,4.1318097643886425e+83,1.0,0.0,0.5,1.2,8.96,6
59880,primer-uds-south,5.66,0.0266,3.640007500013405e+82,2.7578817133780133e+82,8.821257866353914e+81,1.0920022500040213e+83,8.27364514013404e+82,2.646377359906174e+82,1.0,0.0,0.5,1.2,8.79,7
59971,primer-uds-south,5.39,0.0238,3.361970276130315e+82,2.62638879200713e+82,7.355814841231848e+81,1.0085910828390945e+83,7.87916637602139e+82,2.2067444523695553e+82,1.0,0.0,0.5,1.2,3.62,7
60046,primer-uds-south,5.46,0.0245,1.297127572479108e+83,1.0435041717302883e+83,2.5362340074881962e+82,3.891382717437324e+83,3.130512515190865e+83,7.60870202246459e+82,1.0,0.0,0.5,1.2,2.46,7
60446,primer-uds-south,4.37,0.0144,1.6085462047287307e+83,1.361817345177821e+83,2.4672885955090965e+82,4.825638614186192e+83,4.0854520355334634e+83,7.401865786527287e+82,1.0,0.0,0.5,1.2,10.71,7
62395,primer-uds-south,5.66,0.0266,1.336018186760472e+84,1.0127777079210148e+84,3.232404788394571e+83,4.008054560281416e+84,3.0383331237630446e+84,9.697214365183712e+83,1.0,0.0,0.5,1.2,12.46,7
66511,primer-uds-south,7.13,0.0448,2.2446173123691827e+84,1.4807392698739907e+84,7.638780424951917e+83,4.4892346247383655e+84,2.961478539747982e+84,1.5277560849903836e+84,1.0,0.0,0.5,1.2,40.22,6
67076,primer-uds-south,7.94,0.0567,4.927940021209897e+84,2.838060627335182e+84,2.0898793938747143e+84,1.4783820063629689e+85,8.514181882005547e+84,6.2696381816241425e+84,1.0,0.0,0.5,1.2,5.8,7
68947,primer-uds-south,5.66,0.0265,2.164046128895347e+84,1.6411887672149664e+84,5.228573616803804e+83,6.49213838668604e+84,4.923566301644899e+84,1.5685720850411411e+84,1.0,0.0,0.5,1.2,17.99,7
69772,primer-uds-south,5.43,0.0242,1.0818377632751864e+84,8.448047108185352e+83,2.370330524566512e+83,3.2455132898255595e+84,2.5344141324556057e+84,7.110991573699538e+83,1.0,0.0,0.5,1.2,10.35,7
6756,ceers-full,7.14,0.0449,2.2671169806073743e+84,1.4452046731100923e+84,8.21912307497282e+83,4.5342339612147485e+84,2.8904093462201845e+84,1.6438246149945642e+84,1.0,0.0,0.5,1.2,8.91,6
9246,ceers-full,4.6,0.0164,3.171582977576348e+83,2.616018026850948e+83,5.555649507253995e+82,6.343165955152695e+83,5.232036053701896e+83,1.111129901450799e+83,1.0,0.0,0.5,1.2,7.99,6
12234,ceers-full,6.14,0.0321,3.603036714329992e+84,2.581295027536388e+84,1.0217416867936042e+84,7.206073428659984e+84,5.162590055072775e+84,2.0434833735872084e+84,1.0,0.0,0.5,1.2,6.47,6
12544,ceers-full,4.55,0.0159,3.950821918056173e+82,3.458706720647426e+82,4.9211519740874796e+81,7.901643836112347e+82,6.917413441294851e+82,9.842303948174959e+81,1.0,0.0,0.5,1.2,3.36,6
13736,ceers-full,5.36,0.0234,7.179572930008902e+83,5.715461823598552e+83,1.464111106410349e+83,1.4359145860017802e+84,1.1430923647197105e+84,2.928222212820698e+83,1.0,0.0,0.5,1.2,10.25,6
14076,ceers-full,5.66,0.0266,9.390815168759454e+82,7.185110904906907e+82,2.205704263852546e+82,1.8781630337518907e+83,1.4370221809813815e+83,4.411408527705092e+82,1.0,0.0,0.5,1.2,4.56,6
19354,ceers-full,5.43,0.0241,3.495219286078938e+83,2.7558441222905003e+83,7.393751637884375e+82,6.990438572157876e+83,5.511688244581001e+83,1.478750327576875e+83,1.0,0.0,0.5,1.2,11.06,6
20010,ceers-full,8.93,0.0735,4.230753399910878e+83,2.0539379671693476e+83,2.1768154327415306e+83,8.461506799821756e+83,4.107875934338695e+83,4.353630865483061e+83,1.0,0.0,0.5,1.2,3.96,6
20632,ceers-full,5.65,0.0265,5.908916111023477e+83,4.525780607449528e+83,1.3831355035739486e+83,1.1817832222046955e+84,9.051561214899056e+83,2.766271007147897e+83,1.0,0.0,0.5,1.2,13.65,6
20897,ceers-full,4.53,0.0158,1.5335380077771014e+84,1.3446744979269332e+84,1.8886350985016823e+83,3.067076015554203e+84,2.6893489958538664e+84,3.7772701970033646e+83,1.0,0.0,0.5,1.2,29.35,6
22049,ceers-full,7.14,0.0449,1.7235272100667738e+84,1.098376364260551e+84,6.251508458062228e+83,3.447054420133547e+84,2.196752728521102e+84,1.2503016916124453e+84,1.0,0.0,0.5,1.2,10.71,6
22239,ceers-full,7.13,0.0448,2.1448216988666916e+83,1.4209677953021062e+83,7.238539035645855e+82,4.289643397733384e+83,2.8419355906042124e+83,1.447707807129171e+83,1.0,0.0,0.5,1.2,30.53,6
23054,ceers-full,6.87,0.0412,4.576003514843233e+83,3.049993423459567e+83,1.526010091383666e+83,9.152007029686467e+83,6.099986846919134e+83,3.052020182767332e+83,1.0,0.0,0.5,1.2,5.42,6
24464,ceers-full,5.66,0.0265,5.150646907681276e+83,3.943973500482438e+83,1.2066734071988382e+83,1.0301293815362552e+84,7.887947000964876e+83,2.4133468143976767e+83,1.0,0.0,0.5,1.2,7.18,6
28748,ceers-full,4.75,0.0177,1.2889766567713873e+84,1.0456803173235766e+84,2.4329633944781076e+83,2.5779533135427747e+84,2.091360634647153e+84,4.865926788956215e+83,1.0,0.0,0.5,1.2,10.22,6
29421,ceers-full,4.79,0.018,1.4186062879071703e+83,1.2092921732112569e+83,2.0931411469591344e+82,2.8372125758143406e+83,2.418584346422514e+83,4.186282293918269e+82,1.0,0.0,0.5,1.2,4.25,6
30600,ceers-full,4.03,0.0119,1.220494766218309e+82,1.1231775433145216e+82,9.731722290378753e+80,2.4409895324366183e+82,2.2463550866290432e+82,1.9463444580757506e+81,1.0,0.0,0.5,1.2,9.93,6
36886,ceers-full,4.45,0.0151,1.0662472737398402e+83,8.9060600208243e+82,1.7564127165741002e+82,2.1324945474796802e+83,1.78121200416486e+83,3.5128254331482004e+82,1.0,0.0,0.5,1.2,8.34,6
36985,ceers-full,5.65,0.0265,5.650553065163857e+83,4.328641166701214e+83,1.3219118984626431e+83,1.1301106130327714e+84,8.657282333402428e+83,2.6438237969252863e+83,1.0,0.0,0.5,1.2,14.44,6
39094,ceers-full,4.73,0.0175,2.591943268947108e+83,2.1120274235404425e+83,4.799158454066654e+82,5.183886537894216e+83,4.224054847080885e+83,9.598316908133308e+82,1.0,0.0,0.5,1.2,4.81,6
40589,ceers-full,8.01,0.0578,7.471210443140034e+83,4.2370574682626076e+83,3.234152974877425e+83,1.4942420886280065e+84,8.474114936525216e+83,6.468305949754849e+83,1.0,0.0,0.5,1.2,6.7,6
41179,ceers-full,7.24,0.0464,1.4042475642629428e+84,8.814735381043165e+83,5.227740261586263e+83,2.8084951285258857e+84,1.762947076208633e+84,1.0455480523172526e+84,1.0,0.0,0.5,1.2,3.56,6
41913,ceers-full,5.25,0.0223,6.779793135960566e+84,5.4696024031963066e+84,1.3101907327642596e+84,1.3559586271921132e+85,1.0939204806392613e+85,2.620381465528519e+84,1.0,0.0,0.5,1.2,24.57,6
42093,ceers-full,6.45,0.0357,2.5033857611755565e+84,1.714285585754524e+84,7.891001754210325e+83,5.006771522351113e+84,3.4285711715090485e+84,1.578200350842065e+84,1.0,0.0,0.5,1.2,16.71,6
47021,ceers-full,8.02,0.0581,1.7564990919599923e+83,1.0260284559753564e+83,7.304706359846359e+82,3.5129981839199846e+83,2.052056911950713e+83,1.4609412719692718e+83,1.0,0.0,0.5,1.2,3.77,6
48983,ceers-full,7.14,0.0449,2.732639739973819e+85,1.7403212325311445e+85,9.923185074426743e+84,5.465279479947638e+85,3.480642465062289e+85,1.9846370148853486e+85,1.0,0.0,0.5,1.2,11.93,6
49360,ceers-full,4.74,0.0175,1.2308199891048132e+83,1.0020169377873608e+83,2.2880305131745236e+82,2.4616399782096263e+83,2.004033875574722e+83,4.576061026349047e+82,1.0,0.0,0.5,1.2,3.04,6
55490,ceers-full,7.15,0.0451,1.7828671837489603e+85,1.135848087927078e+85,6.470190958218823e+84,3.5657343674979205e+85,2.271696175854156e+85,1.2940381916437646e+85,1.0,0.0,0.5,1.2,8.62,6
57051,ceers-full,5.67,0.0267,1.9708272229118094e+83,1.5075307017102957e+83,4.6329652120151365e+82,3.941654445823619e+83,3.0150614034205913e+83,9.265930424030274e+82,1.0,0.0,0.5,1.2,5.97,6
58630,ceers-full,4.55,0.0159,1.524733580671721e+83,1.3359215660981237e+83,1.8881201457359726e+82,3.049467161343442e+83,2.6718431321962474e+83,3.776240291471945e+82,1.0,0.0,0.5,1.2,6.4,6
59162,ceers-full,7.84,0.0553,4.377553642183354e+84,2.5564942456757533e+84,1.8210593965076009e+84,8.755107284366708e+84,5.112988491351507e+84,3.642118793015202e+84,1.0,0.0,0.5,1.2,4.81,6
59626,ceers-full,6.37,0.0348,1.7336004656677955e+84,1.2536753137423814e+84,4.799251519254142e+83,3.4672009313355905e+84,2.5073506274847625e+84,9.598503038508283e+83,1.0,0.0,0.5,1.2,3.51,6
60774,ceers-full,5.28,0.0227,3.883669959292041e+83,3.106359454891844e+83,7.773105044001968e+82,7.767339918584082e+83,6.212718909783688e+83,1.5546210088003937e+83,1.0,0.0,0.5,1.2,7.49,6
61323,ceers-full,7.13,0.0447,4.969067142034698e+83,3.291281769117664e+83,1.6777853729170341e+83,9.938134284069396e+83,6.582563538235328e+83,3.3555707458340683e+83,1.0,0.0,0.5,1.2,8.77,6
63106,ceers-full,5.66,0.0265,7.780195140254738e+83,5.961100859235907e+83,1.8190942810188298e+83,1.5560390280509474e+84,1.1922201718471815e+84,3.6381885620376596e+83,1.0,0.0,0.5,1.2,6.9,6
67137,ceers-full,7.5,0.05,6.014384747622101e+83,3.740327441446121e+83,2.2740573061759798e+83,1.2028769495244202e+84,7.480654882892242e+83,4.54811461235196e+83,1.0,0.0,0.5,1.2,1.57,6
68816,ceers-full,4.53,0.0158,1.3724141231410986e+83,1.2041012617017128e+83,1.683128614393858e+82,2.744828246282197e+83,2.4082025234034256e+83,3.366257228787716e+82,1.0,0.0,0.5,1.2,12.35,6
70681,ceers-full,7.9,0.0562,1.252029184070887e+84,7.22158369305056e+83,5.298708147658311e+83,2.504058368141774e+84,1.444316738610112e+84,1.0597416295316622e+84,1.0,0.0,0.5,1.2,6.41,6
71267,ceers-full,7.52,0.0504,3.392294123356281e+83,2.0290555531001155e+83,1.3632385702561656e+83,6.784588246712562e+83,4.058111106200231e+83,2.7264771405123313e+83,1.0,0.0,0.5,1.2,4.01,6
71321,ceers-full,7.13,0.0448,2.9719317441247116e+83,1.9682366039752183e+83,1.0036951401494933e+83,5.943863488249423e+83,3.9364732079504365e+83,2.007390280298987e+83,1.0,0.0,0.5,1.2,8.69,6
71380,ceers-full,7.13,0.0447,2.1346347521261825e+84,1.4134673715618176e+84,7.211673805643648e+83,4.269269504252365e+84,2.8269347431236353e+84,1.4423347611287297e+84,1.0,0.0,0.5,1.2,15.0,6
72633,ceers-full,5.44,0.0243,2.8592460532676026e+83,2.251264451074419e+83,6.079816021931837e+82,5.718492106535205e+83,4.502528902148838e+83,1.2159632043863674e+83,1.0,0.0,0.5,1.2,2.27,6
72956,ceers-full,8.9,0.073,7.856130707056221e+83,3.83789599348105e+83,4.0182347135751696e+83,1.5712261414112442e+84,7.675791986962101e+83,8.036469427150338e+83,1.0,0.0,0.5,1.2,4.78,6
73890,ceers-full,5.66,0.0266,3.50724952378117e+82,2.6853799362626714e+82,8.218695875184985e+81,7.01449904756234e+82,5.370759872525343e+82,1.643739175036997e+82,1.0,0.0,0.5,1.2,4.28,6
7242,primer-cosmos-west,5.66,0.0266,1.1751587099378047e+83,8.91711579038553e+82,2.834471308992517e+82,3.525476129813414e+83,2.675134737115659e+83,8.503413926977553e+82,1.0,0.0,0.5,1.2,3.55,7
8118,primer-cosmos-west,5.64,0.0264,4.6931574483200484e+82,3.595808956360264e+82,1.0973484919597841e+82,1.4079472344960145e+83,1.0787426869080793e+83,3.2920454758793516e+82,1.0,0.0,0.5,1.2,3.24,7
13074,primer-cosmos-west,5.21,0.022,2.1790265845225577e+84,1.8084023169766492e+84,3.7062426754590843e+83,6.537079753567673e+84,5.425206950929948e+84,1.1118728026377249e+84,1.0,0.0,0.5,1.2,14.26,7
13666,primer-cosmos-west,5.29,0.0227,1.438854343169183e+83,1.1436520530693023e+83,2.9520229009988057e+82,4.3165630295075495e+83,3.430956159207907e+83,8.856068702996421e+82,1.0,0.0,0.5,1.2,7.72,7
15233,primer-cosmos-west,4.99,0.0198,6.051028049510957e+83,4.986496463024568e+83,1.0645315864863888e+83,1.815308414853287e+84,1.4959489389073704e+84,3.1935947594591664e+83,1.0,0.0,0.5,1.2,8.5,7
16152,primer-cosmos-west,5.71,0.0272,6.500128285985471e+84,5.071841791484794e+84,1.4282864945006775e+84,1.9500384857956412e+85,1.5215525374454383e+85,4.284859483502031e+84,1.0,0.0,0.5,1.2,3.12,7
18540,primer-cosmos-west,8.93,0.0735,1.3131480147024925e+84,6.358522877742939e+83,6.772957269281986e+83,3.939444044107477e+84,1.9075568633228815e+84,2.0318871807845954e+84,1.0,0.0,0.5,1.2,6.46,7
21037,primer-cosmos-west,4.48,0.0153,1.7472820914382642e+83,1.4623542800983193e+83,2.8492781133994494e+82,5.241846274314792e+83,4.387062840294957e+83,8.547834340198346e+82,1.0,0.0,0.5,1.2,16.81,7
21620,primer-cosmos-west,8.09,0.0591,1.5769233470060684e+84,8.826802564050326e+83,6.942430906010358e+83,4.730770041018205e+84,2.6480407692150978e+84,2.0827292718031076e+84,1.0,0.0,0.5,1.2,6.67,7
22379,primer-cosmos-west,5.73,0.0274,4.389709821604223e+83,3.403049298098656e+83,9.866605235055675e+82,1.3169129464812672e+84,1.0209147894295969e+84,2.959981570516703e+83,1.0,0.0,0.5,1.2,10.69,7
22483,primer-cosmos-west,7.14,0.0449,2.939759567110623e+84,1.8470042133605066e+84,1.092755353750116e+84,8.819278701331868e+84,5.541012640081521e+84,3.278266061250348e+84,1.0,0.0,0.5,1.2,5.55,7
22702,primer-cosmos-west,5.43,0.0242,7.684340333744096e+84,5.998711067233857e+84,1.6856292665102391e+84,2.3053021001232288e+85,1.799613320170157e+85,5.056887799530718e+84,1.0,0.0,0.5,1.2,16.78,7
25633,primer-cosmos-west,7.05,0.0437,1.0300796076027463e+85,6.750656420751196e+84,3.5501396552762665e+84,3.090238822808239e+85,2.025196926225359e+85,1.06504189658288e+85,1.0,0.0,0.5,1.2,17.88,7
26495,primer-cosmos-west,5.02,0.0201,3.920883087405785e+84,3.2183464288348957e+84,7.025366585708892e+83,1.1762649262217356e+85,9.655039286504687e+84,2.1076099757126685e+84,1.0,0.0,0.5,1.2,12.75,7
28491,primer-cosmos-west,5.59,0.0258,2.0683362005318225e+84,1.63709684989984e+84,4.3123935063198255e+83,6.205008601595468e+84,4.91129054969952e+84,1.2937180518959479e+84,1.0,0.0,0.5,1.2,12.9,7
28500,primer-cosmos-west,5.43,0.0242,7.610666637981996e+83,5.943496472445982e+83,1.667170165536015e+83,2.283199991394599e+84,1.7830489417337947e+84,5.001510496608042e+83,1.0,0.0,0.5,1.2,16.0,7
29372,primer-cosmos-west,5.39,0.0237,1.7805431159599117e+83,1.3979838493731908e+83,3.825592665867209e+82,5.341629347879735e+83,4.193951548119572e+83,1.1476777997601625e+83,1.0,0.0,0.5,1.2,3.85,7
29568,primer-cosmos-west,4.36,0.0144,3.983446616899907e+81,3.559814504035778e+81,4.2363211286412884e+80,7.966893233799813e+81,7.119629008071556e+81,8.472642257282576e+80,1.0,0.0,0.5,1.2,7.57,6
30073,primer-cosmos-west,6.0,0.0304,1.3752941189461828e+84,1.027142993786671e+84,3.481511251595115e+83,4.125882356838548e+84,3.081428981360013e+84,1.044453375478535e+84,1.0,0.0,0.5,1.2,5.45,7
30145,primer-cosmos-west,5.66,0.0266,3.466879174064342e+83,2.626221615018091e+83,8.406575590462509e+82,1.0400637522193025e+84,7.878664845054274e+83,2.521972677138753e+83,1.0,0.0,0.5,1.2,6.58,7
31319,primer-cosmos-west,6.33,0.0344,2.199498507702343e+84,1.569551880534957e+84,6.299466271673862e+83,6.598495523107029e+84,4.708655641604871e+84,1.8898398815021578e+84,1.0,0.0,0.5,1.2,3.4,7
31661,primer-cosmos-west,4.46,0.0152,7.627592749845765e+82,6.363196442926462e+82,1.2643963069193032e+82,2.28827782495373e+83,1.9089589328779388e+83,3.7931889207579096e+82,1.0,0.0,0.5,1.2,4.11,7
32535,primer-cosmos-west,5.75,0.0276,2.10975343371734e+84,1.6336198543797015e+84,4.761335793376384e+83,6.329260301152019e+84,4.9008595631391044e+84,1.4284007380129156e+84,1.0,0.0,0.5,1.2,2.99,7
33230,primer-cosmos-west,4.75,0.0177,8.232416352259095e+82,6.934764093391655e+82,1.2976522588674415e+82,2.469724905677729e+83,2.0804292280174965e+83,3.8929567766023245e+82,1.0,0.0,0.5,1.2,3.06,7
36162,primer-cosmos-west,6.41,0.0353,7.53935482329387e+84,5.321607012965082e+84,2.217747810328787e+84,2.261806446988161e+85,1.596482103889525e+85,6.65324343098636e+84,1.0,0.0,0.5,1.2,4.38,7
42656,primer-cosmos-west,5.69,0.0269,2.0036836746010837e+84,1.5137826433103762e+84,4.899010312907075e+83,6.011051023803251e+84,4.541347929931129e+84,1.4697030938721225e+84,1.0,0.0,0.5,1.2,3.28,7
43505,primer-cosmos-west,4.68,0.017,2.3076158818647663e+83,1.9687246987605463e+83,3.3889118310422e+82,6.922847645594299e+83,5.906174096281638e+83,1.0166735493126606e+83,1.0,0.0,0.5,1.2,6.56,7
44446,primer-cosmos-west,7.13,0.0448,4.314536330849427e+84,2.7218689891028706e+84,1.5926673417465565e+84,1.2943608992548282e+85,8.165606967308612e+84,4.778002025239669e+84,1.0,0.0,0.5,1.2,5.96,7
46914,primer-cosmos-west,5.65,0.0265,2.0494451695910206e+83,1.5543761323346619e+83,4.9506903725635874e+82,6.148335508773062e+83,4.6631283970039853e+83,1.4852071117690757e+83,1.0,0.0,0.5,1.2,9.89,7
47165,primer-cosmos-west,5.23,0.0222,1.5574774370839216e+84,1.240712471324112e+84,3.167649657598096e+83,4.672432311251765e+84,3.722137413972336e+84,9.502948972794286e+83,1.0,0.0,0.5,1.2,6.06,7
50300,primer-cosmos-west,5.7,0.027,3.189224816013126e+82,2.485843661102005e+82,7.033811549111215e+81,9.567674448039378e+82,7.457530983306014e+82,2.110143464733364e+82,1.0,0.0,0.5,1.2,3.73,7
50560,primer-cosmos-west,5.15,0.0213,1.852513926944481e+83,1.4980835425576749e+83,3.5443038438680605e+82,5.557541780833443e+83,4.494250627673025e+83,1.0632911531604181e+83,1.0,0.0,0.5,1.2,8.16,7
51657,primer-cosmos-west,4.79,0.018,2.012675986354722e+84,1.6958091916640135e+84,3.1686679469070884e+83,6.0380279590641665e+84,5.08742757499204e+84,9.506003840721265e+83,1.0,0.0,0.5,1.2,9.91,7
53626,primer-cosmos-west,5.66,0.0265,7.041246869856295e+83,5.340016815803091e+83,1.7012300540532033e+83,2.1123740609568883e+84,1.6020050447409272e+84,5.103690162159611e+83,1.0,0.0,0.5,1.2,5.02,7
54067,primer-cosmos-west,5.66,0.0266,1.1018775873342577e+83,8.355535318677308e+82,2.6632405546652675e+82,3.305632762002773e+83,2.5066605956031923e+83,7.989721663995805e+82,1.0,0.0,0.5,1.2,6.51,7
55716,primer-cosmos-west,4.44,0.015,1.8586991211075107e+84,1.6191960266407393e+84,2.3950309446677145e+83,5.576097363322532e+84,4.857588079922218e+84,7.185092834003144e+83,1.0,0.0,0.5,1.2,7.15,7
1498,gds,4.66,0.0169,4.252581361379804e+84,3.6337516941824473e+84,6.188296671973565e+83,1.2757744084139412e+85,1.0901255082547342e+85,1.8564890015920687e+84,1.0,0.0,0.5,1.2,15.25,7
2981,gds,4.81,0.0182,1.0784550895442812e+84,9.069290202648977e+83,1.715260692793835e+83,3.2353652686328436e+84,2.7207870607946932e+84,5.145782078381504e+83,1.0,0.0,0.5,1.2,4.96,7
3099,gds,5.46,0.0245,1.349535933724258e+84,1.0857871805552658e+84,2.637487531689925e+83,4.048607801172775e+84,3.2573615416657974e+84,7.912462595069774e+83,1.0,0.0,0.5,1.2,11.39,7
5434,gds,4.11,0.0125,4.003117855763927e+84,3.450043690534043e+84,5.530741652298835e+83,1.200935356729178e+85,1.035013107160213e+85,1.6592224956896515e+84,1.0,0.0,0.5,1.2,7.14,7
14381,gds,5.44,0.0243,1.898202285550057e+83,1.4800067163481466e+83,4.1819556920191034e+82,5.694606856650171e+83,4.4400201490444394e+83,1.2545867076057313e+83,1.0,0.0,0.5,1.2,5.99,7
14605,gds,6.93,0.042,1.4720213543699749e+85,9.845185015310454e+84,4.875028528389295e+84,4.416064063109925e+85,2.9535555045931366e+85,1.4625085585167886e+85,1.0,0.0,0.5,1.2,1.98,7
16053,gds,6.9,0.0417,5.674087749613081e+83,3.707589425305661e+83,1.966498324307419e+83,1.702226324883924e+84,1.1122768275916985e+84,5.899494972922257e+83,1.0,0.0,0.5,1.2,2.07,7
18537,gds,4.28,0.0137,2.632074584401128e+84,2.3288542246791514e+84,3.03220359721977e+83,7.896223753203385e+84,6.986562674037454e+84,9.09661079165931e+83,1.0,0.0,0.5,1.2,3.66,7
22388,gds,7.18,0.0455,1.025829692765888e+85,6.506000821794918e+84,3.7522961058639623e+84,2.051659385531776e+85,1.3012001643589837e+85,7.504592211727925e+84,1.0,0.0,0.5,1.2,2.06,6
23636,gds,7.13,0.0448,9.833595509145559e+84,6.507112079191009e+84,3.32648342995455e+84,1.9667191018291118e+85,1.3014224158382018e+85,6.652966859909099e+84,1.0,0.0,0.5,1.2,7.85,6
23868,gds,8.93,0.0734,7.887078930444462e+83,3.8349646949156674e+83,4.052114235528795e+83,1.5774157860888924e+84,7.669929389831335e+83,8.104228471057588e+83,1.0,0.0,0.5,1.2,12.5,6
29303,gds,5.99,0.0302,2.9331354250509076e+84,2.1933048796898655e+84,7.39830545361042e+83,8.799406275152723e+84,6.579914639069597e+84,2.219491636083126e+84,1.0,0.0,0.5,1.2,3.68,7
32147,gds,4.6,0.0164,1.968052877448188e+85,1.6201740623461058e+85,3.4787881510208233e+84,5.904158632344565e+85,4.860522187038317e+85,1.0436364453062473e+85,1.0,0.0,0.5,1.2,5.26,7
32402,gds,4.94,0.0194,4.441063536866621e+83,3.682424721175071e+83,7.586388156915505e+82,1.3323190610599865e+84,1.1047274163525213e+84,2.2759164470746514e+83,1.0,0.0,0.5,1.2,4.8,7
35367,gds,5.49,0.0248,7.237418115930419e+85,5.790940906579037e+85,1.446477209351382e+85,2.1712254347791256e+86,1.7372822719737112e+86,4.339431628054144e+85,1.0,0.0,0.5,1.2,16.02,7
37563,gds,5.71,0.0272,5.305664234733537e+84,4.143463376197322e+84,1.1622008585362156e+84,1.5916992704200613e+85,1.2430390128591965e+85,3.486602575608648e+84,1.0,0.0,0.5,1.2,2.09,7
39509,gds,4.29,0.0138,1.346179041259668e+83,1.1867689014403047e+83,1.594101398193634e+82,4.0385371237790046e+83,3.5603067043209143e+83,4.782304194580903e+82,1.0,0.0,0.5,1.2,5.07,7
41129,gds,7.13,0.0448,1.8488715927703723e+85,1.168934792519819e+85,6.799368002505532e+84,5.546614778311116e+85,3.506804377559457e+85,2.0398104007516598e+85,1.0,0.0,0.5,1.2,32.54,7
44531,gds,7.12,0.0447,1.4713008534790115e+83,9.726714872181063e+82,4.986293662609053e+82,2.942601706958023e+83,1.9453429744362124e+83,9.972587325218105e+82,1.0,0.0,0.5,1.2,6.84,6
45202,gds,7.13,0.0448,1.119375443053355e+85,7.404908834116529e+84,3.7888455964170203e+84,2.23875088610671e+85,1.4809817668233057e+85,7.57769119283404e+84,1.0,0.0,0.5,1.2,20.93,6
46221,gds,4.05,0.012,1.4641449575084243e+84,1.3328325990222105e+84,1.3131235848621363e+83,4.392434872525273e+84,3.998497797066632e+84,3.9393707545864067e+83,1.0,0.0,0.5,1.2,5.11,7
46281,gds,4.79,0.018,1.8756340032769896e+83,1.585766300141693e+83,2.8986770313529672e+82,5.626902009830969e+83,4.757298900425078e+83,8.696031094058906e+82,1.0,0.0,0.5,1.2,6.85,7
51983,gds,7.14,0.0449,2.9126152441987826e+84,1.8550702315924266e+84,1.0575450126063556e+84,5.825230488397564e+84,3.710140463184853e+84,2.115090025212711e+84,1.0,0.0,0.5,1.2,12.24,6
52017,gds,6.33,0.0343,4.46711567074798e+84,3.1922440036661915e+84,1.2748716670817884e+84,1.3401347012243938e+85,9.576732010998574e+84,3.8246150012453647e+84,1.0,0.0,0.5,1.2,3.73,7
64049,gds,5.27,0.0226,4.744301299944069e+83,3.7772264317810947e+83,9.670748681629745e+82,1.4232903899832207e+84,1.1331679295343285e+84,2.9012246044889223e+83,1.0,0.0,0.5,1.2,6.88,7
65646,gds,5.66,0.0266,4.4216626617193496e+84,3.3529921167266275e+84,1.068670544992722e+84,1.326498798515805e+85,1.0058976350179882e+85,3.206011634978166e+84,1.0,0.0,0.5,1.2,9.67,7
66116,gds,6.85,0.0409,6.741283108167466e+85,4.572944720639225e+85,2.1683383875282407e+85,2.02238493245024e+86,1.3718834161917677e+86,6.505015162584723e+85,1.0,0.0,0.5,1.2,7.23,7
