id,field,z_phot,n_bands,z_dist_pred,delta_G,chi2nu_null,chi2nu_geff,delta_chi2_nu,BIC_null,BIC_geff,delta_BIC,fA_null,fA_geff,alpha_null,alpha_geff,Cb_null,Cr_null,Cb_geff,Cr_geff,verdict
1072,primer-uds-north,8.9060,6,0.094496,0.188991,8.1599,8.1599,0.0000,12.05,12.05,0.00,1.0000,1.0000,-3.0000,-3.0000,5216.8124,759.4946,5325.8312,848.6327,Neutral
1381,primer-uds-north,5.6626,7,0.094465,0.188930,2.9451,2.9451,0.0000,10.12,10.12,0.00,1.0000,1.0000,-3.0000,-3.0000,692.5184,92.4520,562.5155,82.1912,Neutral
1470,primer-uds-north,5.3968,7,0.094457,0.188913,1.8702,1.8702,-0.0000,7.97,7.97,-0.00,0.9999,0.9999,-2.4179,-2.4179,442.4329,15.5168,450.9925,17.3124,Neutral
1544,primer-uds-north,5.4635,7,0.094459,0.188918,52.5782,52.5782,0.0000,109.38,109.38,0.00,1.0000,0.0264,-1.2720,-1.2720,4.4885,29827.1037,0.0000,0.0015,Neutral
1939,primer-uds-north,4.3621,7,0.094386,0.188771,121.7660,121.7660,0.0000,247.76,247.76,0.00,1.0000,0.9993,-1.8530,-1.8530,0.0000,0.0000,0.0000,0.0000,Neutral
3992,primer-uds-north,5.6593,7,0.094465,0.188930,76.5187,68.5611,7.9576,157.26,141.35,15.92,1.0000,1.0000,-2.8609,-2.8943,0.0000,1265.3591,0.0000,1830.8118,Weak
7991,primer-uds-north,5.6557,6,0.094465,0.188930,2049.3353,2049.3441,-0.0088,2053.23,2053.23,-0.01,1.0000,1.0000,-2.7581,-2.7581,1.7764,0.4484,0.0924,0.3495,Neutral
8559,primer-uds-north,7.9365,7,0.094493,0.188985,41.5647,41.5647,-0.0000,87.35,87.35,-0.00,0.9999,0.9999,-3.0000,-3.0000,1982.8586,5.8316,1906.5631,6.1370,Neutral
10404,primer-uds-north,5.6560,7,0.094465,0.188930,486.2623,486.2767,-0.0144,976.75,976.78,-0.03,1.0000,1.0000,-2.8553,-2.8552,64.8808,0.4330,1.6679,0.3222,Neutral
11219,primer-uds-north,5.4287,7,0.094458,0.188916,89.2911,89.2912,-0.0000,182.81,182.81,-0.00,1.0000,1.0000,-2.8234,-2.8234,0.0000,4040.6999,0.0000,2676.5094,Neutral
14419,primer-uds-north,4.8168,7,0.094427,0.188854,373.4788,373.4788,-0.0000,751.18,751.18,-0.00,1.0000,1.0000,-1.2399,-1.2399,468.8146,0.0216,79.8845,0.0295,Neutral
15257,primer-uds-north,6.9201,7,0.094486,0.188972,44.5360,44.5360,0.0000,93.30,93.30,0.00,1.0000,1.0000,-1.6915,-1.6915,538.4891,7.1243,442.6887,207.8935,Neutral
16999,primer-uds-north,4.2059,7,0.094365,0.188730,1351.9144,1351.9144,0.0000,2708.05,2708.05,0.00,1.0000,0.9987,-1.3447,-1.3447,0.0047,0.0000,0.0000,0.0000,Neutral
18804,primer-uds-north,4.3173,7,0.094380,0.188760,958.1893,958.1893,0.0000,1920.60,1920.60,0.00,1.0000,1.0000,-1.5905,-1.5905,0.0000,0.0000,0.0000,0.0000,Neutral
18892,primer-uds-north,4.7295,7,0.094421,0.188842,106.2099,106.2099,-0.0000,216.65,216.65,-0.00,1.0000,0.9995,-1.6610,-1.6610,179.3349,1.5889,0.0000,0.0000,Neutral
19416,primer-uds-north,5.4332,7,0.094458,0.188916,15.0127,15.0127,0.0000,34.25,34.25,0.00,0.9995,0.9995,-2.2483,-2.2483,202.5826,0.6374,213.0134,0.7336,Neutral
21108,primer-uds-north,7.1364,7,0.094488,0.188976,24.7961,24.7961,0.0000,53.82,53.82,0.00,0.9994,1.0000,-3.0000,-3.0000,0.0000,0.9933,0.0000,315.5022,Neutral
22773,primer-uds-north,4.4013,7,0.094390,0.188780,263.4578,263.4578,0.0000,531.14,531.14,0.00,1.0000,1.0000,-1.2475,-1.2475,176.9712,0.0842,261.2303,397.1348,Neutral
23575,primer-uds-north,5.6606,7,0.094465,0.188930,105.1675,105.1675,-0.0000,214.56,214.56,-0.00,1.0000,1.0000,-2.8444,-2.8444,0.0000,533.7347,0.0000,1494.9069,Neutral
24081,primer-uds-north,5.6564,7,0.094465,0.188930,28.0459,28.0459,-0.0000,60.32,60.32,-0.00,1.0000,1.0000,-2.9932,-2.9932,37806.2048,404.9251,16751.4960,196.3701,Neutral
24100,primer-uds-north,4.9919,7,0.094438,0.188876,63.8541,63.8540,0.0001,131.93,131.93,0.00,1.0000,0.9929,-1.6662,-1.6661,0.1845,176.5743,0.0000,0.1255,Neutral
29106,primer-uds-north,5.2048,7,0.094449,0.188898,178.8147,178.8147,-0.0000,361.85,361.85,-0.00,0.9994,0.9994,-1.7644,-1.7644,220.5159,0.0000,222.6789,0.0000,Neutral
29110,primer-uds-north,7.1288,6,0.094488,0.188976,34.1790,34.1790,-0.0000,38.07,38.07,-0.00,1.0000,1.0000,-3.0000,-3.0000,0.0000,481.1285,0.0000,433.7366,Neutral
31581,primer-uds-north,4.1634,7,0.094358,0.188717,54.7819,54.7819,-0.0000,113.79,113.79,-0.00,1.0000,0.1017,-0.8817,-0.8817,97.7019,0.0000,0.0000,0.0000,Neutral
31645,primer-uds-north,4.7559,7,0.094423,0.188846,334.9514,334.9513,0.0000,674.13,674.13,0.00,1.0000,1.0000,-1.2074,-1.2073,0.0810,0.0732,0.0000,0.0000,Neutral
32025,primer-uds-north,4.0433,7,0.094338,0.188677,458.6068,458.6068,-0.0000,921.44,921.44,-0.00,0.4683,1.0000,-1.3114,-1.3112,0.0000,0.0000,31.9678,0.0000,Neutral
32237,primer-uds-north,4.6122,7,0.094411,0.188822,4123.5149,4123.5149,0.0000,8251.26,8251.26,0.00,1.0000,0.1126,-1.4096,-1.4096,5.8566,0.0007,0.0000,0.0000,Neutral
32986,primer-uds-north,4.1527,7,0.094357,0.188714,45.5482,45.5482,0.0000,95.32,95.32,0.00,1.0000,1.0000,-1.0425,-1.0425,0.0529,0.0167,88.5526,0.0000,Neutral
33332,primer-uds-north,4.5420,7,0.094405,0.188810,447.8754,447.8754,-0.0000,899.98,899.98,-0.00,0.0218,0.0108,-1.0736,-1.0736,0.0000,0.0001,0.0000,0.0001,Neutral
33774,primer-uds-north,7.1376,7,0.094488,0.188976,11.5045,9.3842,2.1202,27.23,22.99,4.24,0.9999,0.9999,-2.8499,-3.0000,1319.5741,0.0507,2094.0025,0.0000,Weak
35111,primer-uds-north,5.6563,7,0.094465,0.188930,9.8771,9.8771,0.0000,23.98,23.98,0.00,1.0000,1.0000,-2.6900,-2.6900,5286.0231,311.1583,10471.1275,674.6061,Neutral
36327,primer-uds-north,7.8617,7,0.094492,0.188984,3.5993,3.5993,-0.0000,11.42,11.42,-0.00,0.9999,0.9998,-2.0611,-2.0611,591.0993,0.0000,262.6498,0.0000,Neutral
42014,primer-uds-north,4.5516,6,0.094406,0.188811,68.1197,68.1197,0.0000,72.01,72.01,0.00,1.0000,1.0000,-1.0111,-1.0111,408.7011,155.0403,428.1893,0.0000,Neutral
42859,primer-uds-north,6.5809,7,0.094482,0.188965,332.9871,332.9871,0.0000,670.20,670.20,0.00,1.0000,0.9999,-2.0118,-2.0117,402.8759,0.0039,0.0000,0.0000,Neutral
43738,primer-uds-north,5.0901,7,0.094443,0.188887,301.2732,301.2731,0.0000,606.77,606.77,0.00,1.0000,0.9997,-2.0963,-2.0963,0.1683,108.4495,0.0000,0.6652,Neutral
43932,primer-uds-north,4.2354,7,0.094369,0.188738,170.5410,170.5410,0.0000,345.31,345.31,0.00,0.0166,0.0057,-1.0277,-1.0277,0.0000,0.0000,0.0000,0.0000,Neutral
44053,primer-uds-north,5.4381,7,0.094458,0.188916,7.2500,7.2500,0.0000,18.73,18.73,0.00,1.0000,1.0000,-3.0000,-3.0000,0.0033,11916.3212,11.7571,113532.5768,Neutral
44681,primer-uds-north,4.5812,7,0.094408,0.188817,593.2578,593.2578,0.0000,1190.74,1190.74,0.00,0.1078,1.0000,-1.1997,-1.1998,0.0000,0.0000,98.6798,0.0000,Neutral
46085,primer-uds-north,4.7858,7,0.094425,0.188850,10439.1765,10439.1765,0.0000,20882.58,20882.58,0.00,1.0000,1.0000,-1.5505,-1.5504,0.0000,0.0000,0.0624,0.1024,Neutral
48927,primer-uds-north,7.9073,6,0.094492,0.188985,17.8290,16.2895,1.5395,21.72,20.18,1.54,0.9999,1.0000,-2.5807,-3.0000,0.0442,37.9088,1438.0343,81.9136,Neutral
52141,primer-uds-north,7.1301,7,0.094488,0.188976,11.0900,11.0900,-0.0000,26.41,26.41,-0.00,0.9999,0.9999,-3.0000,-3.0000,2220.7498,0.0000,2180.4493,0.0000,Neutral
52856,primer-uds-north,6.3209,7,0.094479,0.188958,52.3833,52.3833,-0.0000,108.99,108.99,-0.00,0.0899,0.9997,-1.4830,-1.4830,0.2104,0.0000,611.4262,0.0000,Neutral
53667,primer-uds-north,4.5639,7,0.094407,0.188814,664.9614,664.9614,0.0000,1334.15,1334.15,0.00,1.0000,1.0000,-1.4181,-1.4181,0.1227,0.0235,0.0552,0.2911,Neutral
54143,primer-uds-north,4.7315,7,0.094421,0.188842,37.0953,37.0953,0.0000,78.42,78.42,0.00,1.0000,0.0752,-1.1123,-1.1123,0.1462,54.8295,0.0000,0.0006,Neutral
54603,primer-uds-north,5.6519,7,0.094465,0.188930,12.0478,12.0478,0.0000,28.32,28.32,0.00,0.9997,0.9997,-2.4499,-2.4498,432.0459,3.4160,434.1331,3.7569,Neutral
55902,primer-uds-north,8.6704,7,0.094495,0.188990,22.4916,22.4916,0.0000,49.21,49.21,0.00,1.0000,1.0000,-3.0000,-3.0000,0.8106,28255.4779,0.4787,10034.5557,Neutral
56783,primer-uds-north,5.3134,7,0.094453,0.188907,4.3455,4.3455,-0.0000,12.92,12.92,-0.00,1.0000,1.0000,-2.7818,-2.7818,0.0000,199.1266,0.0000,251.1235,Neutral
57469,primer-uds-north,5.6680,7,0.094465,0.188931,233.8831,233.8831,0.0000,471.99,471.99,0.00,0.9835,0.7167,-2.1564,-2.1566,6.5992,0.2388,0.3856,0.0153,Neutral
57944,primer-uds-north,5.2898,7,0.094452,0.188905,11.9123,11.9123,-0.0000,28.05,28.05,-0.00,0.9998,0.9999,-2.5453,-2.5453,738.8389,3.4170,970.2226,4.9097,Neutral
61010,primer-uds-north,7.1342,6,0.094488,0.188976,3.7128,3.7128,0.0000,7.60,7.60,0.00,0.9999,0.9999,-2.7603,-2.7604,887.8149,27.8982,1130.6369,38.8775,Neutral
61298,primer-uds-north,5.2426,7,0.094450,0.188901,43.7619,43.7619,-0.0000,91.75,91.75,-0.00,1.0000,1.0000,-2.9825,-2.9825,13127.9620,0.0000,9898.3822,0.0000,Neutral
61378,primer-uds-north,7.4583,6,0.094490,0.188980,52.0408,52.0408,0.0000,55.93,55.93,0.00,0.9989,0.9989,-2.2867,-2.2867,139.0221,0.1119,141.6565,0.1249,Neutral
62716,primer-uds-north,5.3867,7,0.094456,0.188912,28.1134,28.1133,0.0000,60.45,60.45,0.00,1.0000,1.0000,-1.5964,-1.5964,0.2566,162.5958,0.3937,30326.8668,Neutral
64273,primer-uds-north,7.1316,6,0.094488,0.188976,24.6012,24.6012,-0.0000,28.49,28.49,-0.00,1.0000,1.0000,-3.0000,-3.0000,0.0004,933.6986,0.0000,385.3667,Neutral
66007,primer-uds-north,4.5963,7,0.094410,0.188820,36.8686,36.8686,-0.0000,77.96,77.96,-0.00,1.0000,1.0000,-1.5785,-1.5785,74.8506,0.0000,210.5564,0.0000,Neutral
67270,primer-uds-north,5.6651,7,0.094465,0.188930,42.9422,42.9269,0.0153,90.11,90.08,0.03,1.0000,1.0000,-2.7749,-2.7884,3114.0982,0.0720,8567.3455,0.0000,Neutral
68006,primer-uds-north,5.1603,7,0.094447,0.188894,286.7522,286.7522,-0.0000,577.73,577.73,-0.00,1.0000,1.0000,-2.1449,-2.1450,0.0843,0.4551,11.4344,0.2347,Neutral
69921,primer-uds-north,5.6549,7,0.094465,0.188930,5.1300,5.1300,0.0000,14.49,14.49,0.00,1.0000,1.0000,-2.9773,-2.9773,150344.2313,17730.4773,214267.6342,27656.2932,Neutral
69936,primer-uds-north,7.0340,7,0.094487,0.188974,38.9673,38.9673,0.0000,82.16,82.16,0.00,0.9993,0.9996,-2.1495,-2.1495,260.5050,0.0000,403.8897,0.0000,Neutral
70423,primer-uds-north,5.4777,6,0.094459,0.188919,43.7730,43.7730,0.0000,47.66,47.66,0.00,1.0000,1.0000,-1.6744,-1.6743,9.7144,0.2859,0.3005,0.2110,Neutral
70813,primer-uds-north,4.7063,7,0.094419,0.188838,757.6194,757.6194,-0.0000,1519.46,1519.46,-0.00,0.1495,1.0000,-1.3474,-1.3474,0.0000,0.0000,391.5260,0.0000,Neutral
71037,primer-uds-north,6.8495,7,0.094485,0.188971,316.0877,316.0877,0.0000,636.40,636.40,0.00,1.0000,1.0000,-2.0411,-2.0410,47.8552,0.1569,49.3577,0.1615,Neutral
71893,primer-uds-north,6.4292,7,0.094480,0.188961,11.7914,11.7914,-0.0000,27.81,27.81,-0.00,0.9951,1.0000,-1.7725,-1.7725,0.0000,0.0890,0.2610,103.4496,Neutral
4278,primer-cosmos-east,5.6582,7,0.094465,0.188930,34.5030,34.5030,0.0000,73.23,73.23,0.00,0.9995,0.9994,-2.3050,-2.3049,217.3203,1.7208,200.5011,1.7385,Neutral
6282,primer-cosmos-east,5.6738,7,0.094465,0.188931,34.5957,34.5957,0.0000,73.42,73.42,0.00,0.9999,0.9999,-2.8786,-2.8786,4982.3958,0.0000,5100.5884,0.0000,Neutral
9227,primer-cosmos-east,5.7139,7,0.094467,0.188933,2215.6950,2215.6945,0.0005,4435.62,4435.61,0.00,1.0000,1.0000,-1.3514,-1.3514,6.5798,1572.0067,4.1088,1340.5669,Neutral
10696,primer-cosmos-east,5.6678,7,0.094465,0.188931,48.6758,48.6758,-0.0000,101.58,101.58,-0.00,1.0000,1.0000,-2.2951,-2.2951,5.2629,17616.5244,2.7714,771.4125,Neutral
11967,primer-cosmos-east,5.4823,7,0.094460,0.188919,7.3921,7.3921,-0.0000,19.01,19.01,-0.00,0.4778,0.3248,-2.1174,-2.1174,0.0000,0.0014,0.0000,0.0012,Neutral
14086,primer-cosmos-east,7.1273,7,0.094488,0.188976,11.1073,11.1073,-0.0000,26.44,26.44,-0.00,1.0000,1.0000,-2.6764,-2.6764,0.3928,275.9391,21.4471,8494.7956,Neutral
14487,primer-cosmos-east,7.1693,7,0.094488,0.188976,9.5948,9.5948,0.0000,23.42,23.42,0.00,0.9999,0.9999,-1.9734,-1.9734,483.8811,0.0000,545.3296,0.0000,Neutral
15393,primer-cosmos-east,5.6895,7,0.094466,0.188932,6.2908,6.2908,0.0000,16.81,16.81,0.00,0.2344,0.2343,-1.9747,-1.9748,0.0118,0.0008,0.0118,0.0008,Neutral
15850,primer-cosmos-east,7.0456,7,0.094487,0.188974,338.5470,338.5470,-0.0000,681.32,681.32,-0.00,1.0000,0.9990,-3.0000,-3.0000,0.0000,2753.0574,0.0000,1.7732,Neutral
16083,primer-cosmos-east,4.5779,7,0.094408,0.188816,873.5429,873.5429,-0.0000,1751.31,1751.31,-0.00,1.0000,1.0000,-1.4397,-1.4397,48.5237,136.1568,0.8631,0.0000,Neutral
16408,primer-cosmos-east,4.5749,7,0.094408,0.188816,372.7637,372.7637,0.0000,749.75,749.75,0.00,1.0000,1.0000,-1.4022,-1.4022,0.0160,0.0182,0.0846,0.0987,Neutral
16563,primer-cosmos-east,5.0220,7,0.094440,0.188880,2777.3082,2777.3082,0.0000,5558.84,5558.84,0.00,1.0000,1.0000,-1.9110,-1.9110,0.0000,0.0000,0.0000,0.0000,Neutral
17813,primer-cosmos-east,5.2267,7,0.094450,0.188900,10.7228,10.7228,0.0000,25.67,25.67,0.00,1.0000,1.0000,-3.0000,-3.0000,1616.8445,0.0000,1955.9998,0.0000,Neutral
18893,primer-cosmos-east,4.8477,7,0.094429,0.188858,304.4388,304.4388,-0.0000,613.10,613.10,-0.00,0.9999,0.0529,-0.6423,-0.6423,0.0000,0.0000,0.0000,0.0000,Neutral
19462,primer-cosmos-east,4.3651,6,0.094386,0.188772,131.0406,131.0406,-0.0000,134.93,134.93,-0.00,1.0000,1.0000,-1.2666,-1.2668,47.1235,62.5869,0.0406,0.0583,Neutral
19946,primer-cosmos-east,5.9744,7,0.094473,0.188945,234.4315,234.4315,-0.0000,473.09,473.09,-0.00,1.0000,1.0000,-1.5895,-1.5895,0.0000,0.0000,0.0766,29.5317,Neutral
20187,primer-cosmos-east,6.6082,7,0.094483,0.188966,60.4378,60.4378,0.0000,125.10,125.10,0.00,1.0000,1.0000,-3.0000,-3.0000,57978.1587,539.0829,21528.2753,219.0833,Neutral
21943,primer-cosmos-east,4.7155,7,0.094420,0.188839,323.4674,323.4674,0.0000,651.16,651.16,0.00,1.0000,1.0000,-1.4417,-1.4416,1.2278,0.0329,0.0722,0.0001,Neutral
23571,primer-cosmos-east,4.7607,7,0.094423,0.188846,96.5321,96.5321,0.0000,197.29,197.29,0.00,0.0045,1.0000,-1.0164,-1.0164,0.0000,0.0000,439.8446,0.0000,Neutral
26971,primer-cosmos-east,6.4067,7,0.094480,0.188960,2045.7545,2045.7545,0.0000,4095.73,4095.73,0.00,1.0000,1.0000,-1.5368,-1.5367,0.2269,0.0328,2207.4776,0.0806,Neutral
27072,primer-cosmos-east,4.9571,6,0.094436,0.188872,239140.2415,239140.2687,-0.0272,239144.13,239144.16,-0.03,0.0329,0.1005,-0.1937,-0.1937,0.0000,0.7719,0.0000,0.9084,Neutral
27765,primer-cosmos-east,5.1726,7,0.094447,0.188895,160.3637,160.3637,-0.0000,324.95,324.95,-0.00,0.9999,0.9999,-2.7431,-2.7430,2278.5740,0.0000,2190.6443,0.0000,Neutral
31668,primer-cosmos-east,5.6077,7,0.094464,0.188927,4549.9238,4549.9238,0.0000,9104.07,9104.07,0.00,1.0000,1.0000,-1.7519,-1.7519,0.1718,0.4103,52.5151,0.5233,Neutral
31770,primer-cosmos-east,5.7791,7,0.094468,0.188936,231.3287,231.3287,0.0000,466.88,466.88,0.00,1.0000,1.0000,-2.7398,-2.7398,38844.5679,115073.9771,38314.3427,123374.8227,Neutral
32928,primer-cosmos-east,4.4581,7,0.094396,0.188793,2906.4893,2906.4893,-0.0000,5817.20,5817.20,-0.00,1.0000,1.0000,-1.4440,-1.4440,136.0011,0.0669,0.2634,268.0819,Neutral
40209,primer-cosmos-east,5.4609,7,0.094459,0.188918,23.5316,23.5316,-0.0000,51.29,51.29,-0.00,0.9952,0.5083,-2.2107,-2.2107,0.0000,0.0740,0.0000,0.0008,Neutral
40642,primer-cosmos-east,4.6343,7,0.094413,0.188826,112.5962,112.5962,-0.0000,229.42,229.42,-0.00,1.0000,1.0000,-0.9296,-0.9296,518.7794,60.7003,517.7831,23.7707,Neutral
40799,primer-cosmos-east,7.6812,7,0.094491,0.188983,80.3192,80.3192,-0.0000,164.86,164.86,-0.00,1.0000,0.9994,-3.0000,-3.0000,0.0000,204.4383,0.0000,1.1395,Neutral
42464,primer-cosmos-east,5.3675,7,0.094456,0.188911,35.4180,34.2929,1.1251,75.06,72.81,2.25,0.9999,0.9999,-2.6488,-2.6996,5819.0467,0.0373,5997.0078,0.0000,Neutral
43445,primer-cosmos-east,5.6969,7,0.094466,0.188932,4.6701,4.6701,0.0000,13.57,13.57,0.00,1.0000,1.0000,-1.8279,-1.8279,277.1251,0.2760,211.9670,0.2312,Neutral
45179,primer-cosmos-east,7.1055,7,0.094488,0.188975,33.8494,33.8494,0.0000,71.92,71.92,0.00,0.9999,0.9998,-2.6765,-2.6765,1333.1774,0.0000,1098.5438,0.0000,Neutral
47824,primer-cosmos-east,5.6555,7,0.094465,0.188930,28.6140,28.6140,0.0000,61.45,61.45,0.00,1.0000,1.0000,-3.0000,-3.0000,5812.7543,17.0196,5062.0213,16.2216,Neutral
48498,primer-cosmos-east,4.4533,7,0.094396,0.188792,8.6885,8.6885,-0.0000,21.60,21.60,-0.00,0.0802,0.0575,-1.3424,-1.3424,0.0000,0.0004,0.0000,0.0005,Neutral
48540,primer-cosmos-east,5.6562,7,0.094465,0.188930,2.7134,2.7134,0.0000,9.65,9.65,0.00,1.0000,1.0000,-3.0000,-3.0000,991.5945,3.9268,1717.5463,7.4443,Neutral
50325,primer-cosmos-east,6.4277,7,0.094480,0.188961,680.3107,680.3106,0.0000,1364.85,1364.85,0.00,1.0000,0.6109,-1.2613,-1.2613,106.2085,20668.9332,0.0000,0.0005,Neutral
50988,primer-cosmos-east,4.5265,7,0.094403,0.188807,5369.3723,5369.3723,-0.0000,10742.97,10742.97,-0.00,1.0000,1.0000,-1.5568,-1.5567,0.1502,0.3133,60.0000,0.2882,Neutral
51514,primer-cosmos-east,4.4367,7,0.094394,0.188788,3378.1515,3378.1515,-0.0000,6760.53,6760.53,-0.00,1.0000,1.0000,-1.5189,-1.5189,0.0645,0.1848,0.0000,0.0000,Neutral
51855,primer-cosmos-east,4.6512,7,0.094415,0.188829,2353.1045,2353.1045,-0.0000,4710.43,4710.43,-0.00,1.0000,1.0000,-1.0224,-1.0224,0.3499,0.0024,19.2245,0.0597,Neutral
52084,primer-cosmos-east,7.0756,7,0.094487,0.188975,218.3446,218.3446,0.0000,440.91,440.91,0.00,1.0000,0.9985,-2.1437,-2.1437,0.6281,0.4125,0.0000,0.0000,Neutral
52124,primer-cosmos-east,4.8338,7,0.094428,0.188857,506.2416,506.2416,-0.0000,1016.71,1016.71,-0.00,0.9503,0.9069,-1.4664,-1.4664,0.0000,0.0000,0.0000,0.0000,Neutral
54661,primer-cosmos-east,5.6676,7,0.094465,0.188931,13.2359,13.2359,0.0000,30.70,30.70,0.00,0.9999,0.9999,-3.0000,-3.0000,2952.4800,0.0000,2905.8620,0.0000,Neutral
55423,primer-cosmos-east,5.4080,7,0.094457,0.188914,398.8896,398.8896,0.0000,802.00,802.00,0.00,1.0000,1.0000,-1.9429,-1.9428,0.1070,0.2576,0.1349,0.2998,Neutral
344,primer-uds-south,7.1354,6,0.094488,0.188976,23.8955,23.8955,-0.0000,27.79,27.79,-0.00,1.0000,1.0000,-3.0000,-3.0000,0.0000,817.9380,0.0000,1332.5399,Neutral
2480,primer-uds-south,4.6841,7,0.094417,0.188835,29.5958,29.5958,-0.0000,63.42,63.42,-0.00,0.5312,0.2856,-1.3389,-1.3389,0.0000,0.0005,0.0000,0.0004,Neutral
4620,primer-uds-south,5.7463,7,0.094467,0.188935,423.1016,423.1016,-0.0000,850.43,850.43,-0.00,1.0000,1.0000,-1.5925,-1.5925,0.1007,0.4825,94.2011,0.2097,Neutral
7830,primer-uds-south,5.5454,7,0.094462,0.188923,37.5681,37.5680,0.0000,79.36,79.36,0.00,1.0000,0.8072,-1.5777,-1.5777,0.3233,260.2745,0.0000,0.0040,Neutral
9104,primer-uds-south,6.0931,7,0.094475,0.188950,62.5157,62.5157,0.0000,129.26,129.26,0.00,0.9999,0.6680,-1.4911,-1.4911,0.0155,5.0484,0.0000,0.0014,Neutral
9791,primer-uds-south,5.0278,7,0.094440,0.188880,14.1870,14.1870,-0.0000,32.60,32.60,-0.00,1.0000,0.9933,-2.0653,-2.0654,0.0010,28.3269,0.0000,0.0948,Neutral
11501,primer-uds-south,4.6800,7,0.094417,0.188834,653.5623,653.5614,0.0009,1311.35,1311.35,0.00,1.0000,1.0000,-1.7083,-1.7083,0.3775,179.7045,0.2611,7973.4454,Neutral
14258,primer-uds-south,5.4719,7,0.094459,0.188918,31.5912,31.5912,0.0000,67.41,67.41,0.00,0.9995,0.9991,-2.1750,-2.1750,162.4419,1.1829,99.0349,0.7893,Neutral
17986,primer-uds-south,4.9401,7,0.094435,0.188870,2310.8093,2310.8093,0.0000,4625.84,4625.84,0.00,1.0000,1.0000,-1.5204,-1.5203,0.9045,0.0000,0.9519,0.2072,Neutral
21488,primer-uds-south,5.4140,7,0.094457,0.188914,204.2341,204.2341,-0.0000,412.69,412.69,-0.00,1.0000,1.0000,-2.7263,-2.7263,0.0000,96173.5357,0.0013,15249.1915,Neutral
22358,primer-uds-south,4.6765,7,0.094417,0.188833,225.3911,225.3911,-0.0000,455.01,455.01,-0.00,0.0109,0.8417,-0.9386,-0.9386,0.0000,0.0001,0.0000,0.0004,Neutral
23107,primer-uds-south,4.9525,7,0.094436,0.188872,57.0736,57.0736,0.0000,118.37,118.37,0.00,1.0000,1.0000,-1.0377,-1.0377,358.9587,0.0000,484.4841,0.0000,Neutral
25430,primer-uds-south,7.1282,7,0.094488,0.188976,0.8823,0.8823,0.0000,5.99,5.99,0.00,0.9999,0.9999,-3.0000,-3.0000,1671.8780,23.8983,1551.8478,24.2786,Neutral
28931,primer-uds-south,7.9047,7,0.094492,0.188985,67.1120,67.7357,-0.6237,138.45,139.70,-1.25,1.0000,1.0000,-3.0000,-2.9997,0.0000,1184.7557,48892.8905,85520.4722,Neutral
29392,primer-uds-south,7.4710,7,0.094490,0.188980,196.2636,196.2636,-0.0000,396.75,396.75,-0.00,0.9996,1.0000,-2.3110,-2.3109,0.0000,1.0156,0.2401,74.2755,Neutral
30157,primer-uds-south,4.7269,7,0.094421,0.188841,96.3397,96.3397,-0.0000,196.90,196.90,-0.00,0.5784,1.0000,-1.0114,-1.0114,0.0000,0.0000,167.7524,0.0000,Neutral
30191,primer-uds-south,4.0366,7,0.094337,0.188674,63.5722,63.5722,0.0000,131.37,131.37,0.00,1.0000,1.0000,-0.9221,-0.9221,0.0000,0.0000,0.0977,0.0206,Neutral
30520,primer-uds-south,5.3498,7,0.094455,0.188910,36.3095,36.3095,-0.0000,76.84,76.84,-0.00,0.0443,1.0000,-1.3092,-1.3092,0.0000,0.0002,2.2872,31810.9375,Neutral
32880,primer-uds-south,4.7560,7,0.094423,0.188846,658.3375,658.3375,0.0000,1320.90,1320.90,0.00,1.0000,0.9917,-0.8643,-0.8643,889.9029,0.0000,0.0000,0.0000,Neutral
33445,primer-uds-south,4.3458,7,0.094384,0.188767,562.3647,562.3647,-0.0000,1128.95,1128.95,-0.00,1.0000,0.0085,-0.7578,-0.7578,0.0512,0.0093,0.0000,0.0000,Neutral
33898,primer-uds-south,4.5453,7,0.094405,0.188810,37.1400,37.1400,-0.0000,78.51,78.51,-0.00,0.0236,0.0256,-1.1179,-1.1179,0.0000,0.0003,0.0000,0.0003,Neutral
36872,primer-uds-south,7.1351,7,0.094488,0.188976,20.0467,20.0467,-0.0000,44.32,44.32,-0.00,1.0000,1.0000,-3.0000,-3.0000,0.0001,107401.4164,0.0016,39597.0689,Neutral
37557,primer-uds-south,5.6557,7,0.094465,0.188930,88.1122,88.1121,0.0001,180.45,180.45,0.00,1.0000,1.0000,-2.8632,-2.8632,22361.6064,736.3715,36814.1196,1326.8108,Neutral
37751,primer-uds-south,5.3592,7,0.094455,0.188910,43.7858,43.7871,-0.0013,91.80,91.80,-0.00,1.0000,1.0000,-2.8642,-2.8642,0.0014,81285.3126,5.9319,41934.3810,Neutral
37878,primer-uds-south,4.7732,7,0.094424,0.188848,76.3763,76.3763,-0.0000,156.98,156.98,-0.00,0.0055,1.0000,-1.0171,-1.0171,0.0000,0.0000,693.2573,2.8901,Neutral
39711,primer-uds-south,5.4620,7,0.094459,0.188918,18.3310,18.3310,0.0000,40.89,40.89,0.00,0.0434,0.0628,-1.6617,-1.6617,0.0257,0.0006,0.0263,0.0007,Neutral
44435,primer-uds-south,5.1733,6,0.094447,0.188895,128.7847,128.7847,0.0000,132.68,132.68,0.00,0.9998,0.9999,-2.5384,-2.5384,655.7549,0.0000,678.2717,0.0000,Neutral
45383,primer-uds-south,4.8552,7,0.094430,0.188859,21.2359,21.2359,-0.0000,46.70,46.70,-0.00,0.4984,0.8151,-1.6215,-1.6216,0.0000,0.0002,0.0000,0.0006,Neutral
45637,primer-uds-south,4.5363,7,0.094404,0.188808,989.8268,989.8268,0.0000,1983.88,1983.88,0.00,1.0000,0.0107,-1.0348,-1.0348,400.6667,1.4498,0.0000,0.0000,Neutral
47509,primer-uds-south,5.6594,7,0.094465,0.188930,44.4439,44.4439,0.0000,93.11,93.11,0.00,0.9998,0.9998,-2.5395,-2.5394,1395.3363,12.1844,1392.2845,13.3080,Neutral
48686,primer-uds-south,4.8439,7,0.094429,0.188858,12.2004,12.2004,-0.0000,28.63,28.63,-0.00,0.0029,1.0000,-1.0171,-1.0171,0.0000,0.0001,14.2076,34698.0043,Neutral
48982,primer-uds-south,5.3879,7,0.094456,0.188913,6.0666,6.0666,-0.0000,16.36,16.36,-0.00,1.0000,1.0000,-2.5780,-2.5780,1208.0948,0.0000,1299.8638,0.0000,Neutral
50716,primer-uds-south,7.8636,6,0.094492,0.188984,30.4596,30.4596,-0.0000,34.35,34.35,-0.00,1.0000,1.0000,-3.0000,-3.0000,0.0000,677.1108,0.0000,533.0507,Neutral
51593,primer-uds-south,4.4579,7,0.094396,0.188793,257.9887,257.9887,0.0000,520.20,520.20,0.00,1.0000,1.0000,-1.4961,-1.4961,0.0010,0.0030,80.1875,0.2611,Neutral
52581,primer-uds-south,6.1670,6,0.094476,0.188953,3150.1947,3150.1947,-0.0000,3154.09,3154.09,-0.00,1.0000,1.0000,-1.8230,-1.8230,0.1549,0.5955,0.0000,0.0000,Neutral
55634,primer-uds-south,6.8798,7,0.094486,0.188971,382.6510,382.6914,-0.0404,769.53,769.61,-0.08,1.0000,1.0000,-0.8574,-0.8319,1097.2852,0.0000,196.2915,0.3079,Neutral
55783,primer-uds-south,4.6260,7,0.094412,0.188825,1112.8711,1112.8711,0.0000,2229.97,2229.97,0.00,0.9999,1.0000,-1.5891,-1.5891,0.0000,0.0000,0.0124,0.0000,Neutral
57494,primer-uds-south,4.0240,7,0.094335,0.188670,2592.9175,2592.9175,-0.0000,5190.06,5190.06,-0.00,1.0000,1.0000,-1.2514,-1.2514,0.0000,0.0000,0.0000,0.0000,Neutral
59568,primer-uds-south,8.9016,6,0.094496,0.188991,8.0769,8.0769,0.0000,11.97,11.97,0.00,1.0000,1.0000,-3.0000,-3.0000,7662.4844,1494.1165,4074.9532,869.6677,Neutral
59880,primer-uds-south,5.6631,7,0.094465,0.188930,3.1907,2.9457,0.2450,10.61,10.12,0.49,1.0000,1.0000,-2.9168,-3.0000,0.0400,107.2729,6514.9171,1500.7384,Neutral
59971,primer-uds-south,5.3915,7,0.094456,0.188913,1.5529,1.5529,-0.0000,7.33,7.33,-0.00,0.9999,0.9999,-2.4174,-2.4174,462.3443,16.1689,378.5502,14.4891,Neutral
60046,primer-uds-south,5.4628,7,0.094459,0.188918,51.2464,51.2464,0.0000,106.72,106.72,0.00,1.0000,0.0149,-1.2704,-1.2704,0.0041,31585.3843,0.0000,0.0015,Neutral
60446,primer-uds-south,4.3661,7,0.094386,0.188772,119.6835,119.6835,0.0000,243.59,243.59,0.00,0.9998,0.9994,-1.8387,-1.8386,0.0000,0.0000,0.0000,0.0000,Neutral
62395,primer-uds-south,5.6592,7,0.094465,0.188930,67.2513,67.2513,-0.0000,138.73,138.73,-0.00,1.0000,1.0000,-2.8967,-2.8967,0.0000,3258.8564,0.0000,1807.2844,Neutral
66511,primer-uds-south,7.1308,6,0.094488,0.188976,3080.2293,3079.4777,0.7515,3084.12,3083.37,0.75,1.0000,1.0000,-2.8773,-2.8776,7.3630,0.1371,0.0988,0.0000,Neutral
67076,primer-uds-south,7.9368,7,0.094493,0.188985,38.1420,38.1420,0.0000,80.51,80.51,0.00,0.9999,0.9999,-3.0000,-3.0000,1856.6414,7.6441,1815.4078,8.1806,Neutral
68947,primer-uds-south,5.6560,7,0.094465,0.188930,493.7073,490.9881,2.7192,991.64,986.20,5.44,1.0000,1.0000,-2.8515,-2.8549,0.0721,0.1505,0.2459,0.3847,Weak
69772,primer-uds-south,5.4294,7,0.094458,0.188916,87.9253,87.9253,-0.0000,180.08,180.08,-0.00,1.0000,1.0000,-2.8233,-2.8233,0.0000,4584.5189,0.0000,2828.4132,Neutral
6756,ceers-full,7.1361,6,0.094488,0.188976,420.7065,420.7065,-0.0000,424.60,424.60,-0.00,1.0000,1.0000,-2.7939,-2.7938,0.0000,284.8604,0.0000,373.0446,Neutral
9246,ceers-full,4.6044,6,0.094411,0.188821,1842.5346,1842.5346,0.0000,1846.43,1846.43,0.00,0.1095,0.0857,-1.4043,-1.4043,0.0000,0.0000,0.0000,0.0000,Neutral
12234,ceers-full,6.1422,6,0.094476,0.188952,1723.1107,1723.1107,0.0000,1727.00,1727.00,0.00,0.5895,0.9998,-1.8816,-1.8816,0.0000,0.0000,0.0000,0.0000,Neutral
12544,ceers-full,4.5497,6,0.094406,0.188811,322.6624,322.6624,-0.0000,326.55,326.55,-0.00,1.0000,0.0068,-1.0067,-1.0067,378.2476,1.5130,0.0000,0.0000,Neutral
13736,ceers-full,5.3570,6,0.094455,0.188910,114.8842,114.8841,0.0001,118.77,118.77,0.00,1.0000,0.9995,-2.0211,-2.0211,0.6862,495.6412,0.0000,0.4831,Neutral
14076,ceers-full,5.6614,6,0.094465,0.188930,39.2186,39.2186,-0.0000,43.11,43.11,-0.00,0.2965,0.3227,-2.1326,-2.1326,0.0000,0.0021,0.0000,0.0024,Neutral
19354,ceers-full,5.4279,6,0.094458,0.188915,260.0245,260.0245,0.0000,263.92,263.92,0.00,0.9994,1.0000,-2.2406,-2.2406,0.0000,0.0000,0.4780,0.0121,Neutral
20010,ceers-full,8.9344,6,0.094496,0.188991,25.7229,25.7229,0.0000,29.61,29.61,0.00,0.9999,0.9999,-3.0000,-3.0000,356.1565,16.8694,323.4669,16.7689,Neutral
20632,ceers-full,5.6531,6,0.094465,0.188930,28.4286,28.4286,-0.0000,32.32,32.32,-0.00,1.0000,1.0000,-2.9988,-2.9988,0.0000,8492.0914,0.0000,2902.4307,Neutral
20897,ceers-full,4.5331,6,0.094404,0.188808,7130.8762,7130.8762,0.0000,7134.77,7134.77,0.00,1.0000,0.9999,-1.7256,-1.7256,45.5803,0.1421,0.0000,0.0000,Neutral
22049,ceers-full,7.1350,6,0.094488,0.188976,136.8072,136.5112,0.2960,140.70,140.40,0.30,1.0000,1.0000,-2.9995,-3.0000,31836.6350,5510.6814,11149.0653,2820.9389,Neutral
22239,ceers-full,7.1314,6,0.094488,0.188976,64.1355,64.1355,-0.0000,68.03,68.03,-0.00,1.0000,1.0000,-3.0000,-3.0000,0.0005,1059.6550,0.0005,1110.1825,Neutral
23054,ceers-full,6.8683,6,0.094486,0.188971,141.3260,141.3261,-0.0001,145.22,145.22,-0.00,0.3081,0.9994,-2.0107,-2.0108,0.0000,0.0036,0.0026,4.7295,Neutral
24464,ceers-full,5.6554,6,0.094465,0.188930,73.0132,73.0132,0.0000,76.90,76.90,0.00,1.0000,1.0000,-2.9376,-2.9376,36501.4337,4753.1273,37249.5774,5308.8846,Neutral
28748,ceers-full,4.7530,6,0.094423,0.188845,4958.0917,4958.0917,-0.0000,4961.98,4961.98,-0.00,1.0000,1.0000,-1.7165,-1.7165,0.0000,0.0000,0.0000,0.0000,Neutral
29421,ceers-full,4.7851,6,0.094425,0.188850,2406.5346,2406.5346,0.0000,2410.43,2410.43,0.00,1.0000,0.0653,-1.3877,-1.3877,186.3849,3.1679,0.0000,0.0000,Neutral
30600,ceers-full,4.0259,6,0.094335,0.188670,100.2702,100.2702,0.0000,104.16,104.16,0.00,1.0000,1.0000,-1.4525,-1.4524,0.0396,0.0154,242.5805,0.0000,Neutral
36886,ceers-full,4.4499,6,0.094395,0.188791,549.8669,549.8669,0.0000,553.76,553.76,0.00,0.9996,0.9997,-2.0198,-2.0198,0.0000,0.0000,0.0000,0.0000,Neutral
36985,ceers-full,5.6537,6,0.094465,0.188930,14.6150,14.6150,-0.0000,18.51,18.51,-0.00,1.0000,1.0000,-2.9178,-2.9178,0.0000,1150.2042,0.0000,1302.7839,Neutral
39094,ceers-full,4.7315,6,0.094421,0.188842,1977.4303,1977.4302,0.0000,1981.32,1981.32,0.00,1.0000,1.0000,-1.4709,-1.4711,2.9395,0.0085,69.3906,0.0385,Neutral
40589,ceers-full,8.0067,6,0.094493,0.188986,31.2016,30.5089,0.6927,35.09,34.40,0.69,1.0000,1.0000,-2.9994,-3.0000,11224.3968,8535.8660,0.0000,67452.4292,Neutral
41179,ceers-full,7.2423,6,0.094489,0.188977,720.0848,720.0850,-0.0001,723.98,723.98,-0.00,0.9886,1.0000,-1.7713,-1.7713,0.0000,0.4149,0.3987,1659.3934,Neutral
41913,ceers-full,5.2460,6,0.094451,0.188901,7402.7149,7311.2026,91.5124,7406.61,7315.09,91.51,1.0000,1.0000,-2.6587,-2.6694,77.3221,0.4180,17.1648,0.5980,Support
42093,ceers-full,6.4459,6,0.094481,0.188961,1627.4278,1627.4278,0.0000,1631.32,1631.32,0.00,1.0000,1.0000,-2.2711,-2.2712,0.1783,0.3690,0.2046,0.5195,Neutral
47021,ceers-full,8.0231,6,0.094493,0.188986,5.8862,5.8862,0.0000,9.78,9.78,0.00,0.9999,0.9999,-3.0000,-3.0000,475.3104,9.7383,473.1112,10.6092,Neutral
48983,ceers-full,7.1368,6,0.094488,0.188976,4342.1815,4342.1819,-0.0004,4346.07,4346.07,-0.00,1.0000,1.0000,-2.9165,-2.9165,0.0000,7965.5193,0.0000,4152.0444,Neutral
49360,ceers-full,4.7373,6,0.094421,0.188843,232.8104,232.8104,-0.0000,236.70,236.70,-0.00,1.0000,0.0177,-1.0494,-1.0494,0.0001,0.0000,0.0000,0.0000,Neutral
55490,ceers-full,7.1493,6,0.094488,0.188976,1673.0124,1673.0124,0.0000,1676.90,1676.90,0.00,1.0000,1.0000,-2.9102,-2.9102,151924.1144,16384.7347,248084.0049,29283.6029,Neutral
57051,ceers-full,5.6681,6,0.094465,0.188931,20.7167,20.7167,0.0000,24.61,24.61,0.00,1.0000,1.0000,-3.0000,-3.0000,10116.9311,407.4045,39335.6295,1733.6685,Neutral
58630,ceers-full,4.5468,6,0.094405,0.188811,1527.8301,1527.8301,-0.0000,1531.72,1531.72,-0.00,1.0000,0.3113,-1.4074,-1.4074,184.2898,164.0686,0.0000,0.0000,Neutral
59162,ceers-full,7.8411,6,0.094492,0.188984,122.1184,122.1184,0.0000,126.01,126.01,0.00,1.0000,1.0000,-3.0000,-3.0000,3518.6854,200.0692,3746.2440,233.1358,Neutral
59626,ceers-full,6.3671,6,0.094480,0.188959,2828.0731,2828.0731,-0.0000,2831.96,2831.96,-0.00,0.5685,0.3287,-1.3321,-1.3321,0.0000,0.0050,0.0000,0.0036,Neutral
60774,ceers-full,5.2848,6,0.094452,0.188904,234.8861,234.8862,-0.0000,238.78,238.78,-0.00,1.0000,1.0000,-2.9657,-2.9657,14519.1342,0.0000,14064.6701,0.0000,Neutral
61323,ceers-full,7.1270,6,0.094488,0.188976,11.3270,11.3270,-0.0000,15.22,15.22,-0.00,0.9994,1.0000,-2.6331,-2.6331,0.0000,0.1706,0.9428,22368.4946,Neutral
63106,ceers-full,5.6557,6,0.094465,0.188930,51.3700,51.3699,0.0001,55.26,55.26,0.00,1.0000,1.0000,-2.9507,-2.9507,21408.3549,421.3431,30648.3831,660.1786,Neutral
67137,ceers-full,7.4965,6,0.094490,0.188981,134.3768,134.3768,0.0000,138.27,138.27,0.00,0.9994,0.9994,-2.8899,-2.8903,1891.1837,3.4628,1981.9501,3.9655,Neutral
68816,ceers-full,4.5323,6,0.094404,0.188808,968.9021,968.9021,0.0000,972.79,972.79,0.00,1.0000,1.0000,-1.4340,-1.4339,39.7478,0.0737,0.0520,0.0806,Neutral
70681,ceers-full,7.9008,6,0.094492,0.188985,82.5067,82.5067,0.0000,86.40,86.40,0.00,1.0000,1.0000,-3.0000,-3.0000,2528.1252,107.5621,3300.9484,153.7139,Neutral
71267,ceers-full,7.5175,6,0.094490,0.188981,23.5230,23.5230,0.0000,27.41,27.41,0.00,0.9999,0.9999,-3.0000,-3.0000,1007.9499,2.4023,1043.8625,2.7230,Neutral
71321,ceers-full,7.1293,6,0.094488,0.188976,19.2484,19.2484,-0.0000,23.14,23.14,-0.00,1.0000,1.0000,-3.0000,-3.0000,0.0000,443.2300,0.0000,65287.0480,Neutral
71380,ceers-full,7.1263,6,0.094488,0.188976,417.9922,417.9922,-0.0000,421.88,421.88,-0.00,1.0000,1.0000,-3.0000,-3.0000,0.0000,1075.0592,0.0000,2586.6550,Neutral
72633,ceers-full,5.4434,6,0.094458,0.188917,115.7237,115.7237,0.0000,119.61,119.61,0.00,0.9996,0.9996,-2.5730,-2.5729,1089.6591,11.0914,999.7755,11.1391,Neutral
72956,ceers-full,8.9042,6,0.094496,0.188991,20.7602,20.7602,-0.0000,24.65,24.65,-0.00,1.0000,1.0000,-3.0000,-3.0000,2070.2686,0.0000,2031.3441,0.0000,Neutral
73890,ceers-full,5.6603,6,0.094465,0.188930,19.0149,19.0149,0.0000,22.91,22.91,0.00,0.9999,0.9999,-3.0000,-3.0000,1586.6375,18.5736,1497.8843,19.1911,Neutral
7242,primer-cosmos-west,5.6588,7,0.094465,0.188930,33.7298,33.7298,0.0000,71.69,71.69,0.00,0.9994,0.8064,-2.2432,-2.2433,165.8092,1.5032,0.5364,0.0053,Neutral
8118,primer-cosmos-west,5.6424,6,0.094465,0.188929,14.7470,14.7469,0.0000,18.64,18.64,0.00,1.0000,1.0000,-2.1140,-2.1140,13.3344,1093.5072,11.0200,13623.3955,Neutral
13074,primer-cosmos-west,5.2148,7,0.094449,0.188899,417.8804,417.8804,0.0000,839.99,839.99,0.00,1.0000,1.0000,-2.7285,-2.7285,183070.0364,4695.5914,332814.8578,9342.5904,Neutral
13666,primer-cosmos-west,5.2881,7,0.094452,0.188905,9.6510,9.4081,0.2429,23.53,23.04,0.49,0.9999,0.9998,-2.1626,-2.3280,0.0278,17.6891,403.7352,5.5676,Neutral
15233,primer-cosmos-west,4.9860,7,0.094438,0.188875,1109.4888,1109.4888,-0.0000,2223.20,2223.20,-0.00,1.0000,1.0000,-1.1841,-1.1841,0.3476,0.0049,0.1376,0.0002,Neutral
16152,primer-cosmos-west,5.7144,7,0.094467,0.188933,2209.4818,2209.4837,-0.0019,4423.19,4423.19,-0.00,1.0000,0.9999,-1.3461,-1.3461,3.2184,7245.9506,0.1613,42.8090,Neutral
18540,primer-cosmos-west,8.9337,7,0.094496,0.188991,7.6510,7.6510,-0.0000,19.53,19.53,-0.00,1.0000,1.0000,-3.0000,-3.0000,7509.5767,0.0000,3708.6402,0.0000,Neutral
21037,primer-cosmos-west,4.4761,7,0.094398,0.188796,362.6160,362.6160,0.0000,729.46,729.46,0.00,0.0129,1.0000,-1.2401,-1.2400,0.0000,0.0000,0.0420,0.0109,Neutral
21620,primer-cosmos-west,8.0871,7,0.094493,0.188986,1.4854,1.4854,0.0000,7.20,7.20,0.00,0.9999,0.9999,-3.0000,-3.0000,2056.7919,12.1083,1856.7704,11.9637,Neutral
22379,primer-cosmos-west,5.7349,7,0.094467,0.188934,101.0604,101.0604,0.0000,206.35,206.35,0.00,1.0000,1.0000,-1.7412,-1.7412,1.5113,0.1819,0.0000,0.0000,Neutral
22483,primer-cosmos-west,7.1355,7,0.094488,0.188976,11.2596,11.2596,0.0000,26.74,26.74,0.00,0.9999,0.9999,-3.0000,-3.0000,2542.6484,0.0000,2543.4074,0.0000,Neutral
22702,primer-cosmos-west,5.4312,7,0.094458,0.188916,453.1422,358.4086,94.7336,910.51,721.04,189.47,1.0000,0.9996,-2.5797,-2.6421,55.6676,0.5830,0.0000,3.4549,Support
25633,primer-cosmos-west,7.0511,7,0.094487,0.188974,334.5525,334.5525,-0.0000,673.33,673.33,-0.00,1.0000,1.0000,-3.0000,-3.0000,0.0000,1094.7441,0.0000,919.4068,Neutral
26495,primer-cosmos-west,5.0196,7,0.094440,0.188879,2725.6943,2725.6943,-0.0000,5455.61,5455.61,-0.00,1.0000,0.9949,-1.8968,-1.8968,0.0000,0.0000,0.0000,0.0000,Neutral
28491,primer-cosmos-west,5.5851,7,0.094463,0.188926,88.8800,88.8800,0.0000,181.99,181.99,0.00,1.0000,1.0000,-2.9015,-2.9015,96543.0716,113205.9945,93825.1054,120582.8864,Neutral
28500,primer-cosmos-west,5.4290,7,0.094458,0.188916,60.0358,60.0358,0.0000,124.30,124.30,0.00,1.0000,1.0000,-3.0000,-3.0000,0.0000,1162.5602,0.0000,1268.0793,Neutral
29372,primer-cosmos-west,5.3858,7,0.094456,0.188912,2.8722,2.8722,-0.0000,9.97,9.97,-0.00,0.9999,0.9999,-2.9637,-2.9637,1601.1203,0.0000,1601.3031,0.0000,Neutral
29568,primer-cosmos-west,4.3603,6,0.094385,0.188771,126.3193,126.3193,-0.0000,130.21,130.21,-0.00,1.0000,1.0000,-1.2577,-1.2578,135.7886,32.5416,0.0207,15.6072,Neutral
30073,primer-cosmos-west,6.0041,7,0.094473,0.188947,233.7612,233.7612,-0.0000,471.75,471.75,-0.00,0.9999,1.0000,-1.5787,-1.5787,0.0000,0.0000,0.2244,0.0315,Neutral
30145,primer-cosmos-west,5.6646,7,0.094465,0.188930,18.5988,18.5988,0.0000,41.42,41.42,0.00,0.9999,0.9999,-3.0000,-3.0000,2137.9907,7.2899,2285.9535,8.5307,Neutral
31319,primer-cosmos-west,6.3339,7,0.094479,0.188958,120.0851,120.0851,0.0000,244.40,244.40,0.00,0.9996,0.9995,-2.3651,-2.3651,1391.6027,0.0000,1288.3549,0.0000,Neutral
31661,primer-cosmos-west,4.4626,7,0.094397,0.188794,20.0422,20.0422,-0.0000,44.31,44.31,-0.00,1.0000,1.0000,-1.2501,-1.2501,39.4302,254.0846,92.5266,10.5610,Neutral
32535,primer-cosmos-west,5.7492,7,0.094467,0.188935,516.5448,516.5448,0.0000,1037.31,1037.31,0.00,0.6161,1.0000,-1.0200,-1.0200,0.0000,0.0000,717.0032,6.6502,Neutral
33230,primer-cosmos-west,4.7522,7,0.094423,0.188845,91.7931,91.7931,0.0000,187.81,187.81,0.00,1.0000,1.0000,-0.9956,-0.9957,167.4701,0.0000,463.7195,0.0000,Neutral
36162,primer-cosmos-west,6.4110,7,0.094480,0.188960,2048.3436,2048.3436,0.0000,4100.91,4100.91,0.00,1.0000,1.0000,-1.5360,-1.5360,136.2700,0.2271,465.0906,416.7718,Neutral
42656,primer-cosmos-west,5.6854,7,0.094466,0.188932,268.8386,268.8386,0.0000,541.90,541.90,0.00,0.9985,0.8953,-1.9768,-1.9767,213.7432,0.7665,3.1189,0.0122,Neutral
43505,primer-cosmos-west,4.6755,7,0.094417,0.188833,356.8747,356.8747,0.0000,717.97,717.97,0.00,1.0000,1.0000,-1.3345,-1.3345,99.6504,0.0010,261.9847,0.0033,Neutral
44446,primer-cosmos-west,7.1315,7,0.094488,0.188976,84.2159,84.2159,-0.0000,172.66,172.66,-0.00,0.9999,0.9999,-2.8486,-2.8486,1796.7311,0.0000,2117.3777,0.0000,Neutral
46914,primer-cosmos-west,5.6548,7,0.094465,0.188930,3.1979,3.1979,-0.0000,10.62,10.62,-0.00,1.0000,1.0000,-3.0000,-3.0000,0.0000,1029.6266,0.0000,519.0135,Neutral
47165,primer-cosmos-west,5.2338,7,0.094450,0.188900,200.0878,200.0878,-0.0000,404.40,404.40,-0.00,1.0000,1.0000,-2.8829,-2.8829,23548.3834,0.0000,22065.8134,0.0000,Neutral
50300,primer-cosmos-west,5.6961,7,0.094466,0.188932,5.3117,5.3117,0.0000,14.85,14.85,0.00,1.0000,1.0000,-1.8105,-1.8105,280.6476,0.3892,242.3931,0.3681,Neutral
50560,primer-cosmos-west,5.1459,7,0.094446,0.188892,131.3211,131.3211,-0.0000,266.87,266.87,-0.00,0.0504,0.0210,-1.1828,-1.1828,0.0000,0.0000,0.0000,0.0000,Neutral
51657,primer-cosmos-west,4.7941,7,0.094426,0.188851,5166.8470,5166.8471,-0.0001,10337.92,10337.92,-0.00,1.0000,1.0000,-1.6377,-1.6375,0.0000,0.0000,1.2741,0.0035,Neutral
53626,primer-cosmos-west,5.6552,7,0.094465,0.188930,29.5953,29.6021,-0.0069,63.42,63.43,-0.01,1.0000,1.0000,-3.0000,-3.0000,4794.2751,17.9300,4659.7177,18.8860,Neutral
54067,primer-cosmos-west,5.6564,7,0.094465,0.188930,3.1117,3.1117,0.0000,10.45,10.45,0.00,1.0000,1.0000,-3.0000,-3.0000,1749.8106,9.0912,2532.7400,14.4021,Neutral
55716,primer-cosmos-west,4.4383,7,0.094394,0.188788,3327.9851,3327.9851,-0.0000,6660.20,6660.20,-0.00,1.0000,1.0000,-1.5054,-1.5056,1.8500,0.3930,0.1727,0.3431,Neutral
1498,gds,4.6634,7,0.094416,0.188831,2087.3222,2087.3222,-0.0000,4178.87,4178.87,-0.00,1.0000,1.0000,-1.8144,-1.8145,0.0000,0.0000,0.1745,0.0871,Neutral
2981,gds,4.8122,7,0.094427,0.188854,250.0582,250.0582,-0.0000,504.34,504.34,-0.00,0.2150,0.1333,-1.6304,-1.6304,0.0000,0.0002,0.0000,0.0002,Neutral
3099,gds,5.4584,7,0.094459,0.188918,64.1267,64.1267,0.0000,132.48,132.48,0.00,1.0000,1.0000,-3.0000,-3.0000,0.0005,304945.9366,0.0001,101916.4518,Neutral
5434,gds,4.1073,7,0.094349,0.188699,1097.5118,1097.5118,0.0000,2199.25,2199.25,0.00,0.9996,1.0000,-1.6501,-1.6501,0.0000,0.0000,0.0000,0.0000,Neutral
14381,gds,5.4444,7,0.094458,0.188917,13.1980,13.1980,0.0000,30.62,30.62,0.00,0.9999,0.9999,-3.0000,-3.0000,936.2475,3.0316,948.5157,3.3615,Neutral
14605,gds,6.9281,7,0.094486,0.188972,717.3676,717.3676,0.0000,1438.96,1438.96,0.00,0.9995,0.9993,-1.5971,-1.5971,634.3735,0.0000,467.4015,0.0000,Neutral
16053,gds,6.9018,7,0.094486,0.188972,42.6312,42.6312,-0.0000,89.49,89.49,-0.00,1.0000,1.0000,-0.8159,-0.8159,460.9681,0.0000,346.1179,0.0000,Neutral
18537,gds,4.2773,7,0.094375,0.188750,1975.2683,1975.2683,-0.0000,3954.76,3954.76,-0.00,0.0245,1.0000,-1.0780,-1.0780,0.0000,0.0000,133.4152,96.2200,Neutral
22388,gds,7.1819,6,0.094488,0.188976,63825.8080,63825.7436,0.0644,63829.70,63829.63,0.06,1.0000,1.0000,-2.7056,-2.7056,85138.0659,6192.1184,114196.7827,9090.3028,Neutral
23636,gds,7.1328,6,0.094488,0.188976,524.3155,524.3155,0.0000,528.21,528.21,0.00,1.0000,1.0000,-3.0000,-3.0000,0.0000,21358.0972,0.0002,128770.2876,Neutral
23868,gds,8.9276,6,0.094496,0.188991,64.1089,64.1089,-0.0000,68.00,68.00,-0.00,1.0000,1.0000,-3.0000,-3.0000,0.0000,145.7180,0.0014,817.4012,Neutral
29303,gds,5.9860,7,0.094473,0.188946,126.8926,126.8926,0.0000,258.01,258.01,0.00,0.9999,0.9999,-2.9729,-2.9729,1999.9913,0.4809,1807.3281,0.4756,Neutral
32147,gds,4.6032,7,0.094410,0.188821,2353.6185,2353.6184,0.0001,4711.46,4711.46,0.00,1.0000,1.0000,-1.7525,-1.7525,0.7305,10395.3474,0.0010,14520.2534,Neutral
32402,gds,4.9424,7,0.094435,0.188870,15.1874,15.1874,0.0000,34.60,34.60,0.00,0.4157,0.9994,-2.1166,-2.1166,0.0531,0.0006,47.9151,0.6175,Neutral
35367,gds,5.4895,7,0.094460,0.188920,10171.9112,10171.9112,-0.0000,20348.05,20348.05,-0.00,0.9998,1.0000,-2.3323,-2.3323,0.0000,0.0000,0.0000,0.0000,Neutral
37563,gds,5.7131,7,0.094467,0.188933,297.7388,297.7388,0.0000,599.70,599.70,0.00,0.9990,0.9985,-2.1514,-2.1514,271.9999,0.0000,184.6751,0.0000,Neutral
39509,gds,4.2877,7,0.094376,0.188752,108.3881,108.3881,-0.0000,221.00,221.00,-0.00,0.0164,1.0000,-1.2463,-1.2463,0.0000,0.0001,0.3196,9754.0514,Neutral
41129,gds,7.1334,7,0.094488,0.188976,646.4585,646.5731,-0.1145,1297.14,1297.37,-0.23,1.0000,1.0000,-3.0000,-3.0000,0.0000,62.3673,0.3924,0.1139,Neutral
44531,gds,7.1241,6,0.094488,0.188976,6.8383,6.8383,0.0000,10.73,10.73,0.00,1.0000,1.0000,-2.9076,-2.9077,1915.7994,26.4095,3187.2283,48.0845,Neutral
45202,gds,7.1313,6,0.094488,0.188976,1626.7660,1626.7660,-0.0000,1630.66,1630.66,-0.00,0.9974,1.0000,-3.0000,-3.0000,0.0000,0.1311,0.0000,170.7225,Neutral
46221,gds,4.0452,7,0.094339,0.188677,645.8141,645.8142,-0.0000,1295.85,1295.85,-0.00,0.0660,0.0709,-1.2847,-1.2847,0.0000,0.0000,0.0000,0.0000,Neutral
46281,gds,4.7896,7,0.094425,0.188850,116.2586,116.2586,-0.0000,236.74,236.74,-0.00,0.3333,0.0678,-1.5433,-1.5433,0.0000,0.0000,0.0000,0.0000,Neutral
51983,gds,7.1353,6,0.094488,0.188976,530.1910,530.1910,-0.0000,534.08,534.08,-0.00,1.0000,1.0000,-3.0000,-3.0000,0.0000,502.7148,0.0000,602.1438,Neutral
52017,gds,6.3311,7,0.094479,0.188958,313.1563,313.1563,0.0000,630.54,630.54,0.00,0.9990,0.9990,-2.0246,-2.0247,72.7519,0.6620,72.8058,0.7249,Neutral
64049,gds,5.2713,7,0.094452,0.188903,10.2647,10.2647,0.0000,24.75,24.75,0.00,0.9999,0.9999,-2.6743,-2.6743,411.3337,0.1533,350.3321,0.1426,Neutral
65646,gds,5.6581,7,0.094465,0.188930,226.7173,225.0617,1.6556,457.66,454.35,3.31,1.0000,1.0000,-3.0000,-3.0000,18510.0244,23785.2540,0.0544,215133.0628,Neutral
66116,gds,6.8464,7,0.094485,0.188971,1284.1928,1262.8331,21.3597,2572.61,2529.89,42.72,1.0000,0.9999,-2.6940,-2.8772,2340.2638,0.1692,2647.2351,0.0000,Support
