id,field,group,z_phot,n_bands,ir_excess,r_eff,z_dist_pred,chi2nu_null,chi2nu_geff,delta_chi2_nu,delta_BIC,verdict
1072,primer-uds-north,Gold,8.905960,7,8.991587,78.837578,0.154992,15.806575,16.402103,-0.595528,-2.977638,Neutral
8559,primer-uds-north,Gold,7.936542,7,5.818107,85.238542,0.120425,95.819753,42.749378,53.070375,265.351874,Weak
48927,primer-uds-north,Gold,7.907303,7,4.368030,88.703234,0.119452,6.299372,15.534363,-9.234992,-46.174958,Null wins
52141,primer-uds-north,Gold,7.130078,7,4.193759,83.400116,0.095056,8.885629,9.230983,-0.345354,-1.726770,Neutral
55902,primer-uds-north,Gold,8.670386,7,5.677060,76.455307,0.146173,29.769068,28.538006,1.231061,6.155307,Weak
69936,primer-uds-north,Gold,7.033967,7,3.605209,78.703148,0.092232,1.665350,1.704885,-0.039535,-0.197677,Neutral
45179,primer-cosmos-east,Gold,7.105493,7,7.004282,59.434502,0.094329,153.993567,158.860635,-4.867068,-24.335338,Null wins
25430,primer-uds-south,Gold,7.128200,7,6.389028,73.300489,0.095000,17.653114,18.218389,-0.565275,-2.826377,Neutral
59568,primer-uds-south,Gold,8.901577,7,8.958487,78.935286,0.154826,15.587441,16.169026,-0.581585,-2.907925,Neutral
67076,primer-uds-south,Gold,7.936798,7,5.804162,85.737614,0.120433,93.737139,42.284066,51.453073,257.265366,Weak
6756,ceers-full,Gold,7.136083,6,8.910267,54.396484,0.095233,29.048012,33.193643,-4.145631,-16.582524,Null wins
20010,ceers-full,Gold,8.934445,6,3.963666,64.420383,0.156077,3.606120,3.734922,-0.128802,-0.515209,Neutral
40589,ceers-full,Gold,8.006711,6,6.703142,59.375921,0.122775,47.626899,35.535388,12.091511,48.366046,Weak
41179,ceers-full,Gold,7.242250,6,3.564215,57.421740,0.098404,22.400943,20.121712,2.279231,9.116926,Weak
47021,ceers-full,Gold,8.023067,6,3.766773,65.365255,0.123327,12.868900,4.136131,8.732769,34.931077,Weak
55490,ceers-full,Gold,7.149331,6,8.617653,52.387914,0.095626,442.165984,478.941160,-36.775176,-147.100704,Null wins
59162,ceers-full,Gold,7.841130,6,4.808225,53.051698,0.117265,157.227887,154.228636,2.999252,11.997008,Weak
61323,ceers-full,Gold,7.127027,6,8.772359,61.552384,0.094965,36.273899,37.939931,-1.666032,-6.664128,Null wins
67137,ceers-full,Gold,7.496461,6,1.568062,62.401303,0.106207,60.811275,60.671680,0.139595,0.558378,Weak
70681,ceers-full,Gold,7.900805,6,6.405560,56.092053,0.119236,35.320693,101.758707,-66.438014,-265.752058,Null wins
71267,ceers-full,Gold,7.517550,6,4.008404,59.906585,0.106868,20.632049,21.420091,-0.788042,-3.152166,Neutral
71321,ceers-full,Gold,7.129320,6,8.686671,63.360401,0.095033,35.682675,37.074978,-1.392304,-5.569215,Null wins
72956,ceers-full,Gold,8.904180,6,4.783834,58.175836,0.154925,14.294973,14.840586,-0.545613,-2.182451,Neutral
21620,primer-cosmos-west,Gold,8.087144,7,6.674581,88.584745,0.125499,19.646538,20.400124,-0.753586,-3.767931,Neutral
22483,primer-cosmos-west,Gold,7.135468,7,5.548075,62.233966,0.095215,68.563599,71.503148,-2.939548,-14.697741,Null wins
22388,gds,Gold,7.181870,6,2.061530,51.617491,0.096595,44029.890088,44125.302151,-95.412063,-381.648251,Null wins
23636,gds,Gold,7.132841,6,7.850633,89.840604,0.095137,324.708484,342.023493,-17.315009,-69.260036,Null wins
1381,primer-uds-north,Silver,5.662597,7,8.825740,120.012836,0.056500,15.264549,15.561972,-0.297423,-1.487114,Neutral
1544,primer-uds-north,Silver,5.463462,7,2.456196,120.550934,0.052019,28.981512,29.251919,-0.270407,-1.352033,Neutral
1939,primer-uds-north,Silver,4.362057,7,10.971565,99.534606,0.030583,140.991109,46.047733,94.943376,474.716881,Weak
3992,primer-uds-north,Silver,5.659328,7,12.277704,79.567230,0.056425,455.964977,468.256445,-12.291467,-61.457337,Null wins
11219,primer-uds-north,Silver,5.428710,7,10.316920,69.450128,0.051256,663.613397,681.590949,-17.977553,-89.887763,Null wins
14419,primer-uds-north,Silver,4.816784,7,10.429007,101.368807,0.038734,44.380110,42.527420,1.852690,9.263450,Weak
15257,primer-uds-north,Silver,6.920136,7,5.125601,96.356903,0.088943,7.116019,7.174546,-0.058527,-0.292636,Neutral
16999,primer-uds-north,Silver,4.205933,7,15.582417,123.578147,0.028019,381.707923,391.421147,-9.713225,-48.566123,Null wins
18804,primer-uds-north,Silver,4.317291,7,7.183803,104.117641,0.029836,992.501150,1022.114986,-29.613835,-148.069177,Null wins
18892,primer-uds-north,Silver,4.729469,7,11.736433,90.501748,0.037091,23.656731,24.384694,-0.727963,-3.639815,Neutral
21108,primer-uds-north,Silver,7.136405,7,11.862818,81.310583,0.095243,118.754112,122.884252,-4.130140,-20.650698,Null wins
22773,primer-uds-north,Silver,4.401274,7,4.572622,101.921252,0.031247,158.594269,39.898234,118.696036,593.480178,Weak
23575,primer-uds-north,Silver,5.660595,7,11.211925,95.529588,0.056454,217.104142,224.686236,-7.582094,-37.910469,Null wins
24081,primer-uds-north,Silver,5.656405,7,9.254365,77.044780,0.056358,314.534864,323.058165,-8.523300,-42.616501,Null wins
24100,primer-uds-north,Silver,4.991886,7,6.680648,86.237583,0.042138,84.451385,88.966219,-4.514835,-22.574174,Null wins
29106,primer-uds-north,Silver,5.204843,7,5.947922,114.101122,0.046472,91.776762,93.694347,-1.917585,-9.587924,Null wins
29110,primer-uds-north,Silver,7.128775,7,13.874191,100.542161,0.095017,33.710645,35.562655,-1.852010,-9.260048,Null wins
31581,primer-uds-north,Silver,4.163408,7,8.757140,84.096465,0.027341,19.349286,19.299309,0.049977,0.249884,Weak
31645,primer-uds-north,Silver,4.755920,7,4.896816,113.687737,0.037585,59.950853,59.139278,0.811575,4.057876,Weak
32025,primer-uds-north,Silver,4.043331,7,6.426416,84.812810,0.025477,137.968953,140.633228,-2.664275,-13.321375,Null wins
32237,primer-uds-north,Silver,4.612168,7,8.040143,75.561042,0.034942,478.564516,463.141760,15.422756,77.113780,Weak
32986,primer-uds-north,Silver,4.152747,7,3.191670,88.709983,0.027173,20.117659,20.221621,-0.103962,-0.519808,Neutral
33774,primer-uds-north,Silver,7.137637,7,4.193475,130.272196,0.095279,27.965899,28.955071,-0.989172,-4.945859,Neutral
35111,primer-uds-north,Silver,5.656314,7,8.971426,110.390026,0.056355,197.326842,204.005696,-6.678854,-33.394272,Null wins
36327,primer-uds-north,Silver,7.861698,7,5.085726,99.203249,0.117943,2.301766,9.043952,-6.742186,-33.710930,Null wins
43738,primer-uds-north,Silver,5.090068,7,11.861752,93.799262,0.044109,299.532446,314.633693,-15.101247,-75.506235,Null wins
43932,primer-uds-north,Silver,4.235388,7,3.183248,124.439917,0.028493,77.870105,78.807621,-0.937515,-4.687577,Neutral
44053,primer-uds-north,Silver,5.438139,7,11.832292,126.513981,0.051462,145.016154,148.792033,-3.775880,-18.879398,Null wins
44681,primer-uds-north,Silver,4.581166,7,8.448232,82.077164,0.034385,90.567010,88.052188,2.514822,12.574108,Weak
46085,primer-uds-north,Silver,4.785850,7,6.071449,75.192617,0.038148,3274.785301,3277.859144,-3.073843,-15.369217,Null wins
52856,primer-uds-north,Silver,6.320852,7,1.581968,130.368984,0.072592,24.801102,10.210180,14.590922,72.954610,Weak
53667,primer-uds-north,Silver,4.563921,7,6.007958,139.532923,0.034078,183.724870,184.038393,-0.313523,-1.567615,Neutral
54143,primer-uds-north,Silver,4.731502,7,3.272482,135.457541,0.037129,3.619166,3.521129,0.098037,0.490185,Weak
54603,primer-uds-north,Silver,5.651867,7,4.559896,120.811497,0.056254,41.805334,42.581974,-0.776640,-3.883200,Neutral
57469,primer-uds-north,Silver,5.667973,7,4.547260,105.373559,0.056623,339.119865,346.931517,-7.811653,-39.058263,Null wins
57944,primer-uds-north,Silver,5.289790,7,7.561380,79.150020,0.048260,52.356896,54.006436,-1.649540,-8.247700,Null wins
61298,primer-uds-north,Silver,5.242596,7,12.237079,85.421607,0.047262,148.382586,152.189164,-3.806578,-19.032889,Null wins
61378,primer-uds-north,Silver,7.458285,7,2.519691,117.586980,0.105017,6.711368,6.666737,0.044630,0.223152,Weak
62716,primer-uds-north,Silver,5.386735,7,4.870937,88.860825,0.050341,54.013310,56.856900,-2.843590,-14.217951,Null wins
64273,primer-uds-north,Silver,7.131560,7,10.496625,95.451001,0.095100,11.979714,12.609639,-0.629926,-3.149629,Neutral
66007,primer-uds-north,Silver,4.596338,7,12.396732,90.985771,0.034657,2.087353,2.192107,-0.104754,-0.523769,Neutral
67270,primer-uds-north,Silver,5.665101,7,9.928165,82.005429,0.056557,237.423434,245.542482,-8.119048,-40.595241,Null wins
68006,primer-uds-north,Silver,5.160265,7,17.173659,74.139725,0.045547,180.892558,190.679681,-9.787123,-48.935616,Null wins
69921,primer-uds-north,Silver,5.654877,7,14.530826,112.600753,0.056322,60.413440,62.095758,-1.682318,-8.411590,Null wins
70423,primer-uds-north,Silver,5.477656,7,16.198160,95.351148,0.052332,9.322405,9.915498,-0.593093,-2.965464,Neutral
70813,primer-uds-north,Silver,4.706270,7,6.032304,100.703448,0.036661,207.627872,207.170863,0.457008,2.285042,Weak
71037,primer-uds-north,Silver,6.849483,7,14.702817,68.421584,0.086930,61.990705,61.547916,0.442789,2.213947,Weak
71893,primer-uds-north,Silver,6.429184,7,4.213375,134.075481,0.075427,9.560901,1.033609,8.527292,42.636460,Weak
6282,primer-cosmos-east,Silver,5.673777,7,4.822052,74.255743,0.056757,275.831840,283.876274,-8.044433,-40.222167,Null wins
10696,primer-cosmos-east,Silver,5.667762,7,7.701382,88.375871,0.056618,84.868353,87.682295,-2.813942,-14.069709,Null wins
11967,primer-cosmos-east,Silver,5.482298,7,5.150170,133.146417,0.052435,12.533870,12.851955,-0.318086,-1.590428,Neutral
14086,primer-cosmos-east,Silver,7.127323,7,11.301566,78.360292,0.094974,19.936263,21.110017,-1.173754,-5.868771,Null wins
14487,primer-cosmos-east,Silver,7.169253,7,4.531128,141.483996,0.096219,2.478703,2.519072,-0.040369,-0.201843,Neutral
15393,primer-cosmos-east,Silver,5.689460,7,4.274005,123.696283,0.057118,8.757140,8.969255,-0.212115,-1.060574,Neutral
16083,primer-cosmos-east,Silver,4.577880,7,6.662736,90.461940,0.034327,222.382083,222.633247,-0.251164,-1.255820,Neutral
16408,primer-cosmos-east,Silver,4.574863,7,6.287146,91.369301,0.034273,67.424099,67.535030,-0.110931,-0.554655,Neutral
16563,primer-cosmos-east,Silver,5.021993,7,12.774675,70.934982,0.042737,763.208102,777.410810,-14.202708,-71.013539,Null wins
17813,primer-cosmos-east,Silver,5.226693,7,8.076447,109.409215,0.046928,32.322727,33.113229,-0.790502,-3.952512,Neutral
19462,primer-cosmos-east,Silver,4.365069,7,7.039152,94.051937,0.030634,31.876666,23.039542,8.837124,44.185621,Weak
19946,primer-cosmos-east,Silver,5.974449,7,5.613347,87.651062,0.063879,80.937579,83.647431,-2.709852,-13.549259,Null wins
20187,primer-cosmos-east,Silver,6.608168,7,9.146067,72.954049,0.080228,544.021681,171.140090,372.881591,1864.407957,Weak
21943,primer-cosmos-east,Silver,4.715499,7,5.692196,118.535071,0.036832,95.210090,95.579665,-0.369576,-1.847878,Neutral
23571,primer-cosmos-east,Silver,4.760719,7,3.109564,102.909192,0.037675,18.916879,18.545237,0.371642,1.858210,Weak
26971,primer-cosmos-east,Silver,6.406652,7,4.347196,133.575559,0.074833,996.247945,338.506693,657.741252,3288.706261,Weak
27072,primer-cosmos-east,Silver,4.957128,7,0.911996,63.849597,0.041450,508508.306416,508508.306416,0.000000,0.000000,Neutral
27765,primer-cosmos-east,Silver,5.172642,7,7.739592,83.079543,0.045803,175.150254,179.382056,-4.231802,-21.159009,Null wins
31668,primer-cosmos-east,Silver,5.607691,7,11.875553,65.879988,0.055246,1256.548915,1282.368675,-25.819759,-129.098797,Null wins
31770,primer-cosmos-east,Silver,5.779070,7,11.060744,65.865147,0.059204,2582.165136,2674.492263,-92.327126,-461.635631,Null wins
32928,primer-cosmos-east,Silver,4.458100,7,6.712478,88.296230,0.032221,1769.747034,706.311522,1063.435512,5317.177558,Weak
40209,primer-cosmos-east,Silver,5.460908,7,7.850880,96.231454,0.051963,61.203662,63.825914,-2.622252,-13.111260,Null wins
40642,primer-cosmos-east,Silver,4.634340,7,2.790977,99.402466,0.035343,18.397884,17.977642,0.420242,2.101210,Weak
40799,primer-cosmos-east,Silver,7.681151,7,11.337015,72.908804,0.112064,22.106636,24.561114,-2.454477,-12.272386,Null wins
42464,primer-cosmos-east,Silver,5.367483,7,6.143017,104.961686,0.049924,942.476352,973.808832,-31.332480,-156.662401,Null wins
47824,primer-cosmos-east,Silver,5.655495,7,4.976539,104.233610,0.056337,189.799277,194.552448,-4.753171,-23.765856,Null wins
48540,primer-cosmos-east,Silver,5.656249,7,6.732090,129.661406,0.056354,23.654374,24.235998,-0.581624,-2.908121,Neutral
50325,primer-cosmos-east,Silver,6.427699,7,2.702257,136.026205,0.075388,316.197491,117.561110,198.636381,993.181905,Weak
50988,primer-cosmos-east,Silver,4.526494,7,9.680013,112.927320,0.033415,695.745622,683.736066,12.009556,60.047781,Weak
51514,primer-cosmos-east,Silver,4.436740,7,7.179855,100.438901,0.031853,1934.127849,812.355679,1121.772170,5608.860849,Weak
51855,primer-cosmos-east,Silver,4.651201,7,3.907097,94.250442,0.035650,678.009207,672.678062,5.331146,26.655728,Weak
52084,primer-cosmos-east,Silver,7.075610,7,15.637014,55.488547,0.093450,290.501070,302.441504,-11.940433,-59.702167,Null wins
54661,primer-cosmos-east,Silver,5.667634,7,3.769675,121.926695,0.056615,33.374303,33.974567,-0.600264,-3.001319,Neutral
55423,primer-cosmos-east,Silver,5.408047,7,15.501003,88.750929,0.050804,105.822665,117.318025,-11.495361,-57.476803,Null wins
344,primer-uds-south,Silver,7.135395,7,9.613041,95.113856,0.095213,15.246581,16.057870,-0.811288,-4.056442,Neutral
4620,primer-uds-south,Silver,5.746295,7,6.748043,81.080713,0.058437,114.804360,118.039150,-3.234790,-16.173951,Null wins
7830,primer-uds-south,Silver,5.545363,7,5.256253,130.265279,0.053840,16.300951,17.036377,-0.735426,-3.677130,Neutral
9104,primer-uds-south,Silver,6.093060,7,5.807484,106.359324,0.066801,26.762649,27.462089,-0.699440,-3.497201,Neutral
9791,primer-uds-south,Silver,5.027775,7,8.421632,111.888044,0.042853,15.058306,15.809285,-0.750979,-3.754895,Neutral
11501,primer-uds-south,Silver,4.679972,7,5.964867,86.791556,0.036176,425.843254,435.485767,-9.642513,-48.212565,Null wins
17986,primer-uds-south,Silver,4.940114,7,7.113203,70.423266,0.041116,541.751210,542.749725,-0.998516,-4.992579,Neutral
21488,primer-uds-south,Silver,5.413992,7,12.377087,69.835857,0.050934,2949.221527,3034.644695,-85.423168,-427.115842,Null wins
22358,primer-uds-south,Silver,4.676495,7,2.643395,105.992134,0.036113,71.391079,71.074951,0.316128,1.580642,Weak
28931,primer-uds-south,Silver,7.904730,7,11.871415,64.036521,0.119366,293.712583,170.234823,123.477760,617.388800,Weak
29392,primer-uds-south,Silver,7.470963,7,8.009320,99.150019,0.105411,10.385379,11.525573,-1.140194,-5.700969,Null wins
30157,primer-uds-south,Silver,4.726915,7,3.387458,140.708854,0.037044,23.966101,23.649824,0.316277,1.581385,Weak
30191,primer-uds-south,Silver,4.036579,7,6.092530,143.980421,0.025375,20.690002,20.657413,0.032590,0.162948,Weak
30520,primer-uds-south,Silver,5.349781,7,4.027973,125.414661,0.049542,3.956925,4.119182,-0.162257,-0.811287,Neutral
32880,primer-uds-south,Silver,4.755956,7,8.175512,103.412191,0.037586,182.931964,180.240863,2.691101,13.455504,Weak
33898,primer-uds-south,Silver,4.545273,7,2.782414,109.442088,0.033746,7.938650,7.880285,0.058364,0.291822,Weak
36872,primer-uds-south,Silver,7.135115,7,13.703456,79.313824,0.095205,93.203539,95.995171,-2.791632,-13.958159,Null wins
37751,primer-uds-south,Silver,5.359211,7,14.057845,69.878173,0.049746,420.829618,432.453845,-11.624227,-58.121134,Null wins
37878,primer-uds-south,Silver,4.773197,7,4.252977,141.107737,0.037909,7.975547,7.615413,0.360134,1.800670,Weak
39711,primer-uds-south,Silver,5.461955,7,4.238463,118.338688,0.051986,15.024091,15.265060,-0.240969,-1.204846,Neutral
44435,primer-uds-south,Silver,5.173274,7,10.872705,98.623080,0.045816,30.846204,31.167625,-0.321421,-1.607103,Neutral
45383,primer-uds-south,Silver,4.855166,7,4.284581,118.606647,0.039468,5.888121,6.036464,-0.148342,-0.741711,Neutral
45637,primer-uds-south,Silver,4.536287,7,3.169284,109.924073,0.033587,220.449501,218.094234,2.355268,11.776338,Weak
48982,primer-uds-south,Silver,5.387850,7,7.339080,86.649037,0.050365,72.182243,74.821750,-2.639506,-13.197531,Null wins
50716,primer-uds-south,Silver,7.863626,7,12.934871,69.905043,0.118006,28.597081,63.507723,-34.910642,-174.553211,Null wins
51593,primer-uds-south,Silver,4.457851,7,17.278433,98.230922,0.032217,99.499701,19.630896,79.868804,399.344022,Weak
52581,primer-uds-south,Silver,6.166954,7,10.016835,77.024894,0.068654,594.624196,411.636707,182.987490,914.937448,Weak
55634,primer-uds-south,Silver,6.879805,7,1.660945,74.477561,0.087791,89.021756,87.704646,1.317111,6.585553,Weak
55783,primer-uds-south,Silver,4.626031,7,6.804525,109.964528,0.035193,353.674471,356.096804,-2.422333,-12.111664,Null wins
57494,primer-uds-south,Silver,4.023993,7,5.172915,122.477146,0.025184,1147.628311,1164.826835,-17.198524,-85.992622,Null wins
59880,primer-uds-south,Silver,5.663111,7,8.791588,120.006113,0.056511,15.625919,15.940091,-0.314172,-1.570860,Neutral
60046,primer-uds-south,Silver,5.462843,7,2.459930,120.808528,0.052005,28.171146,28.443928,-0.272782,-1.363908,Neutral
60446,primer-uds-south,Silver,4.366050,7,10.713340,100.027632,0.030651,135.332494,46.268254,89.064241,445.321204,Weak
62395,primer-uds-south,Silver,5.659185,7,12.455809,79.428866,0.056421,452.069911,464.332174,-12.262263,-61.311314,Null wins
69772,primer-uds-south,Silver,5.429376,7,10.350105,69.608703,0.051270,660.500633,678.609795,-18.109162,-90.545811,Null wins
9246,ceers-full,Silver,4.604410,6,7.989469,69.265649,0.034802,119.232241,114.782987,4.449254,17.797016,Weak
12234,ceers-full,Silver,6.142212,6,6.474550,57.947586,0.068031,468.599348,271.967231,196.632116,786.528466,Weak
12544,ceers-full,Silver,4.549665,6,3.360492,83.876737,0.033824,58.972106,58.702401,0.269705,1.078821,Weak
13736,ceers-full,Silver,5.356953,6,10.253717,64.480525,0.049697,119.689253,126.637335,-6.948082,-27.792328,Null wins
14076,ceers-full,Silver,5.661391,6,4.556989,73.166893,0.056472,41.307610,42.252448,-0.944838,-3.779352,Neutral
19354,ceers-full,Silver,5.427918,6,11.057332,63.349080,0.051238,163.804951,171.774897,-7.969946,-31.879784,Null wins
20632,ceers-full,Silver,5.653135,6,13.654745,62.625804,0.056283,443.318933,458.904927,-15.585994,-62.343976,Null wins
22049,ceers-full,Silver,7.135023,6,10.713721,55.620841,0.095202,268.206471,274.444055,-6.237584,-24.950337,Null wins
23054,ceers-full,Silver,6.868297,6,5.421092,64.284603,0.087464,0.968648,0.952501,0.016147,0.064590,Weak
24464,ceers-full,Silver,5.655386,6,7.183577,61.578734,0.056334,432.783769,443.998901,-11.215132,-44.860529,Null wins
28748,ceers-full,Silver,4.752955,6,10.224399,65.657567,0.037530,643.784734,647.209708,-3.424974,-13.699895,Null wins
29421,ceers-full,Silver,4.785098,6,4.253537,70.824430,0.038134,495.264591,495.434211,-0.169620,-0.678481,Neutral
30600,ceers-full,Silver,4.025932,6,9.925483,87.274107,0.025213,19.401009,19.922887,-0.521877,-2.087510,Neutral
36886,ceers-full,Silver,4.449920,6,8.343958,71.038286,0.032080,437.634052,228.838658,208.795394,835.181575,Weak
36985,ceers-full,Silver,5.653714,6,14.440671,61.344677,0.056296,403.636211,418.864179,-15.227968,-60.911870,Null wins
39094,ceers-full,Silver,4.731530,6,4.811341,68.478691,0.037130,297.619594,298.333470,-0.713877,-2.855506,Neutral
42093,ceers-full,Silver,6.445882,6,16.711101,56.236054,0.075869,955.695141,297.046299,658.648842,2634.595367,Weak
48983,ceers-full,Silver,7.136761,6,11.926691,51.930819,0.095254,376.381359,426.580727,-50.199369,-200.797475,Null wins
49360,ceers-full,Silver,4.737312,6,3.038993,68.911838,0.037237,14.406165,14.115833,0.290332,1.161329,Weak
57051,ceers-full,Silver,5.668079,6,5.970744,64.394830,0.056625,230.113474,235.514594,-5.401121,-21.604482,Null wins
58630,ceers-full,Silver,4.546808,6,6.400629,68.526011,0.033774,282.148602,283.620869,-1.472267,-5.889069,Null wins
59626,ceers-full,Silver,6.367115,6,3.510861,57.408073,0.073796,770.753944,386.403875,384.350069,1537.400276,Weak
60774,ceers-full,Silver,5.284768,6,7.494912,62.041778,0.048153,706.355567,726.683093,-20.327525,-81.310101,Null wins
63106,ceers-full,Silver,5.655657,6,6.896441,59.955076,0.056340,1145.359301,1177.943429,-32.584128,-130.336510,Null wins
68816,ceers-full,Silver,4.532283,6,12.354182,70.806396,0.033517,89.214353,87.404931,1.809422,7.237688,Weak
71380,ceers-full,Silver,7.126263,6,14.995846,54.160871,0.094943,388.137690,401.330415,-13.192725,-52.770899,Null wins
72633,ceers-full,Silver,5.443396,6,2.267373,67.061422,0.051577,203.603654,203.903873,-0.300219,-1.200875,Neutral
73890,ceers-full,Silver,5.660318,6,4.282278,76.251095,0.056447,39.076398,39.769168,-0.692770,-2.771079,Neutral
8118,primer-cosmos-west,Silver,5.642418,7,3.241512,124.267569,0.056037,15.453868,15.668410,-0.214542,-1.072711,Neutral
13074,primer-cosmos-west,Silver,5.214783,7,14.255191,79.730629,0.046679,1147.034790,1183.000460,-35.965670,-179.828349,Null wins
13666,primer-cosmos-west,Silver,5.288053,7,7.718166,115.843465,0.048223,44.771267,46.596101,-1.824834,-9.124171,Null wins
15233,primer-cosmos-west,Silver,4.986018,7,8.500773,92.769655,0.042021,207.989671,202.056083,5.933588,29.667940,Weak
18540,primer-cosmos-west,Silver,8.933716,7,6.458171,105.953448,0.156049,3.181267,3.316975,-0.135708,-0.678539,Neutral
21037,primer-cosmos-west,Silver,4.476105,7,16.813383,99.044359,0.032533,104.811956,50.197971,54.613985,273.069926,Weak
22379,primer-cosmos-west,Silver,5.734882,7,10.687143,115.640721,0.058171,29.717768,31.065588,-1.347819,-6.739097,Null wins
22702,primer-cosmos-west,Silver,5.431190,7,16.784323,102.772502,0.051310,2716.477606,2804.193151,-87.715545,-438.577723,Null wins
26495,primer-cosmos-west,Silver,5.019624,7,12.750111,70.676248,0.042690,761.724527,775.996623,-14.272096,-71.360479,Null wins
28491,primer-cosmos-west,Silver,5.585109,7,12.896093,79.566276,0.054734,478.403304,490.599513,-12.196209,-60.981045,Null wins
28500,primer-cosmos-west,Silver,5.428970,7,15.998687,75.641827,0.051261,320.581756,327.940288,-7.358531,-36.792657,Null wins
29372,primer-cosmos-west,Silver,5.385817,7,3.853601,93.850814,0.050321,47.637904,48.817435,-1.179531,-5.897656,Null wins
29568,primer-cosmos-west,Silver,4.360321,7,7.569969,94.097575,0.030554,29.949086,23.180680,6.768406,33.842030,Weak
30073,primer-cosmos-west,Silver,6.004138,7,5.445239,87.423385,0.064605,81.771310,84.528044,-2.756734,-13.783672,Null wins
31319,primer-cosmos-west,Silver,6.333874,7,3.404245,130.859762,0.072930,170.328476,12.912082,157.416394,787.081968,Weak
31661,primer-cosmos-west,Silver,4.462623,7,4.111409,122.350284,0.032299,18.388467,1.668202,16.720265,83.601325,Weak
32535,primer-cosmos-west,Silver,5.749178,7,2.986649,81.890578,0.058504,134.255882,132.525857,1.730025,8.650125,Weak
33230,primer-cosmos-west,Silver,4.752186,7,3.062331,102.997147,0.037515,18.760731,18.409225,0.351506,1.757528,Weak
36162,primer-cosmos-west,Silver,6.410995,7,4.384833,133.523919,0.074947,999.398606,338.269878,661.128728,3305.643642,Weak
42656,primer-cosmos-west,Silver,5.685393,7,3.276815,137.013091,0.057024,232.794491,237.044213,-4.249723,-21.248613,Null wins
43505,primer-cosmos-west,Silver,4.675453,7,6.563869,109.586524,0.036093,92.210176,91.996096,0.214081,1.070403,Weak
44446,primer-cosmos-west,Silver,7.131464,7,5.958708,108.957589,0.095097,44.635650,47.055581,-2.419931,-12.099653,Null wins
46914,primer-cosmos-west,Silver,5.654763,7,9.891060,113.617110,0.056320,57.295170,59.058113,-1.762943,-8.814716,Null wins
47165,primer-cosmos-west,Silver,5.233765,7,6.063330,103.366631,0.047077,366.945342,373.969529,-7.024187,-35.120936,Null wins
50560,primer-cosmos-west,Silver,5.145899,7,8.161635,90.277146,0.045251,23.959116,23.348363,0.610753,3.053764,Weak
51657,primer-cosmos-west,Silver,4.794126,7,9.913419,80.072132,0.038304,1573.490296,1580.316722,-6.826426,-34.132128,Null wins
53626,primer-cosmos-west,Silver,5.655242,7,5.023634,104.236093,0.056331,193.562253,198.456179,-4.893926,-24.469632,Null wins
54067,primer-cosmos-west,Silver,5.656433,7,6.506500,129.659163,0.056358,23.872975,24.457346,-0.584371,-2.921854,Neutral
55716,primer-cosmos-west,Silver,4.438319,7,7.149953,100.422751,0.031880,1876.371262,814.059537,1062.311725,5311.558624,Weak
1498,gds,Silver,4.663384,7,15.250773,72.061884,0.035872,64.697760,61.546910,3.150850,15.754249,Weak
2981,gds,Silver,4.812245,7,4.956391,114.387346,0.038648,105.866273,107.606068,-1.739794,-8.698970,Null wins
3099,gds,Silver,5.458368,7,11.392125,72.915555,0.051907,535.383052,548.695463,-13.312411,-66.562053,Null wins
5434,gds,Silver,4.107268,7,7.135027,136.069502,0.026461,1481.830940,1522.888172,-41.057232,-205.286161,Null wins
14381,gds,Silver,5.444410,7,5.992430,88.224447,0.051600,48.049774,49.014125,-0.964351,-4.821755,Neutral
14605,gds,Silver,6.928059,7,1.980870,128.974224,0.089170,117.791767,115.542771,2.248996,11.244981,Weak
16053,gds,Silver,6.901801,7,2.070498,86.512789,0.088418,10.788351,10.666685,0.121666,0.608330,Weak
23868,gds,Silver,8.927632,7,12.498111,90.875355,0.155817,18.918328,19.610815,-0.692487,-3.462436,Neutral
29303,gds,Silver,5.985975,7,3.680841,130.322327,0.064160,299.379570,305.703059,-6.323489,-31.617447,Null wins
32147,gds,Silver,4.603241,7,5.256610,104.218417,0.034781,1452.890294,1484.680849,-31.790556,-158.952778,Null wins
32402,gds,Silver,4.942438,7,4.797459,111.450109,0.041162,93.106835,95.173351,-2.066516,-10.332580,Null wins
35367,gds,Silver,5.489472,7,16.019205,63.374243,0.052594,1933.989867,1989.195050,-55.205184,-276.025918,Null wins
39509,gds,Silver,4.287679,7,5.066098,107.797124,0.029346,55.268781,56.240322,-0.971541,-4.857706,Neutral
44531,gds,Silver,7.124074,6,6.838673,98.959494,0.094878,20.205416,21.468459,-1.263043,-5.052171,Null wins
46221,gds,Silver,4.045229,7,5.110582,93.701759,0.025506,342.078626,348.941910,-6.863283,-34.316416,Null wins
46281,gds,Silver,4.789628,7,6.852617,98.642947,0.038219,8.540575,8.530852,0.009723,0.048615,Weak
51983,gds,Silver,7.135305,7,12.239619,69.600123,0.095210,247.635458,258.509651,-10.874193,-54.370967,Null wins
64049,gds,Silver,5.271346,7,6.884331,81.546515,0.047869,68.783842,70.905384,-2.121542,-10.607711,Null wins
65646,gds,Silver,5.658066,7,9.673757,89.564836,0.056396,992.821857,1012.632751,-19.810894,-99.054471,Null wins
66116,gds,Silver,6.846422,7,7.230294,102.620235,0.086844,61.086177,68.212324,-7.126147,-35.630734,Null wins
1470,primer-uds-north,Noise,5.396759,7,3.554977,146.571828,0.050559,10.476975,10.622154,-0.145179,-0.725896,Neutral
7991,primer-uds-north,Noise,5.655741,7,41.911829,127.573151,0.056342,2127.340634,2180.253290,-52.912656,-264.563280,Null wins
10404,primer-uds-north,Noise,5.655996,7,18.724005,83.287287,0.056348,1336.937281,1372.229802,-35.292522,-176.462608,Null wins
19416,primer-uds-north,Noise,5.433182,7,3.565126,167.726150,0.051353,24.529909,25.189468,-0.659559,-3.297796,Neutral
33332,primer-uds-north,Noise,4.541976,7,2.970534,151.494182,0.033688,138.434459,138.178938,0.255520,1.277602,Weak
42014,primer-uds-north,Noise,4.551596,7,5.152938,191.766970,0.033859,10.709522,10.674653,0.034869,0.174346,Weak
42859,primer-uds-north,Noise,6.580927,7,28.920196,79.065149,0.079488,192.109651,34.476169,157.633482,788.167410,Weak
56783,primer-uds-north,Noise,5.313366,7,21.478870,87.920315,0.048762,38.587590,40.043449,-1.455860,-7.279298,Null wins
61010,primer-uds-north,Noise,7.134196,7,4.252754,145.640562,0.095178,7.586534,7.908720,-0.322185,-1.610927,Neutral
4278,primer-cosmos-east,Noise,5.658226,7,3.481779,166.725763,0.056399,37.171763,37.906315,-0.734552,-3.672760,Neutral
9227,primer-cosmos-east,Noise,5.713857,7,3.141495,165.239751,0.057682,998.305817,1006.247887,-7.942070,-39.710352,Null wins
15850,primer-cosmos-east,Noise,7.045638,7,17.998517,76.688051,0.092573,559.541224,578.934739,-19.393515,-96.967577,Null wins
18893,primer-cosmos-east,Noise,4.847740,7,1.579587,166.866772,0.039325,103.352188,102.482448,0.869740,4.348702,Weak
43445,primer-cosmos-east,Noise,5.696871,7,3.826439,150.072269,0.057289,6.567525,6.791563,-0.224038,-1.120190,Neutral
48498,primer-cosmos-east,Noise,4.453304,7,5.662688,183.079319,0.032138,8.562978,2.950761,5.612217,28.061084,Weak
52124,primer-cosmos-east,Noise,4.833804,7,5.717125,147.268209,0.039058,120.350119,120.878214,-0.528095,-2.640475,Neutral
2480,primer-uds-south,Noise,4.684057,7,3.870196,168.196552,0.036251,7.482199,7.533434,-0.051235,-0.256175,Neutral
14258,primer-uds-south,Noise,5.471871,7,5.483643,164.273394,0.052204,42.644007,43.531330,-0.887323,-4.436617,Neutral
23107,primer-uds-south,Noise,4.952513,7,5.303968,169.027880,0.041360,7.882082,7.544959,0.337123,1.685614,Weak
33445,primer-uds-south,Noise,4.345760,7,1.968196,148.133616,0.030310,222.915747,182.422252,40.493495,202.467475,Weak
37557,primer-uds-south,Noise,5.655718,7,8.865253,144.482321,0.056342,983.856854,1006.771570,-22.914716,-114.573581,Null wins
47509,primer-uds-south,Noise,5.659403,7,4.739710,196.775371,0.056426,117.535860,120.503579,-2.967719,-14.838593,Null wins
48686,primer-uds-south,Noise,4.843895,7,3.266593,188.834393,0.039251,1.178895,1.143473,0.035422,0.177108,Weak
59971,primer-uds-south,Noise,5.391544,7,3.624247,146.738890,0.050445,9.975323,10.124676,-0.149353,-0.746764,Neutral
66511,primer-uds-south,Noise,7.130755,7,40.221406,111.285086,0.095076,1100.902436,1141.645149,-40.742713,-203.713565,Null wins
68947,primer-uds-south,Noise,5.655997,7,17.991009,82.594081,0.056348,1342.731202,1378.063542,-35.332340,-176.661699,Null wins
20897,ceers-full,Noise,4.533114,6,29.348937,66.447932,0.033531,400.273190,388.873226,11.399964,45.599857,Weak
22239,ceers-full,Noise,7.131442,6,30.527660,63.884953,0.095096,25.735622,26.893397,-1.157775,-4.631099,Null wins
41913,ceers-full,Noise,5.245997,6,24.568089,61.633787,0.047334,7910.370370,8079.027728,-168.657358,-674.629432,Null wins
7242,primer-cosmos-west,Noise,5.658755,7,3.550491,166.717455,0.056411,36.206162,36.944975,-0.738813,-3.694063,Neutral
16152,primer-cosmos-west,Noise,5.714366,7,3.121526,165.231868,0.057694,998.305664,1006.314036,-8.008371,-40.041856,Null wins
25633,primer-cosmos-west,Noise,7.051051,7,17.879786,76.652870,0.092731,558.172967,577.521965,-19.348999,-96.744994,Null wins
30145,primer-cosmos-west,Noise,5.664630,7,6.580006,149.961908,0.056546,101.315541,103.718441,-2.402901,-12.014504,Null wins
50300,primer-cosmos-west,Noise,5.696132,7,3.727614,150.082693,0.057272,6.756312,6.976860,-0.220548,-1.102741,Neutral
18537,gds,Noise,4.277338,7,3.664690,154.452477,0.029177,872.015133,880.241465,-8.226333,-41.131664,Null wins
37563,gds,Noise,5.713144,7,2.090886,144.566939,0.057666,269.711408,270.650157,-0.938748,-4.693740,Neutral
41129,gds,Noise,7.133351,7,32.540890,68.407623,0.095153,307.006307,322.100136,-15.093829,-75.469144,Null wins
45202,gds,Noise,7.131256,7,20.925895,89.277729,0.095090,535.289015,564.949178,-29.660163,-148.300817,Null wins
52017,gds,Noise,6.331133,7,3.729122,146.532308,0.072858,246.258136,12.971811,233.286325,1166.431627,Weak
