id,field,ra,dec,z_phot,F444W_mag,r_eff_50_phys,r_eff_arcsec,SB_F444W,logSigma_Mstar,logMstar_best,verdict
1072,primer-uds-north,34.3722360084715,-5.210033954791225,8.90596,33.39759372595346,78.83757820174078,0.017174600087720242,25.814901573983303,6.6865334504131635,10.48,Neutral
1381,primer-uds-north,34.44098752394927,-5.209337115813178,5.6625967,34.22455352002059,120.01283584270938,0.01992961655870492,26.96492291702441,5.09154460394576,9.25,Neutral
1470,primer-uds-north,34.26054886084535,-5.209163222784578,5.3967586,33.73980137998774,146.5718278440177,0.02373019694184118,26.859182774385825,5.2678989923725865,9.6,Neutral
1544,primer-uds-north,34.37741275217305,-5.209022814691235,5.463462,33.849223099841346,120.55093383660046,0.01964294932653392,26.558131263005073,5.617658842103345,9.78,Neutral
1939,primer-uds-north,34.40309780563553,-5.208186294435946,4.3620567,32.724018053591294,99.5346059965892,0.014535056759484568,24.778976395488314,5.114051796691536,9.11,Support
3992,primer-uds-north,34.36730351221929,-5.204195880674563,5.6593285,32.028195989733014,79.56723036871635,0.013209041460864157,23.875427188245986,5.8785315177981055,9.68,Null wins
7991,primer-uds-north,34.293687121322456,-5.196476661896288,5.655741,31.179728286658325,127.5731514212076,0.021171372648324655,24.051348050712583,5.448481432052767,9.66,Null wins
8559,primer-uds-north,34.465426118959,-5.195332718715463,7.9365425,33.040064882397246,85.23854166436611,0.017240951675866752,25.46574573705467,6.668727978369365,10.53,Null wins
10404,primer-uds-north,34.46287218271903,-5.191959925492854,5.6559963,31.751236904537002,83.28728747516016,0.013822256133630825,23.697006268328654,5.668842563830216,9.51,Null wins
11219,primer-uds-north,34.47112649680852,-5.190443847236024,5.4287095,31.76680214330797,69.45012848458238,0.011278717199544023,23.270975361914573,6.246653892938591,9.93,Neutral
14419,primer-uds-north,34.39917769351939,-5.184322969859979,4.8167844,32.884528807191565,101.3688073269726,0.015502069792376439,25.079351927970567,5.218191326491235,9.23,Support
15257,primer-uds-north,34.431864205539185,-5.182779988252042,6.9201365,33.3089139829975,96.35690251750648,0.0179216658830796,25.81868054688868,6.0922343385009,10.06,Neutral
16999,primer-uds-north,34.508057817800164,-5.1800837790157175,4.2059326,31.026605699960662,123.57814740257558,0.01775822035885374,23.51647758557112,5.176116639425424,9.36,Support
18804,primer-uds-north,34.363515044768505,-5.176963791951121,4.3172913,31.883826050111832,104.11764122760248,0.015134526615348032,24.026544939064213,5.684951358679198,9.72,Support
18892,primer-uds-north,34.268908020655076,-5.176721823124139,4.729469,33.09705989140475,90.50174813927704,0.013719330985322433,25.026599242068492,5.086686063691049,9.0,Neutral
19416,primer-uds-north,34.46076321349001,-5.175813201579843,5.433182,33.78852020658517,167.72615035565858,0.027250481254418164,27.2082657707953,5.100798441636021,9.55,Neutral
21108,primer-uds-north,34.36296344400555,-5.17319980462139,7.1364045,33.318717641045545,81.31058340571161,0.015404058957882563,25.49976818369835,5.95970584569849,9.78,Neutral
22773,primer-uds-north,34.43898594228325,-5.170543086397919,4.401274,32.691382474764296,101.92125161603352,0.014943576305134437,24.806529884096648,5.573470503482928,9.59,Support
23575,primer-uds-north,34.408019900593665,-5.16914658540713,5.6605954,32.79433839069537,95.52958794710352,0.01586086927983927,25.03884800155422,5.579724191031785,9.54,Support
24081,primer-uds-north,34.34620665884841,-5.168197042479149,5.6564054,32.596534793536414,77.0447797884074,0.012786751906351397,24.373210669792737,5.866513563622258,9.64,Null wins
24100,primer-uds-north,34.44288277802616,-5.168180429149539,4.991886,32.37237874613325,86.23758336823218,0.013420221324959207,24.25405181903639,5.938606844401567,9.81,Neutral
29106,primer-uds-north,34.331642955166934,-5.159233119107454,5.2048426,32.4330639965655,114.10112156484168,0.018132308366036107,24.968204159565964,5.665420173266499,9.78,Neutral
29110,primer-uds-north,34.42591519726276,-5.159179553898098,7.1287746,33.500274766922836,100.54216119836272,0.01903516358638796,26.140932515917935,5.6253035673100715,9.63,Neutral
31581,primer-uds-north,34.369660395452605,-5.1551482967237865,4.1634083,34.42539593315992,84.0964646424577,0.012031661197090237,26.06989858489563,5.160444522519396,9.01,Support
31645,primer-uds-north,34.514179116647604,-5.155046303348935,4.7559195,33.01766926212276,113.68773652076456,0.017280076510252387,25.44827224912885,5.388572760133869,9.5,Weak
32025,primer-uds-north,34.452492762590296,-5.154707337215251,4.0433307,32.70932840163234,84.81280966663823,0.011983998252277972,24.345211768461517,4.863077098613942,8.72,Support
32237,primer-uds-north,34.41985984195683,-5.154215136324553,4.6121683,31.74859313518384,75.56104237564186,0.011319460144884075,23.260596390363872,5.943404119105839,9.7,Support
32986,primer-uds-north,34.41140073334921,-5.153087888601745,4.152747,34.21161346742691,88.70998326951835,0.012677717493868946,25.96969349849662,5.1740550053221375,9.07,Support
33332,primer-uds-north,34.404984092098026,-5.152606688880327,4.5419765,33.18830120930529,151.4941816207269,0.022533416403249257,26.195311102344185,5.3492080932479205,9.71,Weak
33774,primer-uds-north,34.24782824156703,-5.151996752625728,7.137637,33.5012311216894,130.27219633898406,0.02468226415441116,26.706030782958685,5.9202965295115915,10.15,Neutral
35111,primer-uds-north,34.296003362134044,-5.149896222259397,5.6563144,32.365421166404815,110.39002628754632,0.018320744579919945,24.923011448177977,5.88414032647366,9.97,Neutral
36327,primer-uds-north,34.27604159504762,-5.148030618101284,7.861698,34.23886074856525,99.20324935216414,0.019946391337343616,26.981057107346857,6.00694820503432,10.0,Null wins
42014,primer-uds-north,34.36071841832473,-5.139081941674189,4.551596,33.92395922944357,191.7669702235892,0.02855156846231653,27.44498376582534,4.724452386457068,9.29,Neutral
42859,primer-uds-north,34.4596070740345,-5.137797708107967,6.580927,32.96272262511327,79.06514917711044,0.014278106541191552,24.978950398238887,5.454029810636619,9.25,Support
43738,primer-uds-north,34.4243105632024,-5.1364909347605625,5.090068,31.696637005221536,93.7992621780625,0.01473920948283248,23.78188264376803,5.7856011555074645,9.73,Neutral
43932,primer-uds-north,34.386713074172285,-5.136108226081832,4.235388,32.929192060292124,124.4399173826422,0.017936539584522234,25.440760043620845,5.350080571794532,9.54,Support
44053,primer-uds-north,34.447358936910916,-5.135860437645193,5.438139,33.13164488676875,126.5139810188023,0.02056453160611013,25.940113679135752,5.215722956188909,9.42,Neutral
44681,primer-uds-north,34.41782169195119,-5.134841768801986,4.5811663,32.95280516587494,82.07716409557993,0.012256989892598363,24.6375989874524,5.351555315159397,9.18,Support
46085,primer-uds-north,34.4549315772716,-5.132707859848963,4.78585,31.932941122886934,75.19261660062519,0.01146339419858085,23.472381939664828,5.937649604110135,9.69,Weak
48927,primer-uds-north,34.277044585960994,-5.128335591767835,7.907303,34.34199851342618,88.70323407788338,0.01790011604151686,26.849152427163517,6.0741210914171795,9.97,Null wins
52141,primer-uds-north,34.44713116480162,-5.122991975711636,7.130078,33.31166779238714,83.40011570308987,0.015791480275598128,25.54665668508599,6.407666693708249,10.25,Neutral
52856,primer-uds-north,34.38713641481489,-5.121605238050311,6.320852,34.04267285468196,130.3689840091876,0.02300418398410186,27.094581698234194,5.869651438003615,10.1,Support
53667,primer-uds-north,34.26703329974927,-5.120073981052057,4.5639205,32.768063945962346,139.53292252148583,0.02080066143832449,25.60132435406128,5.140646618723733,9.43,Neutral
54143,primer-uds-north,34.466942861952305,-5.1192260932954206,4.7315016,33.42368959932932,135.45754054007486,0.020538468422295307,26.229404554161153,5.386393628012552,9.65,Neutral
54603,primer-uds-north,34.34025165777664,-5.118707167823379,5.651867,33.67726868409341,120.81149651493617,0.020041898432507133,26.429837650335788,5.595783471902828,9.76,Support
55902,primer-uds-north,34.3723692861514,-5.115911848045463,8.670386,33.767270860441336,76.45530737967627,0.0163659258592228,26.079848439213627,6.333184722643235,10.1,Null wins
56783,primer-uds-north,34.21687919902369,-5.114384799480999,5.3133664,33.11879925147343,87.9203147264202,0.014120146472150015,25.11086994218308,5.161821531894725,9.05,Neutral
57469,primer-uds-north,34.43021892134757,-5.113188391459482,5.667973,32.45504845730128,105.37355869003378,0.017507476690088248,24.914040922983602,6.174536705298976,10.22,Support
57944,primer-uds-north,34.35325571098699,-5.11226685839519,5.28979,33.087283730463874,79.15001961700119,0.012682576405812808,24.846195849158217,5.753097946327085,9.55,Neutral
61010,primer-uds-north,34.21842694680572,-5.107160386031185,7.1341963,33.80221300748205,145.64056178251772,0.02758604936440653,27.248535234366294,5.403435309042559,9.73,Neutral
61298,primer-uds-north,34.39440513225522,-5.106746992298238,5.242596,32.727138840019975,85.42160650122935,0.01362481167722948,24.64166606251512,5.396864530345237,9.26,Neutral
61378,primer-uds-north,34.21395271523686,-5.106552572188026,7.4582853,34.20394777585723,117.58698040520518,0.022882195612192756,27.24431092719022,5.999281524057132,10.14,Null wins
62716,primer-uds-north,34.39679207216778,-5.104411139932186,5.386735,32.64688542489992,88.86082499488971,0.014372803191676125,24.677467500525044,6.032579318065492,9.93,Neutral
64273,primer-uds-north,34.228526240834974,-5.101526094376732,7.13156,33.90731299426441,95.45100089901749,0.018075528766055515,26.435642729157966,5.16043902647062,9.12,Neutral
66007,primer-uds-north,34.22810058989839,-5.098143957617616,4.5963383,32.99666600883605,90.98577110551594,0.013608300743840293,24.90856018372734,4.7220530398309695,8.64,Neutral
67270,primer-uds-north,34.20229581680351,-5.0953506417754015,5.6651006,32.09647398693927,82.00542927635038,0.013621239596905081,24.010431829759145,6.022314787264179,9.85,Support
68006,primer-uds-north,34.441683442818885,-5.093647804999169,5.1602645,31.542591687105983,74.1397249355095,0.011730595012845504,23.132066576154536,5.529898059143582,9.27,Neutral
69921,primer-uds-north,34.26162479642979,-5.0893585216531125,5.6548767,32.52587613030804,112.60075282301597,0.018685104285549384,25.126228442455805,5.676917411761729,9.78,Null wins
69936,primer-uds-north,34.29256639351791,-5.089318798905567,7.0339665,33.24328272808146,78.70314772328626,0.01478124999085323,25.3347132205626,6.508015795472058,10.3,Neutral
70423,primer-uds-north,34.22631186034366,-5.088100079900028,5.4776564,33.161782398657266,95.35114842972806,0.015557973308592734,25.364422190762014,5.041348143700761,9.0,Neutral
70813,primer-uds-north,34.21381277634704,-5.087049613041547,4.7062697,32.61094686061549,100.70344797393987,0.01523017362180739,24.767345813647943,5.4639113188645565,9.47,Weak
71037,primer-uds-north,34.446952703995976,-5.086685438086616,6.849483,32.245340334250926,68.42158433044855,0.012648770112857964,23.99845651344023,6.099613747527723,9.77,Weak
71893,primer-uds-north,34.356130376619554,-5.084246459987784,6.429184,33.85254641836418,134.07548138606464,0.02388878546464921,26.986391451316628,5.565301270132941,9.82,Weak
4278,primer-cosmos-east,150.13230609496728,2.16969237330149,5.6582265,33.67303151168898,166.72576349784188,0.02767543940275142,27.126378817903568,5.305994570225091,9.75,Support
6282,primer-cosmos-east,150.14915417262176,2.1839552062959657,5.673777,32.32152694811631,74.25574260142744,0.012344118298993794,24.021702005380682,6.5085399087037175,10.25,Weak
9227,primer-cosmos-east,150.12492421630216,2.214572200483446,5.713857,32.118963470034394,165.23975068084368,0.027573132900199932,25.564268722227776,6.143770937945436,10.58,Support
10696,primer-cosmos-east,150.1495153793968,2.2286532067228113,5.6677623,33.42542924023957,88.3758712353823,0.01468307345269693,25.502388778839354,5.527332583541909,9.42,Support
11967,primer-cosmos-east,150.1368162018058,2.2375628581426503,5.482298,34.547586149390334,133.1464167047015,0.02173450210293288,27.476209309930745,5.051341033986177,9.3,Neutral
14086,primer-cosmos-east,150.14935997753886,2.252564342128723,7.127323,33.69076347310431,78.36029237983924,0.014833758805885779,25.789894220774656,5.801807904448173,9.59,Neutral
14487,primer-cosmos-east,150.12353516120825,2.254835218295432,7.1692533,34.48461878993934,141.4839957719728,0.02687804640814527,27.87448196899372,5.628585366795519,9.93,Neutral
15393,primer-cosmos-east,150.1606400419916,2.260086902949174,5.68946,34.81219973707845,123.6962826516061,0.02059347271731934,27.62372236239399,5.10528670337964,9.29,Weak
15850,primer-cosmos-east,150.124732216842,2.262793675222228,7.0456376,32.39304868967049,76.68805100667778,0.014417092786243065,24.430311839000957,6.3205445989893825,10.09,Neutral
16083,primer-cosmos-east,150.15079646268185,2.2640963505382845,4.57788,32.862452412170484,90.46193984352976,0.01350462150961726,24.757739178104757,5.437068207172951,9.35,Neutral
16408,primer-cosmos-east,150.15615715727048,2.2660570085501224,4.574863,32.85754973987441,91.36930141555192,0.01363589713938481,24.773843004236312,5.49839939114244,9.42,Neutral
16563,primer-cosmos-east,150.11970350414322,2.26701306487594,5.0219927,32.18920169373365,70.93498214271098,0.011071792462775905,23.65316605785503,5.798279072517771,9.5,Weak
17813,primer-cosmos-east,150.15276902849044,2.2731888044520874,5.226693,33.9809987751926,109.40921548419055,0.017423820388374936,26.42959038470622,5.071892192104368,9.15,Neutral
18893,primer-cosmos-east,150.175824712277,2.2802447039933083,4.8477397,34.24260464846627,166.86677167428374,0.02559769763093011,27.526483853802066,5.165260272300257,9.61,Support
19462,primer-cosmos-east,150.11522538084762,2.2829872921207177,4.365069,33.88382037958982,94.0519368287005,0.013738669800009807,25.816418489687532,5.053264513031969,9.0,Support
19946,primer-cosmos-east,150.13261022932556,2.2854226857852873,5.974449,33.47439143599115,87.65106225812531,0.014985875541830746,25.595676724964903,5.614485632499262,9.5,Weak
20187,primer-cosmos-east,150.16025737937798,2.286544505284899,6.6081676,32.383573129516385,72.95404931448154,0.013206148689775914,24.230328724969567,6.443901195172902,10.17,Support
21943,primer-cosmos-east,150.16301259177584,2.2946759190769757,4.7154994,33.653118525235456,118.53507125803986,0.017943680781627128,26.165550879659488,4.9123062697657485,9.06,Neutral
23571,primer-cosmos-east,150.12923557237977,2.301744061249596,4.760719,34.26274838638295,102.9091919716332,0.015649331411773118,26.47810200744112,5.07509166360892,9.1,Weak
26971,primer-cosmos-east,150.12915260966713,2.3158155426656775,6.4066525,32.56694832715223,133.57555911087675,0.023751910609668938,25.68831575950506,6.018545998605885,10.27,Support
27072,primer-cosmos-east,150.20508952388434,2.3169437028962645,4.957128,28.029902930360286,63.849597371654575,0.009902019188340194,19.251396430001744,8.68968367400771,12.3,Neutral
27765,primer-cosmos-east,150.15836273334443,2.320200072943564,5.1726418,32.94618683837789,83.07954313529999,0.013161023332844064,24.78550981548797,5.70101180073906,9.54,Neutral
31668,primer-cosmos-east,150.14110035653763,2.3383750263790875,5.6076913,31.88872127016853,65.8799880032613,0.010883439931940261,23.315426875102233,6.2224929771745074,9.86,Null wins
31770,primer-cosmos-east,150.17577901959814,2.3387875925965056,5.77907,31.240742966659546,65.86514684958436,0.01105828280051549,22.70205610956676,6.662688671115889,10.3,Support
32928,primer-cosmos-east,150.14445146027904,2.3443942646772653,4.4581003,31.736952656381618,88.29622998359365,0.013021406763361481,23.553116866252545,6.02811567851362,9.92,Support
40209,primer-cosmos-east,150.17591088267326,2.3767573925799814,5.4609075,33.48014855757619,96.23145359555866,0.01567641469419045,25.69925695689137,5.313365908100802,9.28,Neutral
40642,primer-cosmos-east,150.17584231718274,2.3787301519614044,4.63434,33.63211879200173,99.40246644881638,0.014924529184747055,25.744496671674916,5.555205678854842,9.55,Weak
40799,primer-cosmos-east,150.1568560578954,2.379457522024708,7.681151,33.46304116963473,72.90880432892983,0.01444832046770663,25.505002680604367,5.944440047874554,9.67,Null wins
42464,primer-cosmos-east,150.1701806639219,2.388389880603334,5.3674827,31.517804863128354,104.96168627510784,0.0169455229426232,23.905954423888307,6.277938401400025,10.32,Neutral
43445,primer-cosmos-east,150.12941198164475,2.3936625758734276,5.696871,35.00493290238836,150.07226935186785,0.025002125845916535,28.237692268263825,4.617399100258085,8.97,Weak
45179,primer-cosmos-east,150.15583581243612,2.403109007403011,7.1054926,32.92211163768198,59.43450155455832,0.011230330134016388,24.416948935664145,6.621922750277214,10.17,Neutral
47824,primer-cosmos-east,150.12873540017637,2.416333394573136,5.655495,32.7128135611694,104.23361021977952,0.01729766207882796,25.145625286040836,5.943984439628304,9.98,Support
48498,primer-cosmos-east,150.17769474455164,2.4195602786060304,4.453304,34.18922598619891,183.0793189388025,0.026986222960860406,27.58781118889322,4.584721423663499,9.11,Weak
48540,primer-cosmos-east,150.1150718971086,2.419683492382846,5.656249,33.91090984803793,129.66140636657602,0.021518962316334295,26.817891154904032,4.734378544304252,8.96,Neutral
50325,primer-cosmos-east,150.15508225107425,2.4293539770480828,6.427699,33.31248515216054,136.02620503510835,0.02423314531108861,26.477408766448292,5.942754836114766,10.21,Support
50988,primer-cosmos-east,150.17594858416723,2.4324329415506116,4.526494,31.25161799979915,112.92731964664192,0.016770480422340528,23.61722020141731,5.784401959613459,9.89,Support
51514,primer-cosmos-east,150.13169869017457,2.435682049752244,4.43674,31.686350602327348,100.43890060929056,0.014779816209198705,23.777570451708844,5.876196099324278,9.88,Support
51855,primer-cosmos-east,150.1732889705725,2.4376768935478195,4.651201,32.02421985642596,94.25044203453028,0.01417516320131041,24.024734876698727,6.061433208552941,10.01,Support
52084,primer-cosmos-east,150.16342860843284,2.4391549528156817,7.07561,31.825226739820526,55.488546720226125,0.010458230982694746,23.165392569151194,6.74159329896246,10.23,Null wins
52124,primer-cosmos-east,150.20165715786538,2.439373074527328,4.833804,32.286233237658564,147.2682086334743,0.02255976380299939,25.29578066111199,5.4137819917894525,9.75,Neutral
54661,primer-cosmos-east,150.15107557650222,2.454351195411005,5.667634,33.40692670949085,121.9266954000634,0.02025707804679866,26.182685398008644,5.587802393592571,9.76,Weak
55423,primer-cosmos-east,150.16554471202377,2.459116257258063,5.408047,31.896859430104453,88.75092882326122,0.014384542210655285,23.929214336767163,5.593654186276302,9.49,Neutral
344,primer-uds-south,34.40956852094387,-5.322041059049387,7.1353946,33.07952528941462,95.11385632924762,0.018017514228692282,25.600874339651284,5.963512419564191,9.92,Neutral
2480,primer-uds-south,34.53201848616166,-5.315164693684382,4.684057,33.62571504690309,168.19655201304698,0.025380726826918443,26.891110002695882,4.798365822748696,9.25,Neutral
4620,primer-uds-south,34.46652983278183,-5.310307993570016,5.7462945,32.18684874804478,81.08071303865651,0.013571070095140128,24.092793898031445,6.192164881393868,10.01,Null wins
7830,primer-uds-south,34.24644704030055,-5.303397372461857,5.5453625,33.2946062750979,130.2652787861676,0.021392734590464143,26.188812472407147,5.420342653471543,9.65,Null wins
9104,primer-uds-south,34.27028437686357,-5.300719530590461,6.0930605,33.276163389713425,106.35932378958098,0.018383798526877552,25.841214330534694,5.806448864971033,9.86,Support
9791,primer-uds-south,34.51039646494913,-5.29937790018335,5.0277753,33.229073034958795,111.88804446545645,0.017473885051049475,25.683895088961673,5.062432633021441,9.16,Neutral
11501,primer-uds-south,34.42092682322444,-5.296163912928651,4.6799717,31.66149260754527,86.79155573125136,0.013091374652771978,23.489293548301863,6.253045053741901,10.13,Neutral
14258,primer-uds-south,34.31149088115438,-5.290993924304488,5.4718714,33.628991263051034,164.2733944448308,0.02678881746070284,27.01163365959365,5.198865537541769,9.63,Neutral
17986,primer-uds-south,34.366903086588984,-5.28418784780142,4.940114,31.129495614723,70.42326572571035,0.01090303767912313,22.560107861155554,6.424567678674528,10.12,Weak
21488,primer-uds-south,34.391941288626334,-5.276929475632448,5.413992,31.265711571114775,69.83585733604345,0.011325312350899473,22.778837196076402,6.34184306178533,10.03,Neutral
22358,primer-uds-south,34.304991747702566,-5.275421459133497,4.6764946,34.24802125307916,105.99213398821126,0.015981917000085936,26.509040289249477,5.429452727815243,9.48,Weak
23107,primer-uds-south,34.3965085751051,-5.274229901107692,4.9525127,34.07365609920559,169.02787965091744,0.0262014211360959,27.408155018995053,4.644083312903493,9.1,Weak
25430,primer-uds-south,34.45335415712461,-5.27071720106125,7.1282,33.464072960997036,73.30048856467192,0.013876955511064167,25.418418622543115,6.419786261352561,10.15,Neutral
28931,primer-uds-south,34.4660858542292,-5.264767804165725,7.9047303,32.16227810259415,64.03652116954194,0.012919783951397356,23.961429040898626,6.9971445389492395,10.61,Null wins
29392,primer-uds-south,34.29312046883255,-5.264069605027436,7.4709635,32.77550446299933,99.15001900293842,0.019314534343380065,25.447800355459258,6.357414396444931,10.35,Null wins
30157,primer-uds-south,34.45432855170366,-5.262759699820477,4.726915,34.50620471453506,140.7088541482793,0.02132483447117761,27.39350774000907,4.753357147180921,9.05,Weak
30191,primer-uds-south,34.24697565603606,-5.262728212675196,4.036579,33.7162980321922,143.98042061934908,0.02033008064490454,26.4998682208825,5.003393124074925,9.32,Support
30520,primer-uds-south,34.39279305787786,-5.262175958673707,5.349781,33.48074994734808,125.41466121274044,0.020212942531505306,26.251772335248027,5.433303381371006,9.63,Neutral
32880,primer-uds-south,34.33242917035397,-5.258098716321886,4.7559557,33.380568232241316,103.41219140791682,0.015718292398288064,25.605469731182417,5.430856517279605,9.46,Support
33445,primer-uds-south,34.29753202893787,-5.257188779490052,4.34576,33.6710943004436,148.13361631268566,0.021595800501492325,26.585815516557155,5.238692749636312,9.58,Support
33898,primer-uds-south,34.35550806508812,-5.256449826079847,4.545273,34.30332414300743,109.44208787273796,0.016284002169294775,26.605004582555146,5.241631260652894,9.32,Neutral
36872,primer-uds-south,34.4070890500239,-5.251666396435935,7.135115,33.07719939010113,79.31382445272976,0.01502414366274622,25.20402271043747,6.06130221653087,9.86,Null wins
37557,primer-uds-south,34.42231096893665,-5.250702720659581,5.655718,31.901598857556323,144.48232119913436,0.023977477826801645,25.043491029538085,5.880370579522411,10.2,Null wins
37751,primer-uds-south,34.51421982359461,-5.2503646885674895,5.3592114,32.040692081410064,69.87817287995404,0.01127245954287882,23.543660189587115,5.961316918269103,9.65,Neutral
37878,primer-uds-south,34.40181687272715,-5.25016724014793,4.7731967,33.53772150469016,141.10773680466824,0.02148508253214461,26.441281317969402,5.180898347268639,9.48,Weak
39711,primer-uds-south,34.41973629558163,-5.247058526889604,5.461955,34.305498266529966,118.3386882015886,0.01927969189599445,26.973873394611125,5.343746498476457,9.49,Neutral
44435,primer-uds-south,34.37030725185898,-5.238639648434586,5.1732736,33.56539882090135,98.62308043066938,0.015624314975891423,25.77727842992941,5.002042873349197,8.99,Neutral
45383,primer-uds-south,34.34392799518837,-5.236677392605615,4.8551655,33.88829184521026,118.60664697163948,0.01820801081355213,26.432479040136208,4.941781942985448,9.09,Neutral
45637,primer-uds-south,34.34400293702269,-5.236179141373149,4.5362873,32.318484488684014,109.9240731348419,0.016340765610898433,24.627721173383907,5.897814375212204,9.98,Support
47509,primer-uds-south,34.26460314475026,-5.232585427484487,5.659403,32.418812560338964,196.7753709572188,0.03266712099950596,26.2322415478884,5.522058520414391,10.11,Support
48686,primer-uds-south,34.49635717133602,-5.230361011735166,4.843895,34.16234158710101,188.83439301175304,0.028956438174933527,27.713941968045795,4.817837806782427,9.37,Neutral
48982,primer-uds-south,34.33123035997706,-5.229861833950647,5.38785,33.05196912500639,86.64903684941646,0.014016564466201243,25.028051700783337,5.724472520679319,9.6,Neutral
50716,primer-uds-south,34.31315407240597,-5.226780942036896,7.8636265,33.54834995264308,69.90504346274642,0.014057684292491705,25.530793562896346,6.320982979867016,10.01,Null wins
51593,primer-uds-south,34.37359814355506,-5.225203398424738,4.457851,32.57696734851103,98.23092206583677,0.01448614737749672,24.624606526557976,5.015503558669657,9.0,Support
52581,primer-uds-south,34.40539228360383,-5.223527645703455,6.166954,32.09595481761747,77.02489447674957,0.013403517697386172,23.97492345986149,5.896737775978467,9.67,Support
55634,primer-uds-south,34.37214013256284,-5.217964106077201,6.879805,33.09666338992028,74.47756139010417,0.013804337045752409,25.039615843922462,6.8659491036925155,10.61,Weak
55783,primer-uds-south,34.270711521139155,-5.2176792889822154,4.6260314,31.845984900746732,109.96452826156413,0.016496453992906272,24.17581258330346,5.7274947690409554,9.81,Neutral
57494,primer-uds-south,34.36877729836944,-5.214285317247173,4.0239935,30.980132435041476,122.47714623353806,0.017271209247682384,23.40962084607628,5.9338898828538476,10.11,Support
59568,primer-uds-south,34.37223598544468,-5.210034144967174,8.901577,33.39404432318341,78.93528551401158,0.01719031958156992,25.813338758110316,6.685457631644683,10.48,Neutral
59880,primer-uds-south,34.440987518226386,-5.209337113326783,5.663111,34.20689378929318,120.00611277187473,0.019929468932860947,26.94724710135962,5.091593263313406,9.25,Neutral
59971,primer-uds-south,34.26054876950803,-5.209163464917401,5.3915443,33.73634557232721,146.7388901779425,0.02374530634672196,26.857109138778583,5.256909539848074,9.59,Neutral
60046,primer-uds-south,34.3774127954971,-5.209022947260113,5.462843,33.85253400272325,120.8085278514652,0.01968375378039746,26.565948303983824,5.615804815732545,9.78,Neutral
60446,primer-uds-south,34.4030978645048,-5.208186419505702,4.36605,32.72436152584338,100.02763199041787,0.01461304314346089,24.79093954008745,5.0797600247341945,9.08,Support
62395,primer-uds-south,34.36730350722771,-5.20419582363576,5.6591854,32.0415182681692,79.42886599802144,0.013185893036325374,23.88494069207792,5.8800432756142325,9.68,Null wins
66511,primer-uds-south,34.293687587129725,-5.196477294049358,7.1307554,31.17680896835058,111.28508555443562,0.021072593498748175,24.03827359743831,6.167126071967271,10.26,Neutral
67076,primer-uds-south,34.46542619095356,-5.195332815308801,7.9367976,33.0535308707793,85.7376135588745,0.01734224856236629,25.49193258537739,6.653657217826093,10.52,Null wins
68947,primer-uds-south,34.46287218489254,-5.191959922775389,5.6559973,31.74858049460322,82.59408137195713,0.013707213794815787,23.676201109473674,5.696102145543126,9.53,Null wins
69772,primer-uds-south,34.471126609335464,-5.190443860816161,5.4293756,31.7663316444079,69.60870252850678,0.011305193720257626,23.275596369155654,6.244672922392557,9.93,Neutral
6756,ceers-full,214.8964764095056,52.78769104113195,7.136083,33.104514152858535,54.396483832198435,0.010304979703991902,24.412624538385458,6.368858344045796,9.84,Neutral
9246,ceers-full,215.0759983092168,52.9213331071539,4.6044097,32.80068878928224,69.26564929034056,0.010368214449658329,24.12208332749087,5.558964180768981,9.24,Support
12234,ceers-full,214.91179273247536,52.809063181954286,6.142212,32.584400071516775,57.94758580918855,0.010061077370971266,23.840497197216965,6.383929305478004,9.91,Support
12544,ceers-full,214.89586242316247,52.79821219297834,4.549665,34.30685965936774,83.87673704464756,0.012485685171638172,26.031796240778093,5.402716945423103,9.25,Weak
13736,ceers-full,214.95519257473848,52.843020797458365,5.356953,32.50391240006399,64.48052529472373,0.010399463187962884,23.83184169150354,5.971142866361557,9.59,Neutral
14076,ceers-full,214.93497411857868,52.82936734381139,5.661391,34.21628138962027,73.16689272624528,0.012148883233813728,25.881837861157607,5.711370776649078,9.44,Support
19354,ceers-full,214.8997085945354,52.81284265178295,5.4279175,33.1291252366491,63.349080495239264,0.010287122089921056,24.433469389242298,5.456519368940459,9.06,Neutral
20010,ceers-full,215.06178750836733,52.93117525134058,8.934445,34.77423039169785,64.42038348903961,0.014063366007753828,26.75755147188674,6.411953388381365,10.03,Neutral
20632,ceers-full,214.8945675036202,52.81216541941548,5.653135,32.683609608896994,62.625804274768534,0.010390489367466324,24.009664302039653,5.776493367284093,9.37,Null wins
20897,ceers-full,214.9490179204384,52.851746577831136,4.533114,31.96055692155857,66.4479321401957,0.009874628025268789,23.17603532751255,5.025037059512506,8.67,Support
22049,ceers-full,215.1370824993564,52.98855485797787,7.1350226,33.04671096896166,55.6208414369509,0.010535981613188422,24.402960670935556,6.52952489075456,10.02,Null wins
22239,ceers-full,215.13147827808135,52.984910779504645,7.131442,34.14105513331939,63.88495294759667,0.012097754778346187,25.79745370058222,5.359202841472115,8.97,Neutral
23054,ceers-full,215.07825941225204,52.94849717876277,6.8682966,33.886522255354016,64.28460296438449,0.01190327961223768,25.507730114331153,6.323786068096718,9.94,Neutral
24464,ceers-full,214.8760422893777,52.806111552633055,5.655386,33.048521476678566,61.57873392283105,0.010218941355304509,24.338425692513226,6.141138489130684,9.72,Support
28748,ceers-full,214.92414994156533,52.84905137748051,4.7529554,32.03723642435992,65.65756697521525,0.009976710357857575,23.275047926287726,5.855430429287553,9.49,Neutral
29421,ceers-full,215.0220706743329,52.920785903564735,4.785098,33.544379773967506,70.82442982441934,0.010796632820958491,24.953696114949175,5.659633826205383,9.36,Weak
30600,ceers-full,214.85011291469965,52.80005115451776,4.025932,33.87982849081861,87.27410747781781,0.012309505275754263,25.57390616656572,4.588229167741764,8.47,Support
36886,ceers-full,214.84938801632256,52.81182367188121,4.4499197,32.73230432390737,71.03828593380159,0.01046754931940279,24.074404084695743,5.3870150521861735,9.09,Support
36985,ceers-full,214.99097734698265,52.91652307509784,5.6537137,32.862478879644,61.34467743649027,0.010178489808801663,24.1437702920719,5.694446225620981,9.27,Null wins
39094,ceers-full,214.73254876249405,52.73575171372978,4.73153,32.851498308716714,68.47869120959936,0.010382969112711467,24.175980800827787,5.728889097300845,9.4,Neutral
40589,ceers-full,214.84054150613645,52.81794281503024,8.006711,33.726316134480776,59.37592096716466,0.012076677477371768,25.378928156632934,6.5027792821327,10.05,Null wins
41179,ceers-full,214.89247914214488,52.85689049273915,7.24225,33.176680823139954,57.4217396408689,0.010975581152184088,24.621693130997144,6.931847308632517,10.45,Support
41913,ceers-full,214.79536842274857,52.78884586799004,5.2459974,30.90109695389904,61.63378721184913,0.009833894345127943,22.10759932533878,6.200362290705325,9.78,Null wins
42093,ceers-full,214.88679187567013,52.85538075151782,6.445882,32.291667174855434,56.23605433097119,0.01003472915423563,23.54207013163588,6.119970316317856,9.62,Support
47021,ceers-full,214.8967632664052,52.875800211156765,8.0230665,34.830721481495324,65.36525512787183,0.013312033958914306,26.69481824738333,6.029306078762458,9.66,Null wins
48983,ceers-full,214.89224818634747,52.8774094024243,7.136761,31.663841107405286,51.93081889094175,0.009838442020510072,22.87134744213765,7.109149658025244,10.54,Null wins
49360,ceers-full,214.9370013823801,52.91065418649201,4.737312,33.58124382131188,68.91183834860217,0.010454729107985498,24.920682424620907,5.843412328671436,9.52,Weak
55490,ceers-full,214.9830263067039,52.95600124785248,7.1493306,31.608801689438607,52.387914284993016,0.009935567370484667,22.83763973385608,7.221537783464851,10.66,Neutral
57051,ceers-full,215.00849067410635,52.97797375299749,5.668079,33.05917856377175,64.39483006557025,0.010699100343901202,24.448789548836906,6.132297997085439,9.75,Weak
58630,ceers-full,214.8400406174198,52.86065073671731,4.546808,33.03480978761854,68.52601108185242,0.010197649166550131,24.320184802837563,5.628289095698642,9.3,Null wins
59162,ceers-full,214.80666972093113,52.83780245848676,7.84113,32.98111579854443,53.05169831149987,0.010649378826601134,24.36061186185443,7.150601417474115,10.6,Null wins
59626,ceers-full,214.8601565408176,52.87743329543511,6.367115,33.07693641715585,57.40807305352339,0.0101720536537241,24.356854310132924,6.792054060637398,10.31,Support
60774,ceers-full,214.9233737742542,52.9255926851509,5.2847676,32.62298357331423,62.041777733201435,0.009936394778270696,23.85200244468441,6.044631532978686,9.63,Neutral
61323,ceers-full,214.97244135966025,52.962192664107064,7.1270275,33.700871855773066,61.552384141078534,0.011651697680642234,25.27569257617251,5.871510241297612,9.45,Neutral
63106,ceers-full,214.92723943668085,52.93389650740569,5.655657,32.38656415187141,59.95507577844757,0.00994975160120689,23.618500026495298,6.4343480875403625,9.99,Null wins
67137,ceers-full,214.88868638451572,52.91541323485833,7.4964614,33.049618462058646,62.40130278603175,0.012181332131999125,24.720967067191744,7.31961268644033,10.91,Null wins
68816,ceers-full,214.76658171975708,52.831522733700005,4.532283,33.10622070975307,70.80639597093622,0.01052143595529259,24.459470471233782,4.769855021077433,8.47,Support
70681,ceers-full,214.95683695298104,52.97315297996034,7.9008055,33.52252269327117,56.09205306411676,0.011313402680331432,25.033363601684616,6.802197327572372,10.3,Null wins
71267,ceers-full,215.00284155143623,53.00759273053756,7.5175495,34.13529059326105,59.90658516540552,0.011714579525360131,25.721798799800826,6.495050871287937,10.05,Null wins
71321,ceers-full,214.80914693119064,52.86847974477716,7.12932,33.581585308266604,63.36040081081617,0.01199627220911845,25.219691549187633,5.986364168223011,9.59,Neutral
71380,ceers-full,214.9984027009664,53.0046239982825,7.1262627,32.567409334055945,54.160871476723834,0.010251842443585147,23.864293631128668,6.642628712483072,10.11,Neutral
72633,ceers-full,214.81767928550417,52.87785983915585,5.4433956,33.20802607881441,67.06142219180622,0.010906173114474513,24.639262695515903,6.417054481190949,10.07,Neutral
72956,ceers-full,214.8306601186004,52.88777481168739,8.90418,34.067538128608305,58.17583598902204,0.012671817227735282,25.824607311511365,6.630514734335647,10.16,Neutral
73890,ceers-full,214.91250240504385,52.94944030617143,5.6603184,33.93176110872135,76.25109483703007,0.012659711009364144,25.686754749956982,5.795507832401247,9.56,Support
7242,primer-cosmos-west,150.13230621254198,2.169692500519255,5.6587553,33.68291821753419,166.7174549082523,0.027675443981828383,27.136265883032625,5.296037856450904,9.74,Support
8118,primer-cosmos-west,150.0981218093673,2.1749178052619516,5.642418,33.62803014859127,124.26756861408884,0.02059681403350177,26.43990506938664,5.621284397740134,9.81,Weak
13074,primer-cosmos-west,150.07167339071867,2.200406394279048,5.214783,31.38233648383899,79.73062908385373,0.012682648260768209,23.141260905286824,6.176749618519206,9.98,Neutral
13666,primer-cosmos-west,150.12294911061196,2.2033023216193475,5.2880526,32.7229187398669,115.84346480281005,0.018559006337503625,25.308567021940107,5.532256922973447,9.66,Neutral
15233,primer-cosmos-west,150.0597846244577,2.210537433565662,4.9860177,32.70054169774058,92.76965482447171,0.014428342735316914,24.739498630147587,5.3451881186279735,9.28,Support
16152,primer-cosmos-west,150.12492421255888,2.21457222007294,5.7143655,32.117135508937686,165.23186775265145,0.027573137736010334,25.56244114196657,6.143812375842367,10.58,Support
18540,primer-cosmos-west,150.06255912790388,2.2257225169163104,8.933716,33.44665407535566,105.95344761289827,0.02312904675777482,26.510317427565525,6.219769814482168,10.27,Neutral
21037,primer-cosmos-west,150.0777709920214,2.237528737405602,4.4761047,32.96790964560356,99.04435864493556,0.014633369314187709,25.037505994222478,4.50834051181366,8.5,Support
21620,primer-cosmos-west,150.06657057247196,2.2401842227240047,8.087144,33.228733772443675,88.58474492387647,0.018131973242476073,25.76383380165231,6.605282122045477,10.5,Null wins
22379,primer-cosmos-west,150.07522099256468,2.2446800377985117,5.734882,33.15334877806911,115.64072090795396,0.01933488230818841,25.827931124094526,5.153778419174491,9.28,Null wins
22483,primer-cosmos-west,150.11107591653396,2.2452699630502013,7.1354685,32.9852075155878,62.23396554893685,0.011789116706859002,24.585488532507007,6.701945049769769,10.29,Neutral
22702,primer-cosmos-west,150.06375987090527,2.2468025541453227,5.4311905,30.85572749175689,102.77250209722588,0.016694260353218717,23.211438084504803,6.026246140038052,10.05,Neutral
25633,primer-cosmos-west,150.12473224521966,2.262793626463721,7.051051,32.392973094955536,76.65286982916518,0.014417108241853868,24.430238572176577,6.310943161654727,10.08,Neutral
26495,primer-cosmos-west,150.11970344327588,2.267013026885495,5.019624,32.188655793696356,70.6762484733498,0.011028824272068088,23.644176560130834,5.801453022194815,9.5,Weak
28491,primer-cosmos-west,150.07802737195297,2.277624990798764,5.5851088,32.20426001765847,79.56627634394629,0.013116262481271856,24.03618519509382,6.008541932391532,9.81,Support
28500,primer-cosmos-west,150.08282077961337,2.277725899482126,5.42897,32.77138180254864,75.64182650308877,0.01228455812166909,24.46105418141609,5.632475985813819,9.39,Neutral
29372,primer-cosmos-west,150.1334399364472,2.2820779097467385,5.3858166,33.98220712728558,93.85081376475873,0.015178564863363792,26.131235363331328,5.45512391466253,9.4,Neutral
29568,primer-cosmos-west,150.1152256315934,2.2829874786923807,4.3603206,33.87514520938177,94.09757458873746,0.01373863680432009,25.80773810432278,5.092843141164673,9.04,Weak
30073,primer-cosmos-west,150.1326103028289,2.2854227065895474,6.004138,33.47166776878836,87.42338542566257,0.014987932129063476,25.593251039419272,5.626744759380308,9.51,Weak
30145,primer-cosmos-west,150.07916934420106,2.285735767865748,5.6646295,33.27075621394064,149.96190821601851,0.02490781592385173,26.495309133156844,5.388038083921427,9.74,Support
31319,primer-cosmos-west,150.05536979441715,2.2915888796288457,6.3338737,32.168406895273534,130.8597623509306,0.023117818978666344,25.231015870602068,6.356387745482819,10.59,Support
31661,primer-cosmos-west,150.05966497582264,2.2934374274151508,4.4626226,32.470421213489196,122.35028415048204,0.018051838768973275,24.99590312492211,5.334790035381342,9.51,Support
32535,primer-cosmos-west,150.07197125377567,2.297260415195796,5.7491784,32.646009897889165,81.89057825756488,0.013710336475133908,24.574125145877247,6.603532124345528,10.43,Null wins
33230,primer-cosmos-west,150.12923549364174,2.301743957339333,4.7521863,34.257953237045825,102.99714741537544,0.015649273469978627,26.4732988181924,5.094349606490957,9.12,Weak
36162,primer-cosmos-west,150.12915260684125,2.3158154162345532,6.410995,32.56039409999695,133.52391874334594,0.023751936388759116,25.681763889151867,6.018881860392238,10.27,Support
42656,primer-cosmos-west,150.07778985191382,2.3503723579227365,5.6853933,32.744710268021805,137.01309082108364,0.022801759732503143,25.777426775247278,5.966475872990049,10.24,Support
43505,primer-cosmos-west,150.0633371231677,2.3549759118132676,4.6754527,33.10642066445836,109.58652388039856,0.01652215419266605,25.43962870064198,5.300485697619725,9.38,Weak
44446,primer-cosmos-west,150.10690911630107,2.360047767613252,7.1314645,33.042119445407536,108.95758931533,0.020633101216876636,25.857816670342242,6.235485028164922,10.31,Neutral
46914,primer-cosmos-west,150.07834018465627,2.3726831628688827,5.654763,33.568371967346586,113.61711005427549,0.018853557077729666,26.18821314950741,5.17911252311951,9.29,Null wins
47165,primer-cosmos-west,150.07423597385812,2.373887226537977,5.2337646,32.110084539161925,103.36663149948336,0.016472872243850696,24.436805872149534,6.021239272474178,10.05,Null wins
50300,primer-cosmos-west,150.12941197066553,2.393662555256823,5.6961317,35.005709883191166,150.08269342514518,0.0250021196165943,28.23846870804051,4.657338769854572,9.01,Weak
50560,primer-cosmos-west,150.10104157507683,2.395235378443164,5.145899,33.698069755440294,90.27714609838806,0.01426380113836411,25.71212081420633,5.198844357170666,9.11,Weak
51657,primer-cosmos-west,150.11024715996857,2.4022096081685143,4.7941256,32.1219845265619,80.07213167615052,0.012217436868457878,23.79975972611025,5.56303721914736,9.37,Weak
53626,primer-cosmos-west,150.12873539862363,2.4163333958913404,5.6552424,32.740524390392366,104.23609330794172,0.01729766090232136,25.173335967570335,5.92396374805598,9.96,Support
54067,primer-cosmos-west,150.11507176793666,2.4196832960705383,5.6564326,33.934378456903815,129.6591627943341,0.021518963598014584,26.841359893103906,4.554393573903292,8.78,Neutral
55716,primer-cosmos-west,150.1316986670536,2.4356820832503256,4.438319,31.69101392971268,100.42275056217166,0.014779827202235318,23.782235394206737,5.876335775092557,9.88,Support
1498,gds,53.05703129811096,-27.874368711785543,4.6633844,32.84612046992835,72.06188418034793,0.010851391160732325,24.266422245673972,5.144588773396366,8.86,Support
2981,gds,53.087727002416266,-27.87124065648318,4.812245,34.52601988543792,114.38734607843122,0.017485005914967603,26.982223484982743,4.803244032069689,8.92,Neutral
3099,gds,53.06411369523224,-27.870929225405476,5.458368,33.252115617363195,72.9155545516948,0.011875285686157713,24.868210630763862,5.544359633751069,9.27,Neutral
5434,gds,53.1247677388974,-27.866299033357972,4.1072683,31.80848867464942,136.0695016042382,0.019354544040090602,24.485278079091266,5.302478411889637,9.57,Support
14381,gds,53.060545585361965,-27.848395272139655,5.44441,34.57700052509408,88.22444685490777,0.014349305673266135,26.60402964264481,5.288822111753256,9.18,Neutral
14605,gds,53.10604518883795,-27.84821941904518,6.9280586,33.16091937965253,128.9742241066029,0.024004552847654723,26.30526216350641,6.328994152220175,10.55,Weak
16053,gds,53.14340602720109,-27.844804204263163,6.9018006,35.14879338760415,86.51278858910993,0.016065417808283054,27.421128192313528,5.895839378060989,9.77,Neutral
18537,gds,53.116682410199424,-27.839793141044453,4.277338,32.48623544361551,154.45247659225817,0.02235902310038731,25.476374248574082,5.3524102470885655,9.73,Support
22388,gds,53.16180031300524,-27.831614170842723,7.18187,30.193229008126448,51.617490766362046,0.009816309391726974,21.395844880287335,7.81440622247503,11.24,Support
23636,gds,53.22737884821788,-27.828790896365472,7.1328406,33.137337735929805,89.84060419451028,0.017014928704550684,25.534363086004095,6.163054672053761,10.07,Neutral
23868,gds,53.13382619697032,-27.828255639094433,8.927632,34.69241884041248,90.87535500375512,0.01982868838653021,27.42176346096769,5.703107759124226,9.62,Neutral
29303,gds,53.126539480238954,-27.818090680221843,5.9859753,33.51399876075294,130.32232675744794,0.02230518120985071,26.49890222173905,5.629962349589093,9.86,Support
32147,gds,53.067675811963305,-27.812326920318203,4.603241,31.679706817683137,104.21841686410552,0.01559836389013917,23.88797673774592,6.024111056589239,10.06,Null wins
32402,gds,53.15933320190422,-27.81174927107328,4.9424376,34.466436541052026,111.45010928298252,0.01725886272239787,26.894372094613814,5.035839002667658,9.13,Neutral
35367,gds,53.15477111670093,-27.80651866081544,5.489472,32.13810523969311,63.37424282665511,0.010352168934814235,23.456136674131066,5.79617443285315,9.4,Support
37563,gds,53.140781936344226,-27.802179194098684,5.7131443,33.990188777790436,144.5669394743945,0.0241218950076835,27.14512057368481,5.42986202605332,9.75,Support
39509,gds,53.11154067683712,-27.798073260782136,4.2876787,34.44796716672226,107.79712363249556,0.015621682510176533,26.659480883979064,4.764785654684481,8.83,Support
41129,gds,53.12142478916305,-27.794912385304425,7.1333513,33.62512233421152,68.40762320978455,0.012956290935662234,25.430400473958198,5.5497909973355855,9.22,Neutral
44531,gds,53.08674827656752,-27.787431508471997,7.1240745,33.79928094408422,98.9594943584412,0.01872808989680805,26.40462305258415,5.599085064872257,9.59,Neutral
45202,gds,53.12690221697067,-27.786151936566537,7.1312556,33.07492890137188,89.27772862245315,0.01690606353019322,25.45801606635521,5.698513734915216,9.6,Null wins
46221,gds,53.13904106099478,-27.7844417648111,4.0452294,32.912414550861165,93.70175862178228,0.01324261288787851,24.765157651630993,40.03650451614187,43.98,Support
46281,gds,53.116745517174344,-27.783976891724176,4.789628,33.11894080911528,98.6429472163686,0.015044187979224815,25.248659247622232,40.131867921067055,44.12,Neutral
51983,gds,53.20399361624679,-27.77210027988984,7.1353054,33.849197994971625,69.60012298027199,0.013184322608153108,25.692361783039274,40.88477998602007,44.57,Neutral
52017,gds,53.16611577132824,-27.772043285319793,6.3311334,33.90253753005285,146.5323076361852,0.025880175742914166,27.210248317505403,40.07813322186595,44.41,Support
64049,gds,53.18478625734835,-27.74404552734683,5.2713456,34.54129343536026,81.54651482482295,0.013043179557631573,26.361085482055472,40.38718919063777,44.21,Neutral
65646,gds,53.15818278196654,-27.73913159824651,5.658066,33.35485485757408,89.56483600565815,0.014866979891158512,25.45884330935099,40.38572492992095,44.29,Support
66116,gds,53.16137624108439,-27.73766821890653,6.846422,32.78636924267395,102.6202347336458,0.018965900021009872,25.419111208610353,40.487533992547576,44.51,Neutral
