id,field,ra,dec,f090w_flux,f090w_fluxerr,f105w_flux,f105w_fluxerr,f115w_flux,f115w_fluxerr,f115wn_flux,f115wn_fluxerr,f125w_flux,f125w_fluxerr,f140w_flux,f140w_fluxerr,f150w_flux,f150w_fluxerr,f150wn_flux,f150wn_fluxerr,f160w_flux,f160w_fluxerr,f200w_flux,f200w_fluxerr,f200wn_flux,f200wn_fluxerr,f277w_flux,f277w_fluxerr,f356w_flux,f356w_fluxerr,f410m_flux,f410m_fluxerr,f435w_flux,f435w_fluxerr,f444w_flux,f444w_fluxerr,f475w_flux,f475w_fluxerr,f606w_flux,f606w_fluxerr,f775w_flux,f775w_fluxerr,f814w_flux,f814w_fluxerr,f606wu_flux,f606wu_fluxerr,f850lp_flux,f850lp_fluxerr,f110w_flux,f110w_fluxerr,f182m_flux,f182m_fluxerr,f210m_flux,f210m_fluxerr,f150w2-f162m_flux,f150w2-f162m_fluxerr,f250m_flux,f250m_fluxerr,f300m_flux,f300m_fluxerr,f335m_flux,f335m_fluxerr,f350lpu_flux,f350lpu_fluxerr,f430m_flux,f430m_fluxerr,f460m_flux,f460m_fluxerr,f480m_flux,f480m_fluxerr,f814wu_flux,f814wu_fluxerr,f850lpu_flux,f850lpu_fluxerr,z_phot,z_phot16,z_phot84,av,av_err,lbol,lbol_err,muv,muv_err,r_eff_16_pix,r_eff_50_pix,r_eff_84_pix,r_eff_16_phys,r_eff_50_phys,r_eff_84_phys,verdict,delta_chi2nu,Av_null,C_AGN,Av_geff,chi2nu_geff,alpha_AGN,ir_excess,group,fxb_full_05_7keV,offaxis_factor,sep_from_center_arcmin,ha_observed_um,ha_instrument,logMstar_best,logMstar_err,method,n_bands_used,F444W_mag,d_A_pc,r_eff_arcsec,area_arcsec2,SB_F444W,logSigma_Mstar,Balmer_dec_total,LHa_total,logLHa_total,logL_5100,Ha_total_ew,Hb_total_ew,log_LHa_over_Mstar,log_L5100_over_Mstar
11219,primer-uds-north,34.47112649680852,-5.190443847236024,0.050267412436407,0.0089743516627115,0.0466150596743984,0.0098261615263748,0.0573366370136806,0.0089650255034808,,,0.0585387285713185,0.0130122516909584,0.0555062601602047,0.0217716817716954,0.0691441310542971,0.007181551622913,,,0.0493923143958132,0.0113804057154971,0.0623568343653006,0.0057902011067585,,,0.1462795568153569,0.004125016393187,0.3326906196381736,0.0041319482891463,1.0155931647424583,0.0075723594473898,-0.0152777775306405,0.0126065145170079,0.7133544776215276,0.0060294481557439,,,0.0002581979482021,0.0052070879979789,-99.0,-99.0,0.0424545891901214,0.0057872742822464,-99.0,-99.0,-99.0,-99.0,,,,,,,,,,,,,,,,,,,,,,,,,,,5.4287095,5.3946824,5.4617147,2.7,0.1515560500026276,45.8993461076991,0.2800035953457732,-19.19512162645615,0.1131188960852433,0.2631860768795013,0.2882082611322403,0.3493479144573211,63.42048205983867,69.45012848458238,84.18307459184682,Neutral,0.03,3.69,0.0436,3.82,0.98,0.816,10.32,Neutral,6.186025187913603e-16,4.12,7.07,4.22,NIRSpec (F100LP+G140H/F170LP+G235H),9.93,0.3,M_UV_relation,0,31.76680214330797,1270102840.4588,0.011278717199544023,0.00039964031024107116,23.270975361914573,6.246653892938591,9.09163499279163,2.0312369851999155e+43,43.30776059502066,43.84605659553506,1464.5815500122974,165.609946471713,33.37776059502066,-8.288069459899084
18804,primer-uds-north,34.363515044768505,-5.176963791951121,0.0753999708299423,0.0041289516300452,-99.0,-99.0,0.0831636755763416,0.0039762120681419,,,0.0833201816995381,0.0143198114427368,0.0300365227108119,0.0253383239094683,0.0891541222951243,0.0033165966158298,,,0.0539782592172583,0.0121300948975184,0.1501415059658517,0.0028421079251323,,,0.3408613934717944,0.0024604611480502,0.5875086996007753,0.0026986245010303,0.5473428191170134,0.0039824358814415,0.025516511077506,0.010048113099666,0.6404656302606717,0.0034617046733555,,,0.0423605912127227,0.0050520167459973,-99.0,-99.0,0.0841492586970652,0.0049111630369381,-99.0,-99.0,-99.0,-99.0,,,,,,,,,,,,,,,,,,,,,,,,,,,4.3172913,4.0484204,4.3846164,1.5,0.1102855824325886,45.080679388561705,0.3787061923959831,-19.21290064350012,0.0718484285152047,0.352542781829834,0.3869165033102035,0.4259975361824035,94.8678140164811,104.11764122760248,114.6341865922482,Support,345.52,1.18,0.4194,0.75,562.92,0.01,7.18,Support,1.7495142700349302e-16,1.17,1.63,3.49,NIRSpec (F100LP+G140H/F170LP+G235H),9.72,0.3,M_UV_relation,0,31.883826050111832,1418995507.0040073,0.015134526615348032,0.0007195940365434432,24.026544939064213,5.684951358679198,9.77257781433908,4.636902617980284e+42,42.666227972185695,43.20779743787976,928.3776269095747,107.62485343471538,32.946227972185696,-8.084437871734485
18892,primer-uds-north,34.268908020655076,-5.176721823124139,0.0234404457361277,0.0064905738005278,-99.0,-99.0,0.0170961447166978,0.0063061437482903,,,0.0122952431736026,0.012564242497423,0.0069052592405901,0.0148964919741957,0.0178511494541913,0.0051298907304826,,,0.0030996032741491,0.0109738750839263,0.0322109468697378,0.0041859291337224,,,0.1146473134471262,0.0030469672496016,0.1934783788720349,0.0029346364526891,0.1731469830775471,0.0054960530733534,0.0066716563827542,0.0076265821203285,0.2095088110909186,0.0044602322691021,,,0.00120823156978,0.0061092155103584,-99.0,-99.0,0.0218304642514832,0.0053380188016933,-99.0,-99.0,-99.0,-99.0,,,,,,,,,,,,,,,,,,,,,,,,,,,4.729469,4.5304947,4.7732325,1.0,0.1235976062554343,44.431549491761906,0.1655077861671023,-17.341007529473167,0.0851604523380498,0.2893921387195587,0.350668340921402,0.4796098804473876,74.68736522683268,90.50174813927704,123.77944496303152,Neutral,-0.01,0.44,0.2456,0.56,44.56,0.071,11.74,Neutral,4.518802159778199e-16,3.01,5.67,3.76,NIRSpec (F100LP+G140H/F170LP+G235H),9.0,0.3,M_UV_relation,0,33.09705989140475,1360659867.4468277,0.013719330985322433,0.0005913107033570135,25.026599242068492,5.086686063691049,8.071625557665836,2.7434898195559894e+42,42.43830335295777,43.209370636902236,696.787189748034,115.53177890032781,33.43830335295777,-7.364422059328923
32237,primer-uds-north,34.41985984195683,-5.154215136324553,0.0536320349250475,0.0037369877391543,-99.0,-99.0,0.0681093227104191,0.0036353158252279,,,0.0541389920501765,0.0141771657672272,0.0744364604808931,0.0239291348647712,0.0902246584262055,0.0030572570827633,,,0.0827410883669738,0.0116233836415213,0.1719403408324839,0.0026719167385196,,,0.6167797728984526,0.0027217474796889,0.5868489564791659,0.00259914531047,0.692549293314426,0.0039236301265026,-0.0143280828851919,0.0129437144660362,0.7254191144338352,0.0034309448214796,,,0.0206837165002077,0.0080512616423885,-99.0,-99.0,0.067395283875803,0.0060764924952068,-99.0,-99.0,-99.0,-99.0,,,,,,,,,,,,,,,,,,,,,,,,,,,4.6121683,4.489664,4.719535,1.2000000000000002,0.1483999262563277,45.10744179033904,0.2362775662970576,-19.028361620570273,0.1099627723389424,0.2694616198539734,0.2893424034118652,0.3238868916034698,70.36922565204708,75.56104237564186,84.58224875711777,Support,178.9,0.0,0.1093,0.0,1013.94,0.567,8.04,Support,2.705574605731473e-16,1.8,3.59,3.68,NIRSpec (F100LP+G140H/F170LP+G235H),9.7,0.3,M_UV_relation,0,31.74859313518384,1376885311.3243046,0.011319460144884075,0.000402532825818791,23.260596390363872,5.943404119105839,7.04272538634865,6.215510832044085e+42,42.79347682754509,43.57376983537519,779.9020315456597,130.2129851970737,33.09347682754509,-8.060774864946593
33774,primer-uds-north,34.24782824156703,-5.151996752625728,0.0174884686636003,0.0048408778930465,-99.0,-99.0,0.0267020730515087,0.0047695394565138,,,0.0153665562058496,0.0081283700638659,0.0382305876526022,0.0214294525237693,0.0344318032419615,0.003955716798331,,,0.0428142531214432,0.0111345666362022,0.0307403574584522,0.0032909900627252,,,0.0390322943415125,0.0024937869037559,0.0772490454938365,0.0023847665448623,0.2023191751582338,0.00457552771442,-0.0104480056700765,0.0076582801949279,0.144388897479664,0.0037058222667841,,,-0.0031174373403667,0.0061607029932246,-99.0,-99.0,0.0026822511147617,0.0061689245317191,-99.0,-99.0,-99.0,-99.0,,,,,,,,,,,,,,,,,,,,,,,,,,,7.137637,7.1048284,7.169101,2.9000000000000004,0.1515802380031312,45.88339944965295,0.1855757505796783,-18.953017296665102,0.1131430840857472,0.4864764297008514,0.6304278671741486,0.8239727735519409,100.52593843661872,130.27219633898406,170.26649442906688,Neutral,0.0,3.73,0.1734,3.86,1.85,0.514,4.19,Neutral,5.713710412567277e-16,3.81,6.7,5.34,MIRI (unlikely),10.15,0.3,M_UV_relation,0,33.5012311216894,1088660035.795715,0.02468226415441116,0.0019139027414196382,26.706030782958685,5.9202965295115915,10.573467323144921,1.214656283356556e+43,43.084453401093505,43.65717364185954,1152.9005689229339,133.67938029521946,32.934453401093506,-8.50994438386913
35111,primer-uds-north,34.296003362134044,-5.149896222259397,0.0686906761533883,0.0080749918646115,0.0398663262501405,0.0142007631659777,0.0558822460865464,0.007886548899074,,,0.0634127550200489,0.0133614614086952,0.0621856839675526,0.0106500864559071,0.0458137970428851,0.0068466994807176,,,0.0289715016562534,0.0111021621267327,0.0618354447869686,0.0057219792111389,,,0.109729231480978,0.0040895787480256,0.2417288015065805,0.0035483288354596,0.2331417723038061,0.0061131631720088,-0.0077492445565659,0.009381205500499,0.4110151046720455,0.0053918770567745,,,-0.0079579684628402,0.0071773752721055,-99.0,-99.0,0.0259300268572282,0.0062553302645132,-99.0,-99.0,-99.0,-99.0,,,,,,,,,,,,,,,,,,,,,,,,,,,5.6563144,5.6359606,5.6770415,1.9,0.1517854013846472,45.33600475701811,0.2990573435692831,-19.19921348276847,0.1133482474672646,0.3717687857151031,0.4681203067302704,0.614334785938263,87.66884375222433,110.39002628754632,144.86966746382706,Neutral,-1.42,2.58,0.2705,3.21,13.83,0.01,8.97,Neutral,2.871121125606634e-16,1.91,3.82,4.37,NIRSpec (F100LP+G140H/F170LP+G235H),9.97,0.3,M_UV_relation,0,32.365421166404815,1242831516.6380775,0.018320744579919945,0.0010544745750336623,24.923011448177977,5.88414032647366,8.58026965161001,7.837808239614067e+42,42.89419463375725,43.48777967462246,937.5735209326879,105.17970609725694,32.92419463375725,-8.33163276524051
43738,primer-uds-north,34.4243105632024,-5.1364909347605625,0.0407772463613361,0.0053863526663196,-99.0,-99.0,0.0488628476644805,0.005436378165051,,,0.0454675732545242,0.0138990701752619,-99.0,-99.0,0.0641538335581396,0.0045396995058939,,,0.0577509329426309,0.0119810936218046,0.0837846758973918,0.0038404606817274,,,0.3387287612709196,0.0032375187185232,0.4551147928485339,0.0032579091432513,0.8967104826815147,0.0055349849066443,0.0384723690677888,0.0164207886395382,0.7609768529956923,0.004686222264112,,,0.0042756318551283,0.0088662796793524,-99.0,-99.0,0.0442635419565714,0.0103020506014725,-99.0,-99.0,-99.0,-99.0,,,,,,,,,,,,,,,,,,,,,,,,,,,5.090068,5.0624433,5.212001,1.7000000000000002,0.166639072705296,45.41512111110986,0.1933435770622445,-18.88910495802235,0.1282019187879139,0.2769595205783844,0.3766811490058899,0.7878241729736328,68.96707932425939,93.7992621780625,196.1800486857217,Neutral,-1.24,1.33,0.1291,1.47,114.8,0.324,11.86,Neutral,2.94622326186047e-16,1.96,3.93,4.0,NIRSpec (F100LP+G140H/F170LP+G235H),9.73,0.3,M_UV_relation,0,31.696637005221536,1312655528.486321,0.01473920948283248,0.0006824930849096627,23.78188264376803,5.7856011555074645,8.301963545649006,4.8916310506850556e+42,42.689453692130094,43.70142518261946,574.0260931548535,62.622099886904714,32.9594536921301,-8.089504399669059
43932,primer-uds-north,34.386713074172285,-5.136108226081832,0.0591662354876194,0.0051516996940898,-99.0,-99.0,0.0501891752115849,0.0050577480332887,,,0.0386149618709448,0.0131399990707237,0.0481355934145636,0.0224707309580269,0.0768208113730922,0.0042230704476066,,,0.0504529628994161,0.0110009245916465,0.0961216408543328,0.0035503938327163,,,0.1955671707588598,0.0027509572963092,0.2492794522171978,0.0026302469904358,0.2217829615528485,0.0045167920372271,0.0148753149819438,0.0098940215182383,0.2445397279934735,0.0037725780216289,,,0.0303792191008778,0.0071268949193748,-99.0,-99.0,0.0595462515379489,0.0076924918845516,-99.0,-99.0,-99.0,-99.0,,,,,,,,,,,,,,,,,,,,,,,,,,,4.235388,4.013985,4.4050517,0.5,0.1392346220398253,44.25183242633032,0.3569631122433203,-18.820637438275337,0.1007974681224403,0.3708625066280365,0.4585700333118438,0.5937710046768189,100.63915287226968,124.4399173826422,161.1287467533771,Support,98.55,0.19,0.2563,0.0,63.05,0.544,3.18,Support,1.8040319622166372e-16,1.2,1.8,3.44,NIRSpec (F100LP+G140H/F170LP+G235H),9.54,0.3,M_UV_relation,0,32.929192060292124,1431022937.1712105,0.017936539584522234,0.0010107114677593571,25.440760043620845,5.350080571794532,6.9031188958133445,3.7940022702594076e+42,42.579097586188524,43.111250011267735,1131.8436045827757,197.9883448293101,33.039097586188525,-7.905409384589268
55902,primer-uds-north,34.3723692861514,-5.115911848045463,0.0040361920585011,0.0039592930110688,-99.0,-99.0,0.0045438470531618,0.0039846892243956,,,-99.0,-99.0,-99.0,-99.0,0.0199064789027784,0.0033734455214642,,,-99.0,-99.0,0.012749266871541,0.0027561092685089,,,0.0151996593579417,0.0023681685467718,0.0531698126201307,0.0022702216178522,0.1092217543006785,0.0044058171709616,-0.049777234883527,0.0121695005140932,0.1130102679733642,0.0034472954987206,,,0.0076179351037169,0.0092348660389004,-99.0,-99.0,0.0013224755826395,0.0109398234939281,-99.0,-99.0,-99.0,-99.0,,,,,,,,,,,,,,,,,,,,,,,,,,,8.670386,8.46465,8.837678,2.9000000000000004,0.1479949485730616,46.27189689771328,0.3206520180356842,-18.158123577049885,0.1095577946556769,0.3201575982570648,0.4179035723209381,0.6155620455741883,58.57271678425516,76.45530737967627,112.61685355848984,Null wins,-41.92,2.98,0.4041,0.63,46.75,0.01,5.68,Null wins,1.9433996278455655e-16,1.3,2.17,6.35,MIRI (unlikely),10.1,0.3,M_UV_relation,0,33.767270860441336,963590701.3340111,0.0163659258592228,0.0008414552637392039,26.079848439213627,6.333184722643235,10.412548790533588,1.2522036709043265e+43,43.097674968328306,43.740750362504514,700.9996122784863,108.03880482080396,32.997674968328305,-8.459113771012603
70813,primer-uds-north,34.21381277634704,-5.087049613041547,0.05645574974533,0.0090503116374295,-99.0,-99.0,0.0437425831858038,0.0085420241187225,,,-99.0,-99.0,-99.0,-99.0,0.0543455877996551,0.0071286646550677,,,-99.0,-99.0,0.0774826994554625,0.0060861783090344,,,0.2562148404245617,0.0046078136800348,0.4813231451267677,0.0046602832402254,0.2933622577732484,0.0079595405917132,-99.0,-99.0,0.3278291024459838,0.006696302788484,,,-99.0,-99.0,-99.0,-99.0,-99.0,-99.0,-99.0,-99.0,-99.0,-99.0,,,,,,,,,,,,,,,,,,,,,,,,,,,4.7062697,4.6112947,4.75521,0.7000000000000001,0.14337193000344,44.59105803194531,0.2874236248436628,-18.445861592288747,0.1049347760860559,0.305956711769104,0.3892896920442581,0.5610162568092346,79.14644655531956,100.70344797393987,145.1265537842708,Weak,5.45,0.0,0.1185,0.0,513.55,0.475,6.03,Support,9.992631310941229e-16,6.66,9.52,3.74,NIRSpec (F100LP+G140H/F170LP+G235H),9.47,0.3,M_UV_relation,0,32.61094686061549,1363845036.3167763,0.01523017362180739,0.0007287181410899252,24.767345813647943,5.4639113188645565,9.636753618339853,1.6002639910602339e+43,43.20419163271346,43.65092580448193,1541.2225907293987,177.59622039878775,33.73419163271346,-7.830006540789707
32928,primer-cosmos-east,150.14445146027904,2.3443942646772653,0.1195966842722848,0.004314047008952,-99.0,-99.0,0.0988186205433256,0.004179042615238,,,0.0880319880080254,0.0131922974896173,0.0786658898087646,0.0265027343118732,0.1092351322820811,0.0035038810556899,,,0.0943803473006529,0.0116979792014691,0.1797611738798571,0.003010615275256,,,0.4513465633851406,0.002420658720774,0.7705866874521365,0.0026998233950062,0.6874960284974239,0.0038441083275812,0.0021592503687389,0.0039776627543558,0.7332383751675383,0.0033461218796265,-99.0,-99.0,0.0737461342868267,0.0046801531812072,,,0.1264650013511438,0.0065434444119386,-99.0,-99.0,-99.0,-99.0,-99.0,-99.0,,,,,,,,,,,,,,,,,,,,,,,,,4.4581003,4.4134326,4.483596,1.7000000000000002,0.1480757783144918,45.31800454200084,0.3846992046121299,-19.62050335191405,0.1096386243971068,0.2904890584945678,0.3328708559274673,0.3979071497917175,77.05417359260461,88.29622998359365,105.54754369298516,Support,1073.88,0.86,0.2901,0.26,1674.74,0.173,6.71,Support,3.961418632959989e-15,1.32,2.26,3.58,NIRSpec (F100LP+G140H/F170LP+G235H),9.92,0.3,M_UV_relation,0,31.736952656381618,1398652404.3477774,0.013021406763361481,0.0005326791326833457,23.553116866252545,6.02811567851362,9.391761361178165,8.698563568323492e+42,42.93944754147239,43.74110734878241,677.0718894980424,90.56212415001207,33.01944754147239,-8.27911022657094
43445,primer-cosmos-east,150.12941198164475,2.3936625758734276,0.0029371165631354,0.0041330030914391,-99.0,-99.0,0.0048420620182532,0.0039231562204388,,,0.001132591095178,0.0110671503575835,-0.0005307784793758,0.0243508043935076,0.0094462248040453,0.0032404209242232,,,0.022426958764012,0.0098123326692345,0.0098648104106701,0.0026691889049711,,,0.0133543173859024,0.0017501800482938,0.0290846110394278,0.0016393420608518,0.016393577395743,0.0029800291705292,-0.006345265242202,0.0020808307374158,0.0361454043915147,0.0023552213313945,-99.0,-99.0,-0.0119150210213237,0.0071232810955598,,,0.0080544084758506,0.0052523310915958,-99.0,-99.0,-99.0,-99.0,-99.0,-99.0,,,,,,,,,,,,,,,,,,,,,,,,,5.696871,5.6990414,6.3429327,0.5,0.237696244202539,43.58499888292897,0.2514986918596545,-16.8612234852915,0.1992590902851567,0.4389157366752624,0.638830691576004,0.9640505003929138,103.10882292552908,150.07226935186785,226.47197179404077,Weak,4.6,2.2,0.5093,0.19,0.3,0.08,3.83,Support,8.355097498083088e-15,2.79,5.34,4.4,NIRSpec (F100LP+G140H/F170LP+G235H),8.97,0.3,M_UV_relation,0,35.00493290238836,1238080986.738121,0.025002125845916535,0.001963829349786874,28.237692268263825,4.617399100258085,6.0819216616444125,2.5930179585482876e+42,42.413805524576816,42.93550084232195,1411.2982642785937,377.37203442987163,33.44380552457682,-7.337183466693569
50988,primer-cosmos-east,150.17594858416723,2.4324329415506116,0.0846638180693808,0.0045917417316662,0.0488916151147925,0.0315876646733911,0.0964345116629105,0.0045325588925912,,,0.0915760629010686,0.0133700740516919,-99.0,-99.0,0.1184412810132794,0.003853314880318,,,0.0880645987982818,0.011485366187963,0.1958776115616607,0.0033481764960663,,,0.8499235551926799,0.0032758475009098,0.7677535251981767,0.0030682184944546,1.032207476830561,0.0047292490441718,0.0341813100314942,0.0057795195243177,1.146513173053595,0.0041212842181743,-99.0,-99.0,0.0620691347021114,0.0069864525207332,,,0.1065522386718934,0.0064316617212434,-99.0,-99.0,-99.0,-99.0,-99.0,-99.0,,,,,,,,,,,,,,,,,,,,,,,,,4.526494,4.401496,4.6140428,1.7000000000000002,0.14426930868483,45.45869859412608,0.2088706073440352,-19.50153564592179,0.1058321547674445,0.3585389709472656,0.4286957234144211,0.5302894902229309,94.44658009522357,112.92731964664192,139.68921894228828,Support,126.4,0.0,0.0897,0.0,1604.6,0.593,9.68,Support,1.3289529232774396e-14,4.43,7.41,3.63,NIRSpec (F100LP+G140H/F170LP+G235H),9.89,0.3,M_UV_relation,0,31.25161799979915,1388925838.7544615,0.016770480422340528,0.0008835698349429055,23.61722020141731,5.784401959613459,11.570908900921902,1.2280809568958632e+43,43.0892269968064,43.605355503008,1117.9234276123577,137.03475873599615,33.1992269968064,-8.250460168470639
25430,primer-uds-south,34.45335415712461,-5.27071720106125,0.0366092790089992,0.0053955807960791,-99.0,-99.0,0.0342340775462646,0.005426853665702,,,0.0303539458293863,0.0072763510883961,-99.0,-99.0,0.0233863409067107,0.00435989592453,,,0.0301769805639692,0.0083627388316601,0.0267333593998886,0.0036421987371702,,,0.0436611466301797,0.0032651436362138,0.0819951706644162,0.0032259459862093,0.2518721093248222,0.0065079532522594,0.0091025616846012,0.0117465966318664,0.1494159858038104,0.0050362766812799,,,-0.008790382353656,0.0075289095753735,-99.0,-99.0,0.0308820295134981,0.0072749764125745,,,0.0462351196625315,0.0220790877036245,,,,,,,,,,,,,,,,,,,,,,,,,,,7.1282,7.077977,7.1594224,2.7,0.1496442497963042,45.81265614941842,0.2629900058681433,-18.9639540098352,0.1112070958789193,0.2889542484283447,0.3544422388076782,0.5104809546470642,59.75723337569783,73.30048856467192,105.57010221034452,Neutral,-0.08,3.21,0.0002,3.35,5.65,2.5,6.39,Neutral,2.881997009226259e-16,1.92,3.84,5.33,MIRI (unlikely),10.15,0.3,M_UV_relation,0,33.464072960997036,1089527545.2700946,0.013876955511064167,0.000604976165097383,25.418418622543115,6.419786261352561,8.538334056233913,5.764819206545981e+42,42.7607856904239,43.23734409973435,1543.1125285526084,211.97524300096012,32.6107856904239,-8.514140990904085
47509,primer-uds-south,34.26460314475026,-5.232585427484487,0.0801031429553793,0.0093749664230949,-99.0,-99.0,0.0692692645795135,0.0089287404089944,,,0.0693731990198235,0.0143136310823618,0.0646262905637751,0.0256466277639774,0.0825561573013864,0.0075376747177705,,,0.0869717444062832,0.012328668157344,0.0852097269457188,0.0063348851248159,,,0.1114267578761694,0.0048484018437788,0.2732784568400901,0.0048373449117844,0.2176254986247429,0.0094029508628033,0.0144982453049924,0.0080813344917012,0.3912922306296359,0.0077800110101697,,,-0.006661651157683,0.0068968493338175,-99.0,-99.0,0.0253531723403649,0.0058598568136462,,,-99.0,-99.0,,,,,,,,,,,,,,,,,,,,,,,,,,,5.659403,5.6376305,5.6756616,1.8,0.1509495135314768,45.30803553078818,0.1548574933331351,-19.533665121566017,0.1125123596140937,0.6885333037376404,0.834689199924469,1.0265394973754882,162.31957508451498,196.7753709572188,242.00347915916177,Support,45.18,2.59,0.0002,1.67,1.31,2.5,4.74,Support,7.016255944672691e-16,4.68,7.67,4.37,NIRSpec (F100LP+G140H/F170LP+G235H),10.11,0.3,M_UV_relation,0,32.418812560338964,1242468593.761433,0.03266712099950596,0.0033525216800215905,26.2322415478884,5.522058520414391,7.461911166986742,7.43238906384041e+42,42.87112843504909,43.63921784372199,703.1725909401546,117.6165504274343,32.76112843504909,-8.470123041979196
50716,primer-uds-south,34.31315407240597,-5.226780942036896,-0.0009700061207826,0.0044055789771064,-99.0,-99.0,0.0137972161148645,0.0043003535664711,,,0.0177693475149361,0.0123624016692781,0.004784234333926,0.0226076602092313,0.0106886821793538,0.0035565239163112,,,0.0228861969553533,0.0107636912004609,0.0192988818006527,0.0029469239061188,,,0.0241666478826802,0.00207401938329,0.0759308306332931,0.0021706298611266,0.0852860259793552,0.0041082488829628,-0.0138112617198646,0.0075813125487439,0.1382567258517753,0.0034189561099167,,,0.0034108707285091,0.0039122379194744,-99.0,-99.0,-0.0006630429876758,0.0028234664073679,,,-99.0,-99.0,,,,,,,,,,,,,,,,,,,,,,,,,,,7.8636265,7.0689373,8.02955,2.7,0.098105779633423,45.9216824163476,0.3492920359707093,-18.313102814447895,0.098105779633423,0.2912722086906433,0.3590084463357925,0.5050532674789429,56.71564726631773,69.90504346274642,98.34245119986656,Null wins,-98.71,2.45,0.4634,0.59,101.54,0.01,12.93,Null wins,3.8488258234927637e-16,2.57,5.01,5.82,MIRI (unlikely),10.01,0.3,M_UV_relation,0,33.54834995264308,1025699787.3785404,0.014057684292491705,0.0006208367890693285,25.530793562896346,6.320982979867016,8.433626176197514,3.2786937102478406e+42,42.51570083363676,43.38947776250609,491.6656889057132,83.55871001404054,32.50570083363676,-8.372615577025126
55783,primer-uds-south,34.270711521139155,-5.2176792889822154,0.0703573292287908,0.0094320753105026,-99.0,-99.0,0.0831106162945139,0.0093228496348984,,,0.0670244191866858,0.0127940692102128,0.0829554034953696,0.0238821094776603,0.0974618079524775,0.0075850944051188,,,0.0801756840155357,0.0115146322784142,0.1236675317996929,0.0061980290683867,,,0.3944180587503904,0.0046791469449244,0.9305339362495152,0.0091423288649603,0.6019626434484446,0.0088661457407605,-0.002810117986509,0.0068019367247408,0.6631813257795897,0.007937628526726,,,0.0334818925760707,0.0046855651764461,-99.0,-99.0,0.0715308750848547,0.0047781199103455,,,-99.0,-99.0,,,,,,,,,,,,,,,,,,,,,,,,,,,4.6260314,4.5411806,4.71215,1.4,0.1516399377369516,45.17508989809598,0.1808250973272643,-19.292877225315063,0.113202783819565,0.3396940565109252,0.4216714799404144,0.5729617261886597,88.58625364646302,109.96452826156413,149.41837171717333,Neutral,-0.33,0.37,0.1898,0.49,838.65,0.132,6.8,Neutral,6.866975112841123e-16,4.58,7.57,3.69,NIRSpec (F100LP+G140H/F170LP+G235H),9.81,0.3,M_UV_relation,0,31.845984900746732,1374952061.3111799,0.016496453992906272,0.000854931015818167,24.17581258330346,5.7274947690409554,11.600440157763199,2.0670738733888484e+43,43.31535599778208,43.835224410770586,1302.6089545673942,129.9350836308389,33.505355997782075,-8.168176765769623
69772,primer-uds-south,34.471126609335464,-5.190443860816161,0.0501884272735921,0.0092496377796527,0.0461791011937656,0.0098402752716008,0.0595559813985348,0.0092393149079539,,,0.0581075856877199,0.0130258145919455,0.0541279356588994,0.0217999216807026,0.0689523153732568,0.0073997626219807,,,0.0487593645229162,0.0113927895574573,0.0616409990290103,0.0059658580281243,,,0.1465260796965684,0.0041296399949157,0.3334817374641169,0.0041369347369768,1.0161859221356742,0.0075802936133248,-0.0146905652990148,0.0126201703404191,0.713663673564827,0.0060361297989328,,,-0.0015092441498118,0.005212373808104,-99.0,-99.0,0.0424703181582463,0.0057933789283675,,,-99.0,-99.0,,,,,,,,,,,,,,,,,,,,,,,,,,,5.4293756,5.3952494,5.462143,2.7,0.151505895707291,45.900065719599525,0.1991598059594115,-19.194279411718135,0.1130687417899078,0.2634776830673218,0.2888847589492798,0.3506984150409698,63.486698745341045,69.60870252850678,84.50311376271567,Neutral,0.03,3.65,0.0406,3.79,0.98,0.849,10.35,Neutral,5.335686065124015e-16,3.56,6.4,4.22,NIRSpec (F100LP+G140H/F170LP+G235H),9.93,0.3,M_UV_relation,0,31.7663316444079,1270021494.7502253,0.011305193720257626,0.00040151880478747387,23.275596369155654,6.244672922392557,9.09163499279163,2.0312369851999155e+43,43.30776059502066,43.84605659553506,1464.5815500122974,165.609946471713,33.37776059502066,-8.288069459899084
19354,ceers-full,214.8997085945354,52.81284265178295,,,-99.0,-99.0,0.010481305726771,0.0018734108969886,,,0.0184278236532515,0.0119634815294575,-0.0250609224269779,0.0223798548891582,0.0183961024957554,0.0034460859363445,,,0.0047903427413477,0.010460282003498,0.0139590357761505,0.0024236812682565,,,0.0699715330137492,0.0020099992742002,0.1539045701628017,0.0017880346691333,0.2582322969117064,0.0039527435095889,-0.0009266898160442,0.0047991100633392,0.2034118053108284,0.0026860025902098,,,-0.0006896105624819,0.0045550545960189,,,0.0199603611295181,0.0045847720620461,-99.0,-99.0,,,,,-99.0,-99.0,-99.0,-99.0,,,,,,,,,,,,,,,,,,,,,5.4279175,4.9884915,5.460921,1.6,0.0877486662723113,44.85664388655694,0.2305990953506303,-17.186823340763663,0.073817727123556,0.2543510687351227,0.2628698199987411,0.284073498249054,61.29614395227487,63.349080495239264,68.45896157736827,Neutral,1.87,1.41,0.1471,1.53,137.72,0.01,11.06,Neutral,1.6388532746147328e-16,2.05,4.1,4.22,NIRSpec (F100LP+G140H/F170LP+G235H),9.06,0.3,M_UV_relation,0,33.1291252366491,1270199573.2268791,0.010287122089921056,0.0003324586683802807,24.433469389242298,5.456519368940459,12.017115209131902,2.7133394624384078e+42,42.433504128601925,43.46080811306833,470.01918918580486,42.61027965702955,33.37350412860192,-7.421902202640818
22049,ceers-full,215.1370824993564,52.98855485797787,,,0.0131231212711353,0.0047429601721611,0.0197333989596358,0.0019856327682148,,,0.0164384299199591,0.0062411795757758,0.0022387772646285,0.0206744426097356,0.0204833755237493,0.0028328126283099,,,0.016650928256894,0.0067015756949158,0.0257020597056507,0.002322982009513,,,0.0567542749310868,0.0017840781393029,0.0894943190763462,0.0015977039074457,0.2979785643620653,0.0037772968039359,-0.0020390980213467,0.0031741087165509,0.2194531713745404,0.0031518280300116,,,-0.0027129792400459,0.0040444480935249,,,0.0064930187123403,0.0041726760809632,-99.0,-99.0,,,,,-99.0,-99.0,-99.0,-99.0,,,,,,,,,,,,,,,,,,,,,7.1350226,7.1239777,7.165127,2.5,0.1538090318085385,45.85823895245412,0.2957762614349293,-18.669637759181754,0.1153718778911532,0.2563306939601898,0.2691074162721634,0.3017118513584136,52.980066776621534,55.6208414369509,62.35973454957922,Null wins,-18.03,4.51,0.3229,4.37,109.87,0.01,10.71,Null wins,6.002687126493118e-16,7.5,10.2,5.34,MIRI (unlikely),10.02,0.3,M_UV_relation,0,33.04671096896166,1088900235.4210453,0.010535981613188422,0.0003487384884092152,24.402960670935556,6.52952489075456,9.740430571614649,4.797181334277504e+42,42.68098613518208,43.26255857986003,888.5436467412801,142.2057699209676,32.660986135182085,-8.38388779963904
23054,ceers-full,215.07825941225204,52.94849717876277,,,0.0168575866910352,0.0112658679940659,0.0219752536495872,0.0020936324614568,,,0.0211574739520232,0.0097239393436099,0.0471496380261914,0.0214658289874643,0.0186780097743542,0.0027894366863934,,,0.0107197971062112,0.0089624085312756,0.0286207828477658,0.0022928585400703,,,0.0324685166304719,0.0017583694232203,0.0865863497184887,0.0015584939338329,0.1166807470616088,0.0035901667511906,0.0104006954680872,0.005987448314235,0.1012552025531168,0.0030008419555128,,,-0.0073013506710309,0.0042714621259283,,,0.0005979497719891,0.0044501719521889,0.0272827817948028,0.0157916049208383,,,,,-99.0,-99.0,-99.0,-99.0,,,,,,,,,,,,,,,,,,,,,6.8682966,6.832023,7.3080564,2.1,0.1958350985847766,45.27174315522322,0.3953188737031439,-18.58860646729115,0.1573979446673927,0.2690939998626709,0.3040479123592376,0.3899778544902801,56.89432565756724,64.28460296438449,82.45270078088893,Neutral,-0.02,0.0,0.0,0.07,3.73,2.5,5.42,Neutral,3.283839764833334e-16,4.1,7.05,5.16,NIRSpec (F100LP+G140H/F170LP+G235H),9.94,0.3,M_UV_relation,0,33.886522255354016,1113950445.7928214,0.01190327961223768,0.00044512618576132815,25.507730114331153,6.323786068096718,3.533950760470007,2.2822919109282225e+42,42.358371189990805,43.3940325588961,369.70088014127646,124.69902463855966,32.41837118999081,-8.302569989495126
28748,ceers-full,214.92414994156533,52.84905137748051,,,-99.0,-99.0,0.0432980212188234,0.0021978283067976,,,0.0477387092296183,0.0143992570649611,0.0649925988573296,0.0268224321738904,0.0543868500067924,0.0044645069559556,,,0.0491117837202791,0.0113749462651204,0.0894920151093814,0.0030373053437473,,,0.3331903510436532,0.0031062387352653,0.6266683464195812,0.0030143496951523,0.5088498959106351,0.005150695114671,-0.0207984109431843,0.0071682536919972,0.5560728343814113,0.0038686392586203,,,0.0254098058409208,0.0069782294303247,,,0.0385722340727213,0.0075794756377255,-99.0,-99.0,,,,,-99.0,-99.0,-99.0,-99.0,,,,,,,,,,,,,,,,,,,,,4.7529554,4.641189,4.787233,1.3,0.1379359751926906,45.052664802125385,0.3119492386880631,-18.489657343260586,0.099498821275306,0.2516366934776306,0.2550037503242492,0.2637487590312958,64.79062772379203,65.65756697521525,67.9092044282004,Neutral,-0.62,0.02,0.2231,0.14,2516.82,0.01,10.22,Neutral,9.7353690145617e-17,1.22,1.86,3.78,NIRSpec (F100LP+G140H/F170LP+G235H),9.49,0.3,M_UV_relation,0,32.03723642435992,1357447251.2852423,0.009976710357857575,0.0003126976380089926,23.275047926287726,5.855430429287553,10.455018039638581,6.342542966596262e+42,42.80226341722766,43.673089473914274,672.1439213533833,71.00942293715747,33.312263417227655,-7.849786084606853
29421,ceers-full,215.0220706743329,52.920785903564735,,,-99.0,-99.0,0.0314350435121174,0.0020086950212598,,,0.0306883115386836,0.0098382790413196,0.0211837101167914,0.022015637107261,0.0326230169226104,0.0027871581193593,,,0.020357763435404,0.00797172642129,0.0311243769445105,0.0023438062601678,,,0.0855045541816068,0.0021759537903077,0.2185403146891782,0.0018108893846339,0.1284163884743659,0.0033508484971267,-0.0090253711171735,0.0038176119146922,0.1387632104903372,0.0025942215829067,,,0.0084694941426806,0.0036086534469056,,,0.0243970059370173,0.0039847251562328,-99.0,-99.0,,,,,0.0200150448920849,0.0064349141701905,0.0169748008119836,0.005787624545483,,,,,,,,,,,,,,,,,,,,,4.785098,4.748391,5.695939,1.4,0.287521832620298,44.50431842537272,0.2626844608404779,-18.16778658143024,0.2490846787029124,0.258755509853363,0.2759570777416229,0.3196567487716675,66.40964456961704,70.82442982441934,82.03995765050917,Weak,2.04,0.0,0.0,0.13,1979.01,0.54,4.25,Support,1.7817677872216643e-16,2.23,4.43,3.8,NIRSpec (F100LP+G140H/F170LP+G235H),9.36,0.3,M_UV_relation,0,33.544379773967506,1353070096.9449983,0.010796632820958491,0.00036620691134705343,24.953696114949175,5.659633826205383,11.355897640028996,6.089302094570052e+42,42.78456752023671,43.32191877350218,1407.6615295252527,131.1815632212944,33.424567520236714,-7.7232923162597915
36985,ceers-full,214.99097734698265,52.91652307509784,,,0.0117483850447914,0.0169241177178664,0.0150275311386542,0.0019363390929159,,,-0.0050261751002267,0.0116028290849121,0.0241658017065478,0.0168082687034482,0.0180072474158705,0.0027575935105922,,,0.011070863889644,0.0124060208878216,0.0205358022945783,0.0022319515637432,,,0.0661849296959468,0.001887785296107,0.1410958492581205,0.0016998095259302,0.1896813524374709,0.0035471052631543,0.0048710265849046,0.0032176083286525,0.2600367305809652,0.0028147752383741,,,-0.0023144297047625,0.0032043550330182,,,-0.0018347926275109,0.0035914870783996,-99.0,-99.0,,,,,0.01957102325529,0.0033403802669318,0.0155395584124535,0.0034658843617485,,,,,,,,,,,,,,,,,,,,,5.6537137,5.4715405,5.68237,2.0,0.1293724728983626,45.14674366269438,0.1252539745620715,-17.58230214992759,0.0909353189809785,0.2532978975772857,0.2600746750831604,0.2776502239704132,59.74621641746252,61.34467743649027,65.49028052880611,Null wins,-131.33,2.62,0.3101,3.48,133.78,0.01,14.44,Null wins,1.3700832101818362e-16,1.71,3.38,4.37,NIRSpec (F100LP+G140H/F170LP+G235H),9.27,0.3,M_UV_relation,0,32.862478879644,1243137256.029474,0.010178489808801663,0.0003254741975813475,24.1437702920719,5.694446225620981,10.110770855530884,4.083267925093872e+42,42.61100787710377,43.64981482053301,469.4556636627226,47.08718343353627,33.34100787710378,-7.630017594400364
41179,ceers-full,214.89247914214488,52.85689049273915,,,-99.0,-99.0,0.0433415453402849,0.0030904636179128,,,0.0450477778821195,0.0145024384181906,0.0513042562818985,0.016755944981826,0.0546248149494663,0.0035505189901595,,,0.0373710153946204,0.0107898736152877,0.0601581893205964,0.0040145068547266,,,0.0711997689844228,0.0021042723955439,0.2013277387321027,0.0022468177607473,0.1870869490771782,0.0040475433606721,-0.0172679538443769,0.0054750792937601,0.194694606030246,0.0034959862744573,,,-0.0057743267427806,0.0039930150193815,,,-0.0048129890265681,0.0045296849341748,-99.0,-99.0,,,,,-99.0,-99.0,-99.0,-99.0,,,,,,,,,,,,,,,,,,,,,7.24225,6.946541,7.348452,2.1,0.1306177506967779,45.66095629776442,0.3170919482272631,-19.62426284772767,0.0921805967793929,0.2602664613723754,0.2803294360637665,0.3307996094226837,53.31210732637896,57.4217396408689,67.75988034752677,Support,13.88,0.0,0.1345,0.0,69.26,0.65,3.56,Support,9.458067194140433e-17,1.18,1.71,5.41,MIRI (unlikely),10.45,0.3,M_UV_relation,0,33.176680823139954,1079131479.4904418,0.010975581152184088,0.0003784468747496695,24.621693130997144,6.931847308632517,3.919352610751379,8.992418344555888e+42,42.953876502798465,43.75047778605335,673.6196568118824,201.45892142655214,32.50387650279846,-8.80901719981393
41913,ceers-full,214.79536842274857,52.78884586799004,,,-99.0,-99.0,0.0424816923649643,0.0023663905464898,,,0.0571719750582818,0.0129684013212371,0.0369359928432873,0.02141604689,0.0644489859060268,0.0029000804395107,,,0.0567604506843873,0.0103045769378328,0.0988030931785945,0.0023984728916412,,,0.4083828397907793,0.0024454292499234,0.5853702745030135,0.0026686384130726,2.4838023925676183,0.005377101307669,-0.0088419266118902,0.0038343746189009,1.5833884306465689,0.0044220905652058,,,-0.0030791211744203,0.0047527447567223,,,0.0249139320734761,0.0046088352286684,-99.0,-99.0,,,,,-99.0,-99.0,-99.0,-99.0,,,,,,,,,,,,,,,,,,,,,5.2459974,5.230355,5.2715006,2.3000000000000003,0.1532612681553131,45.98620337645674,0.349030381715375,-18.93364999102481,0.114824114237928,0.2504289269447327,0.2513043880462646,0.2535682535171509,61.41907554818277,61.63378721184913,62.18901270470114,Null wins,-12.06,4.54,0.1775,4.68,4011.77,0.01,24.57,Null wins,3.316044546919334e-16,4.15,7.09,4.1,NIRSpec (F100LP+G140H/F170LP+G235H),9.78,0.3,M_UV_relation,0,30.90109695389904,1292762833.6326876,0.009833894345127943,0.00030380921921885275,22.10759932533878,6.200362290705325,10.073670862061974,4.127720384322472e+43,43.61571027002111,44.12420105121413,1538.030824617042,150.06651733642985,33.83571027002111,-8.135323145223165
42093,ceers-full,214.88679187567013,52.85538075151782,,,-99.0,-99.0,0.0178474120628904,0.0028892600632992,,,0.016535981871337,0.0130313792619506,0.0299034215626603,0.0181585055675614,0.0263241480959321,0.0034282590073553,,,0.0263582964924711,0.0107773662341364,0.0328961017415457,0.0028966618791967,,,0.1488536409064028,0.0020615154942301,0.3726004569422859,0.002348246036047,0.5762234063037093,0.0047697982372276,0.0018632571282574,0.0055922831641732,0.4399054869462038,0.0033796162698511,,,-0.0033505968614512,0.0045274497573725,,,0.0041532420889141,0.0050453227969254,-99.0,-99.0,,,,,-99.0,-99.0,-99.0,-99.0,,,,,,,,,,,,,,,,,,,,,6.445882,6.1138897,6.5670567,1.7000000000000002,0.1245406507622158,45.65235383989167,0.2119905319275574,-18.03659712011666,0.0861034968448333,0.2520535373687744,0.2563445270061493,0.2675932335853577,55.29471054961846,56.23605433097119,58.70376012414517,Support,418.67,1.33,0.3745,0.0,745.73,0.01,16.71,Support,9.814333468800684e-17,1.23,1.9,4.89,NIRSpec (F100LP+G140H/F170LP+G235H),9.62,0.3,M_UV_relation,0,32.291667174855434,1155938498.0193157,0.01003472915423563,0.00031634515159458557,23.54207013163588,6.119970316317856,13.118478224146937,7.305143487995935e+42,42.86362875078551,43.60866589109284,823.3917772778128,73.76775048353852,33.24362875078551,-7.980427199384798
48983,ceers-full,214.89224818634747,52.8774094024243,,,-99.0,-99.0,0.0504266253872497,0.001982759242616,,,0.0562737801207739,0.0123414145009841,0.0638554929201249,0.0129891011680181,0.0657612154918646,0.0023699855149745,,,0.0457537143239423,0.0108076075075052,0.0815197233763452,0.0016808090162946,,,0.1398073918989535,0.0017309610338061,0.543450232645672,0.0022294094778,0.5734243461605857,0.0046070292402333,0.0039895226659536,0.0047961878235139,0.7843137087323472,0.0028485356109157,,,-0.0004072151544602,0.0038030675451666,,,0.0009586430027644,0.0041859989376215,-99.0,-99.0,,,,,0.0782948529792658,0.0039185726969053,0.0831283998865369,0.0042949260957326,,,,,,,,,,,,,,,,,,,,,7.136761,7.055029,7.1732492,2.7,0.1467530478661451,46.551223114205406,0.3825296773075389,-19.866323724443145,0.1083158939487614,0.2504260671138763,0.2512909173965454,0.2535218334197998,51.752092242711186,51.93081889094175,52.39185145497073,Null wins,-11.97,0.99,0.2502,1.12,64.62,0.01,11.93,Null wins,8.516992629400206e-17,1.06,1.02,5.34,MIRI (unlikely),10.54,0.3,M_UV_relation,0,31.663841107405286,1088740507.5122619,0.009838442020510072,0.00030409027677842643,22.87134744213765,7.109149658025244,8.031413891928928,4.743478646816098e+43,43.676096949905215,44.33874260752753,1145.841922066517,139.0087515702191,33.136096949905216,-8.893216627106856
55490,ceers-full,214.9830263067039,52.95600124785248,,,-99.0,-99.0,0.0584413235985406,0.0025851514662691,,,0.0644980238509596,0.013760140983837,0.0748506918223428,0.025283359499087,0.0957451028504416,0.0030189833958148,,,0.0879887974596688,0.0112539847764331,0.1165858469840617,0.0024268371174662,,,0.1596391857399365,0.0023215679640218,0.5207305211572331,0.0026106316099669,0.9214720960333936,0.0046672730346476,0.0030834069778691,0.0041170193651836,0.8250980735835631,0.0040827560826776,,,0.0029570363967199,0.0046641326605845,,,-0.0081942916540541,0.0050014784467243,-99.0,-99.0,,,,,-99.0,-99.0,-99.0,-99.0,,,,,,,,,,,,,,,,,,,,,7.1493306,7.170905,7.8895087,2.7,0.229968269400324,46.63980570648944,0.2088318579521318,-20.138818844791903,0.19153111548294,0.2512353610992431,0.2537710070610046,0.26035569190979,51.86446125211793,52.387914284993016,53.74724177258475,Neutral,1.03,1.72,0.2981,1.84,20.44,0.015,8.62,Neutral,2.0996636662846546e-16,2.62,5.1,5.35,MIRI (unlikely),10.66,0.3,M_UV_relation,0,31.608801689438607,1087586922.5238786,0.009935567370484667,0.0003101238863704086,22.83763973385608,7.221537783464851,11.366781301158753,6.985986612170077e+43,43.84422774850189,44.374955439946206,1214.7132196338837,126.76283927293403,33.1842277485019,-9.012862070042656
61323,ceers-full,214.97244135966025,52.962192664107064,,,-99.0,-99.0,0.0028583190054962,0.0022085144003821,,,0.0078587126789421,0.0120216981604401,-0.0114240595970286,0.0215237043938241,0.0136949703724409,0.0026725101418703,,,-0.0037023373801586,0.0096815651817871,0.0115979289019593,0.0020508944099786,,,0.0339081411470382,0.0021141761207124,0.0707751638122999,0.0019848305966308,0.1538497460273238,0.0038311505108708,-0.0051850340017093,0.0036432408044478,0.1201372002322296,0.0032040289705904,,,0.00530280666055,0.0034515533894938,,,1.2308567103884006e-05,0.0042553799360139,-99.0,-99.0,,,,,-99.0,-99.0,-99.0,-99.0,,,,,,,,,,,,,,,,,,,,,7.1270275,7.0248647,7.154603,1.7000000000000002,0.1435200107361484,45.2046221571001,0.2586889840961917,-17.347349668703913,0.1050828568187647,0.2665808057785034,0.2976052314043045,0.3744886040687561,55.13573832183435,61.552384141078534,77.4538347505774,Neutral,-0.64,2.31,0.3306,2.45,38.26,0.01,8.77,Neutral,2.1959555036924636e-16,2.74,5.28,5.33,MIRI (unlikely),9.45,0.3,M_UV_relation,0,33.700871855773066,1089635421.6220758,0.011651697680642234,0.0004265090866913736,25.27569257617251,5.871510241297612,7.978483933571669,2.5331607179878912e+42,42.403662742494,43.3627950676825,591.7510122630811,78.91545591997426,32.953662742494004,-7.812882731927506
71321,ceers-full,214.80914693119064,52.86847974477716,,,-99.0,-99.0,0.0116785306795635,0.0029299020776033,,,0.0209836403936762,0.0151805577854887,0.0902487475700756,0.0674814610189081,0.0154361415211154,0.0036938923475344,,,0.0096387850319529,0.0118186376904419,0.0133514309525581,0.0029023882508034,,,0.023279500120438,0.0022787958100973,0.0640134534516145,0.0023288614365739,0.0933881610075488,0.0044121736777267,0.0038766915206077,0.0070667210329855,0.1340886831196148,0.0040597120735516,,,-0.0036102042421459,0.0051719007802813,,,0.0085995251432029,0.0073450986270364,-99.0,-99.0,,,,,-99.0,-99.0,-99.0,-99.0,,,,,,,,,,,,,,,,,,,,,7.12932,7.001512,8.267947,1.9,0.2514477410701574,45.23573342379128,0.3194650329039461,-17.670248617420484,0.213010587152775,0.2690527975559235,0.3064061403274536,0.3991165912151336,55.6362645807176,63.36040081081617,82.53159405556387,Neutral,-0.04,3.57,0.1791,3.69,2.05,0.01,8.69,Neutral,1.6296719906150754e-16,2.04,4.07,5.34,MIRI (unlikely),9.59,0.3,M_UV_relation,0,33.581585308266604,1089424518.3357153,0.01199627220911845,0.00045210831696309423,25.219691549187633,5.986364168223011,10.79335346185145,2.9137059010425335e+42,42.46444571319819,43.184255499906236,600.3361400623721,89.63959304097335,32.874445713198185,-7.954674563274055
13074,primer-cosmos-west,150.07167339071867,2.200406394279048,0.0776181240776554,0.0082943383755105,0.0678729144816498,0.0124261714346972,0.0758422165411595,0.0063327333761196,,,0.0739636307577956,0.0051979958613811,-99.0,-99.0,0.0713047750202976,0.0052293586945665,,,0.0703336946362376,0.0063509628913512,0.0797260412798518,0.0059414199117709,,,0.331430377069265,0.003655067119252,0.4070871199809361,0.0058959461464121,1.3831647844387147,0.0127209626249685,-99.0,-99.0,1.0164631890035505,0.0050231696823454,-0.0027104319366214,0.0123001930735838,0.0106180300899287,0.0075909645397625,,,0.0690944212032235,0.0090152843970447,-99.0,-99.0,0.1282808898213769,0.0282902829644822,,,,,,,,,,,,,,,,,,,,,,,,,,,5.214783,5.190713,5.2351785,2.5,0.1511521847071333,45.89264614167283,0.1642286728751524,-19.42674007854113,0.1127150307897491,0.2837561810016632,0.324107751250267,0.3980768918991088,69.80412757924077,79.73062908385373,97.92706558984229,Neutral,-1.38,2.92,0.1168,3.09,389.55,0.386,14.26,Neutral,9.921607309230248e-15,3.31,6.08,4.08,NIRSpec (F100LP+G140H/F170LP+G235H),9.98,0.3,M_UV_relation,0,31.38233648383899,1296703801.1180284,0.012682648260768209,0.000505323817726142,23.141260905286824,6.176749618519206,9.856465811079584,2.0481403723216743e+43,43.311359718334494,43.852677063236925,1069.4187553961315,163.15778307428909,33.3313597183345,-8.33800388922375
28491,primer-cosmos-west,150.07802737195297,2.277624990798764,0.0369511872195349,0.005133493237073,-99.0,-99.0,0.0395417706914291,0.0049439722331849,,,0.0309684886269144,0.0114815373598477,0.0528172902501279,0.0134264148336386,0.0369712452976726,0.0041515675610293,,,0.0580856382533918,0.0103169774011092,0.0654837594018031,0.0035465950091396,,,0.0881579804938034,0.0032264885425211,0.2709028267478542,0.003139952548655,0.282525725461042,0.0063622690193339,-99.0,-99.0,0.4767846246713418,0.0054682651381009,0.0211610641823302,0.0155252316076272,-0.0025545430127862,0.007063244436564,,,0.0052269519324492,0.0068674601715616,-99.0,-99.0,-99.0,-99.0,,,,,,,,,,,,,,,,,,,,,,,,,,,5.5851088,5.5770946,6.7469363,2.0,0.3007649713617042,45.3842027117874,0.3091551125287711,-18.859319987185717,0.2623278174443211,0.2868648111820221,0.3351462185382843,0.4311795020103454,68.10390085680001,79.56627634394629,102.36531255053174,Support,84.27,3.3,0.2584,2.93,4.77,0.01,12.9,Support,3.434535457000913e-15,1.14,1.52,4.32,NIRSpec (F100LP+G140H/F170LP+G235H),9.81,0.3,M_UV_relation,0,32.20426001765847,1251251110.1022637,0.013116262481271856,0.0005404681065365552,24.03618519509382,6.008541932391532,9.193615141413932,5.405971079993159e+42,42.73287371797116,43.643403600774235,581.7075260231477,71.9304416582998,32.92287371797116,-8.170081387611772
28500,primer-cosmos-west,150.08282077961337,2.277725899482126,0.0123754523039463,0.0041590735272333,-99.0,-99.0,0.0216364166683281,0.0040851208137293,,,0.0174968990343307,0.0138075714372884,0.0157778482449106,0.0127159875084929,0.0176762112237641,0.0034306049847799,,,0.0174466806589762,0.0124672292358863,0.0205945886335075,0.0028340469777044,,,0.0498922979386423,0.0023484345410049,0.119473800798627,0.0022842436160451,0.3514829814242541,0.0046297685617031,-99.0,-99.0,0.2827961729428541,0.0038417168137002,-0.0004481642153285,0.0123807155662239,0.004399972330236,0.0066511597126527,,,0.0362896532615578,0.0060214657455375,-99.0,-99.0,-99.0,-99.0,,,,,,,,,,,,,,,,,,,,,,,,,,,5.42897,5.4275904,8.876109,2.8000000000000003,0.5350214733686594,45.4485849337121,0.267629061864696,-17.950203707308827,0.4965843194512729,0.2726912796497345,0.3139107674360275,0.4094876337051391,65.70933081603854,75.64182650308877,98.67260303581917,Neutral,-0.01,4.26,0.0587,4.4,1.13,0.565,16.0,Neutral,3.369626321166387e-15,1.12,1.4,4.22,NIRSpec (F100LP+G140H/F170LP+G235H),9.39,0.3,M_UV_relation,0,32.77138180254864,1270071026.4977558,0.01228455812166909,0.00047409890422797315,24.46105418141609,5.632475985813819,9.451992623720866,5.997364276287222e+42,42.777960428405486,43.4699015558723,780.7265404247612,115.47646743098373,33.387960428405485,-7.7518113433332
32535,primer-cosmos-west,150.07197125377567,2.297260415195796,0.0803087414187168,0.0068495974245586,0.1949353147876527,0.0174074565583288,0.1196585601737152,0.0067837681727343,,,0.1323730393603865,0.0167473542272717,0.2272232733461813,0.0134319822610414,0.1062767045157801,0.0057886141761813,,,0.1618150389357296,0.0124597767336555,0.132498448406635,0.0048016672074155,,,0.2858067601310361,0.004167392554848,0.4311059802433917,0.0041445372647852,0.2827265020885377,0.0069713159568384,0.0217294768643312,0.0074538635427499,0.3174112312721148,0.0058330275399027,-99.0,-99.0,0.0352126280182114,0.0136953649583314,,,0.103047045536987,0.0079977300389434,-99.0,-99.0,-99.0,-99.0,,,,,,,,,,,,,,,,,,,,,,,,,,,5.7491784,5.621197,5.821501,0.6000000000000001,0.1436628154871033,44.85069335495111,0.2210740745460426,-20.23449898226678,0.1052256615697171,0.2917317688465118,0.3503079116344452,0.4691515135765076,68.19738422543249,81.89057825756488,109.67234099263868,Null wins,-150.8,0.0,0.5401,0.0,481.7,0.178,2.99,Null wins,3.2241122502664104e-15,1.07,1.09,4.43,NIRSpec (F100LP+G140H/F170LP+G235H),10.43,0.3,M_UV_relation,0,32.646009897889165,1232001866.2511816,0.013710336475133908,0.0005905356208536116,24.574125145877247,6.603532124345528,9.594263722594366,2.760289623820099e+42,42.44095465287042,43.021447442720756,1096.7197203887422,175.6726572190194,32.01095465287042,-8.796314982005004
44446,primer-cosmos-west,150.10690911630107,2.360047767613252,0.0111626929199947,0.0043277846444914,-99.0,-99.0,0.0403350453549099,0.004144592611917,,,0.0355472352667044,0.0140189141153873,0.0215468995495143,0.0229077703311796,0.036985065465734,0.0034523784586546,,,0.0399692845972801,0.0118116778425438,0.0569244076308517,0.002880767161077,,,0.0555638479269845,0.0019463189538551,0.1397473594438591,0.0019396492381083,0.271535716804404,0.0041574166913027,0.0005524395863337,0.0023534338386821,0.2203831928695332,0.0034133607334251,-99.0,-99.0,0.0006950591190794,0.005125531521782,,,0.0013647569924728,0.0056624933318713,-99.0,-99.0,-99.0,-99.0,,,,,,,,,,,,,,,,,,,,,,,,,,,7.1314645,7.051945,7.176915,2.8000000000000003,0.1479619778908045,46.04366739900886,0.3844393902464647,-19.331198491900594,0.1095248239734196,0.4220469236373901,0.5270058512687683,0.6707552433013916,87.2575043840057,108.95758931533,138.67753869295305,Neutral,0.22,2.12,0.2233,2.25,16.58,0.355,5.96,Neutral,5.626546500262821e-15,1.88,3.74,5.34,MIRI (unlikely),10.31,0.3,M_UV_relation,0,33.042119445407536,1089227301.5044413,0.020633101216876636,0.0013374541109290726,25.857816670342242,6.235485028164922,10.039756442415356,1.6297898434177046e+43,43.21213160689523,43.89371809805111,1052.897072668684,105.0482041636925,32.902131606895225,-8.6675976298847
50300,primer-cosmos-west,150.12941197066553,2.393662555256823,0.0028891091407437,0.0042738077069551,-99.0,-99.0,0.0056604514868364,0.0040572289686437,,,0.0015488798929865,0.0111054796091269,-0.0011463289123322,0.0244517864106741,0.0096897224142075,0.0033505682313189,,,0.0217592618587434,0.0098542914325708,0.0101089218844759,0.0027597208889474,,,0.0133538328384229,0.0017576809069785,0.0295682924406417,0.0016470937030982,0.0162332841511973,0.0029927812648313,-0.0062484226870381,0.0020898590027698,0.0361195470620122,0.0023652430888447,-99.0,-99.0,-0.0125670651502211,0.0071539787627851,,,0.0083301245298894,0.0052752388185547,-99.0,-99.0,-99.0,-99.0,,,,,,,,,,,,,,,,,,,,,,,,,,,5.6961317,5.699774,6.350695,0.5,0.2389749481458371,43.58742661508635,0.3086435756776302,-16.937448374384132,0.2005377942284543,0.4389157366752624,0.638830691576004,0.9640505003929138,103.11598490109166,150.08269342514518,226.48770261785947,Weak,5.25,2.19,0.4502,0.08,0.3,0.146,3.73,Support,9.968276637766946e-15,3.32,6.1,4.39,NIRSpec (F100LP+G140H/F170LP+G235H),9.01,0.3,M_UV_relation,0,35.005709883191166,1238167292.7758913,0.0250021196165943,0.001963828371204142,28.23846870804051,4.657338769854572,6.0819216616444125,2.5930179585482876e+42,42.413805524576816,42.93550084232195,1411.2982642785937,377.37203442987163,33.40380552457682,-7.377183466693568
51657,primer-cosmos-west,150.11024715996857,2.4022096081685143,0.0276605606007943,0.0051459656013414,-99.0,-99.0,0.035932389331003,0.0049268511610259,,,0.0394592775592009,0.0134790174065411,0.0454366493779252,0.0247066062739811,0.0518810755272919,0.0040212762177979,,,0.0368551941480621,0.0111193224700763,0.0644518891645578,0.0033539092636682,,,0.2890078798618385,0.0026453277474637,0.7079576702129073,0.0029161684047569,0.4885592461050128,0.0043117720983444,0.0067035234789929,0.0026097143282642,0.5143188459755925,0.0035433510428741,-99.0,-99.0,-0.0023077845288364,0.0070431827423381,,,0.026588938639747,0.0060447493063729,-99.0,-99.0,-99.0,-99.0,,,,,,,,,,,,,,,,,,,,,,,,,,,4.7941256,4.773656,5.686648,1.4,0.2874853422621602,45.05871301605328,0.2955799263233198,-18.177887340483117,0.2490481883447763,0.2699450528621673,0.3122709840536117,0.4439537405967712,69.21896981114942,80.07213167615052,113.8380579384256,Weak,2.2,0.2,0.1449,0.33,3859.09,0.072,9.91,Support,1.032784150196716e-14,3.44,6.25,3.8,NIRSpec (F100LP+G140H/F170LP+G235H),9.37,0.3,M_UV_relation,0,32.1219845265619,1351844778.7376122,0.012217436868457878,0.0004689322264674132,23.79975972611025,5.56303721914736,12.415545826501365,5.5746339661725496e+42,42.74621635651884,43.41049605930299,1017.9323522745418,92.85549547803062,33.376216356518846,-7.732405251374221
