id,z,logMstar,F444W_mag,AV,EW_Ha,EW_OIIIHb,r_eff_max_kpc,SB_F444W_min,logSigma_Mstar_min
5203291,5.15,8.05,28.5,1.88,1173.0,434,0.509,24.271854083574677,2.64
1207412,5.21,8.03,27.5,1.11,1327.0,843,0.506,23.271854083574677,2.62
2228428,5.99,8.1,28.2,1.59,1492.0,2278,0.47,23.971854083574677,2.76
2209729,6.02,8.16,27.6,1.19,1006.0,2116,0.469,23.37185408357468,2.82
3112462,6.03,8.11,28.0,2.64,572.0,272,0.468,23.771854083574677,2.77
2210928,6.79,8.25,28.7,1.02,,1398,0.438,24.471854083574677,2.97
2113181,8.18,7.96,27.8,0.97,,1457,0.39,23.571854083574678,2.78
3204679,8.41,8.16,28.7,2.22,,1080,0.384,24.471854083574677,2.99
2213303,8.63,8.36,28.5,2.05,,983,0.377,24.271854083574677,3.21
